income_volatility,income_trend_score,expense_burden,buffer_coverage,debt_service_burden,income_gap_ratio,payment_frequency_variance,essential_spend_ratio,risk_label
0.5020361449199878,0.4392845270508321,0.735269289746653,0.6900528953228499,0.4259482217330298,0.18286161805240703,0.5991693531437732,0.794914429843134,HIGH
0.6804829415486077,-0.1882641463034047,1.0454720536400564,1.0851568471001114,0.49782068199221713,0.5162055173727073,0.5600507109085394,0.8325423157267112,HIGH
0.44093173927371304,-0.45820707711927217,1.358240101856216,1.1230062816916202,0.24670892042595455,0.8075902715420357,1.2128462620094214,0.8045788518751641,HIGH
0.3948169014002641,-0.19904666696579656,1.052189766822175,0.3344560153202121,0.6288317832683301,0.07983097130707269,0.6710007748281644,0.657680048185477,HIGH
0.739021279093176,-1.0,0.8976156322072344,0.7392684431967191,0.2306867869182892,0.19165502212606533,0.18897849688942933,0.5305091827579645,HIGH
0.4208096498617217,-0.0707228022030829,0.775488408512858,0.8989013994834044,1.1313658832344122,0.5270286181580225,0.9791413230571199,0.9000590771366866,HIGH
0.5630412189537715,-0.09145006027466661,1.2301095973196756,1.6730288567069689,0.06625937662938207,0.1493790221432594,0.2627345137378776,0.790673865376678,HIGH
0.5254766635904979,0.3263919535501464,0.7124697986061477,1.7964408594270387,0.22816478244057153,0.2593399445876679,0.16025861657560883,0.6788838083833618,HIGH
0.7385792619897411,-0.8122480697530193,0.8998390656266808,0.256935980947397,0.05839336378193554,0.10230316605690128,0.08878103190145847,0.7151541854835542,HIGH
0.3454129211166493,0.46798387156269006,1.0622793021866443,0.797615835908428,0.5354843576506794,0.6108395602810905,0.8078300733717885,0.6710528526815553,HIGH
0.9109401249999252,0.3246517038990155,0.6317398917696255,0.4725781336152713,0.40725804652896463,0.28439268788826133,0.48414226535936267,0.6333658245335545,HIGH
0.2814235879677324,0.5058582967534383,0.24788252891654244,1.0672763070421594,0.34151112466907085,0.3943448203326828,0.4890573588204851,0.49857820987830165,HIGH
0.588636734662,-0.04214297792173771,0.7462052836630433,2.0,0.5372460109376512,0.2268340824661528,1.0145239827852632,0.694101177571988,HIGH
0.5419924729176216,0.40583667032315723,0.9351921281896572,1.5411102926078615,0.437114241218318,0.20835112077724185,0.7562591229920986,0.7911759351731171,HIGH
0.2613533595851656,-0.6379224946609001,0.739261320588384,1.1355945615713616,0.39606686642559974,0.6948914423440463,0.8430977135123979,0.882572885304807,HIGH
0.6228179388650642,0.27947997738590385,1.5035310324451463,1.365999153921196,0.6247893656787618,0.4940868305034011,0.05581351461873405,0.7518606616833646,HIGH
0.36572320659904506,-0.34388836008197704,0.8783179394750551,2.0,0.06839585747075864,0.06594007341583398,0.48200941150735555,0.7530240517019464,HIGH
0.1950664639328313,-0.7135887696176332,0.9866838282815267,1.4477797466144087,0.646736889589949,0.6734211442868935,1.094558192203934,0.7678732290972785,HIGH
0.6773100841338986,-0.4921390176290315,1.0096773534061345,0.30032121608808726,0.3300113261231525,0.03173560526418721,0.38690101109302577,0.9027463233521338,HIGH
0.13579287798796014,-0.01767692177570636,0.25622411262323974,2.0,0.7144710869295867,0.545385622561459,0.15288154133492463,0.5549232838392016,HIGH
0.2272021255346656,-0.36620566745139344,0.2783305536666432,0.8574616835018548,0.738026198970681,0.20549322960389332,1.0241416339179301,0.48429158900374397,HIGH
0.4372539608777427,0.13795088331223598,1.301824523252922,1.0369853287558948,0.3845455465420439,0.11896330316100454,0.10564268762542241,0.7216477657144001,HIGH
0.7353097487906756,-0.7794597731016872,0.8503615652263857,1.7950171233480356,0.12212484075570691,0.22765131230873412,0.4535697727192892,0.7146845262886807,HIGH
0.6493821634670786,-0.9133809683186619,0.757037086961208,2.0,0.10299225529332792,0.25439176999523755,0.41636106992705396,0.8037979612702453,HIGH
0.49643397199705547,0.5564027223403019,0.6612776233001713,0.5638101970316346,0.08705243736601118,0.26820204600074654,0.07622480648858944,0.9173867287752767,HIGH
0.09707801307143979,0.3595960543486024,0.5760636109587047,1.7290147906787379,0.6990747995570499,0.44697186281990126,0.7844040046005902,0.6481476602779684,HIGH
0.2712438435673268,-0.46070467108379914,1.28450738936734,0.5362583253072739,0.5515986571712291,0.19384974005017222,0.6855765179106402,0.7228423126515687,HIGH
0.3206631369986782,-0.021259850257626597,1.2534893149456596,0.9761701222305617,0.20448397795354312,0.37393156011698214,0.29981038548602046,0.9076221767017992,HIGH
0.187235995603522,0.408192965284556,0.5952678017214967,0.21558238354968928,0.3074656385065473,0.44314313092378577,1.3672478134046788,0.771578292849309,HIGH
0.07233075756501867,0.1560642554820543,0.8772089481189826,0.5387425605597215,0.20924106685683924,0.09418589551129335,0.09320223420843955,0.45418173555829705,HIGH
0.4525759608658406,0.04225370039706093,1.229024816482174,0.9408263862119395,0.31589359147322293,0.8457005615305372,0.04925645912227985,0.5647784591513012,HIGH
0.6633100756967693,0.43996471415129074,0.759996710213143,1.1794367123309257,0.7096525773409836,0.6381849519353211,0.5574451255066601,0.8929938135903143,HIGH
0.3013882291813887,-0.32689923958451256,0.45617125518684853,1.1325251003190533,0.2748234167677102,0.5163235859993285,0.21726441197635152,0.5702674071696282,HIGH
0.7290725017719744,-0.006905051560855947,0.8782260766094667,1.5812537425750002,0.27806570771317746,0.051541659492852054,0.46853206128990704,0.7653632953645253,HIGH
0.12063906313922795,-0.02749642808280449,0.5528773209289831,0.6039271671570281,0.04005600994623646,0.04401168942726768,1.1262166216981897,0.8387379715694796,HIGH
0.1773975958786202,-0.13456006002183787,1.2519296176646213,0.7469570998890334,0.646564939635128,1.0129052658946454,0.14351780990375904,0.9517199853534197,HIGH
0.44577169999467287,-0.18371831479671585,1.2421903720386618,0.7747594776511227,0.42621762660572887,0.1036500806732475,1.0328847011276916,0.6035222778974733,HIGH
0.28168719135887565,0.01060465988796611,1.0035115141489837,0.6396096656161244,0.3117166642148258,0.38677560670346917,0.15487608014596813,0.9865499739322887,HIGH
0.6268269120498999,-0.005548851686078436,0.9334083932448987,0.38750187064499836,0.7402496540770357,0.2338383794448506,0.3489772276054191,0.8551430185077137,HIGH
0.5588743121930938,-0.46033960986450084,0.7416349141787657,0.8618040453318524,0.5360268324450156,0.7993916275358431,1.1879405902166706,0.6481661346737995,HIGH
0.29772704207682643,0.3167542821581879,1.4570041467286694,1.4089013784192517,0.17562236717957203,0.7485965609864614,0.7964200813778209,0.5551494833990714,HIGH
0.1321107484086825,-0.4300817872618285,0.207214189185881,1.021804960717619,0.23467906838664124,0.4112162816797985,0.23241605279644878,0.630878318192682,HIGH
0.2714759595582207,-0.11165804670981304,0.5996583792097591,0.5788520145817555,0.31135915540030423,0.754150147483759,0.6357829228060337,0.830937697291712,HIGH
0.5682083107798228,-0.1440177985424216,0.7272487977251136,0.8742849547183498,0.05254063313534699,0.7694023923252266,0.3271562278325777,0.8201391405611911,HIGH
0.6436093705053593,0.13040351731687067,0.9118459208714016,0.5510799953559037,0.388075519349364,0.08613639291173529,0.365241556703138,0.8934853173506905,HIGH
0.282658100758835,-0.9100236548912798,0.7508906459568419,1.200381008254597,0.722540006738757,0.41213031056464133,0.4191738899230859,0.6284953322075401,HIGH
0.0718893084834285,0.35418212227037243,0.9627745648662518,1.4408811845298262,0.07821021732413252,0.14003139068916487,0.7161118745428035,0.5514170651230137,HIGH
0.1142059170502456,-0.30433594599710895,0.2832015437828829,1.4645526536205615,0.639934763645497,0.09629877465859865,0.5302589949063187,0.7332042224881079,HIGH
0.5370909820667564,0.49238458380636274,0.8501669827841976,0.689228793938194,0.44645170453441835,0.5902170867819709,0.42856074379169207,0.5765335530411931,HIGH
0.29389881519685385,-0.22082926829678481,1.0189615424911374,0.5604953423905378,0.3788977756090834,0.3631318102310658,0.43945055382728554,0.6441820035446137,HIGH
0.29945822443192244,-0.040514306008284415,0.8304592354218155,1.5812566946395712,0.29627296805033915,0.6105049484664721,0.586261826466461,0.8595743618515832,HIGH
0.17485737476345922,0.7837901368287379,0.4171108383944459,0.6493587257194959,0.6622727368069049,0.04486726440019722,0.5106331688463175,0.6669863468862343,HIGH
0.1719460861705592,-0.13648204769334074,0.6799455452845581,0.8639846271084186,0.19631816954834233,0.24763471586496252,0.31565208852872084,0.9019318683491947,HIGH
0.7209348147873744,0.5003169515628526,0.47698239830485734,1.0142019433330551,0.3318837366234326,0.8061150075975624,0.5990524386233204,0.2905080101229134,HIGH
0.5502636544709887,-0.003601064062884761,0.7990616795289486,0.8124297346674068,0.5136210035071404,0.31245409793396034,0.6792367974923923,0.8178530166400829,HIGH
0.24270635621062464,0.15447590872326564,0.5254003724006259,1.320909474491553,0.10220308448330306,0.4053561802342877,0.61149983430101,0.8414925532732533,HIGH
0.4227673076608421,0.00938260755277729,0.3347053751509066,0.24021167977082128,0.42927671320386634,0.05941305731470544,0.936585898122374,0.968077213632942,HIGH
0.4765098768158381,0.3360976830460521,0.8157211815264739,1.1241643364731084,0.8831248017787069,0.3733806021808845,0.29376942548070073,0.5206415946030183,HIGH
1.1298450618823508,-0.30792327739828157,1.4179596692010425,0.4342457883706412,0.2066443722347255,0.05949358296090754,0.28212719234555783,0.6339536662535146,HIGH
0.15930250991950318,-0.4333003796680579,0.3474217178560829,0.5957778630692178,0.5586603193123525,0.7030557192766077,1.2530979104447983,0.3706578831251796,HIGH
0.4721086741351105,-0.28820199995834916,1.188036744405676,0.9253616116998514,0.30181017868176685,0.3605078075998843,0.2415841978625817,0.5777154241198401,HIGH
0.7185527275324896,0.02187835805611824,0.8774314817563676,0.18538426169524735,0.10127423095036968,0.18594929506307425,0.396102180420245,0.6994081460507767,HIGH
1.0462620039707227,-0.11274388993113836,1.3513246792036557,0.7177850698378643,0.7067933118846379,0.9977499227046962,0.05834756155313417,0.8048374237871273,HIGH
0.23271995964951117,0.2783154481178941,0.3343370542960998,0.6285384021651784,0.2980302529305546,0.6044921653466152,0.15580705276836107,0.8054084124840004,HIGH
0.29097015247654023,0.5279873139250383,0.7434595979051299,0.7474759479165015,0.11410547108126906,0.3688862012850151,0.35100663559000084,0.5961860323741714,HIGH
0.6308318860861152,-0.4298521016387036,1.1471085199404358,0.6022091814606917,0.7099666694137508,0.39794827242235864,0.33604793616177975,0.8315606572168934,HIGH
0.09544169511006782,-0.32825849247785166,1.1257945022536164,0.8681318734666956,0.9351164660415963,0.15776907019700237,0.40806005237383935,0.7657568266593237,HIGH
0.5052141619499985,-0.6232205556913987,0.9762321466647975,0.5353879072669064,0.7527540948899469,1.0432421049275178,1.4614690211245367,0.8156058290738264,HIGH
1.392431944968386,0.8327566561188237,0.674137200327436,0.7897345476743326,0.29590227523384066,0.1785587301745171,0.08349584404009956,0.32804798023883147,HIGH
0.542628898921687,0.10796118963116726,1.405491961194709,0.9238008879070115,0.3348677602007253,0.15856813002663886,0.4846850753923718,0.8530480092740713,HIGH
0.036330578892091445,0.18151697442166265,0.8926421670196305,1.6197287108306804,0.5989909788097588,0.35303000248981753,0.44197794256740114,0.7796010943988624,HIGH
0.1972901357361227,-0.5828875217130403,1.1379812526077735,1.8591684283959602,0.4758965274845781,0.3642310760713993,1.6242624487945154,0.5764742328899853,HIGH
0.2387427378727391,-0.020491395382887346,1.2567166547120976,0.2597494885431089,0.49897067108323745,0.35747980659222006,0.8769402353092784,0.7825224300231014,HIGH
0.8295270891797811,0.19388415345349583,0.8846176253478937,1.7037718447120662,0.16173746793962637,0.7177316436036167,0.33002315785483965,0.9207857719091254,HIGH
0.35283450790390825,-0.12615823002445847,1.1746537556766365,0.3854436170535736,0.25905497960984913,0.23677600148753916,1.2321704791861359,0.7138469135508393,HIGH
0.07314492861811764,0.4317963624270857,0.8003246071771065,0.7945428486086945,0.3478728216342308,0.03576942446275403,0.3073300295057636,0.6309316934484764,HIGH
0.38356641998833,0.9509690727699884,1.1516009159198952,0.19827418469187677,0.0612346901661596,0.745310173256893,0.9298401268219434,0.8827936572604578,HIGH
0.4417370232896671,-0.41776638737945976,0.20212199672105594,0.11324295290053177,0.37224300811777544,0.5403550839869279,1.3647632101628526,0.8617099062479452,HIGH
0.26438557396504714,-0.44927664331021266,1.4650071768675221,2.0,0.2552953219744222,0.5130860815106109,0.5313311756886167,0.8767491288361617,HIGH
0.1692959360500896,-0.3886575475220022,0.3229208854708144,0.8102395304695323,0.6964597507652965,1.0729186460883982,0.19068396428325565,0.8490201333297213,HIGH
1.4883063945283928,0.654603647206926,0.7129325995437562,0.6844495519261508,0.9125917284426897,0.25111147088502234,0.07539402768500439,0.8926754618325248,HIGH
0.7201004764162383,0.4177892331524674,1.5244877322478723,1.0017077960971488,0.1736053521531075,0.489529856828333,0.5467679838265432,0.7275156292651396,HIGH
0.7636299955884396,-0.07692168347333236,0.49685756586928315,0.6966797766666256,0.4793392036718247,0.09237986607458913,0.902837970376817,0.9419168529464361,HIGH
0.3534038955073829,-0.004644940951632804,1.3268683493265399,1.4291285966747005,0.13308278641366153,0.7010727036507872,2.0,0.7868556352763225,HIGH
0.22948823905599494,-0.362948323002623,0.6366514157067399,0.9622356003072184,0.261444317930294,0.25257005566382973,1.142206923065827,0.7897109391939519,HIGH
0.27494082200636444,0.3538114062521373,0.49867387235454563,1.2756850344428348,0.33642888809427696,0.0789044742341861,0.5020735378265109,0.8984904951561875,HIGH
0.12032563713815639,-0.17955876612559254,0.8385099337272,0.43796025329623306,0.20861271255006902,0.31300003649749986,0.18107199371660648,0.7296095937852183,HIGH
1.1158568200603047,-0.12923214657109972,0.8202074142728147,0.22637297942308754,0.28595501916903826,0.5534818490956215,0.4383404656509307,0.40398360551740203,HIGH
0.3643557659340183,0.23569170404228787,0.7537836627800176,1.5394532680429536,0.18752426458608099,0.5143093656561487,1.4483116721616347,0.5233647538828495,HIGH
0.956438576380692,-0.0989578739949529,1.5138298123314253,1.0322658058326002,0.16597837328544585,0.24333138999726708,1.8273302345081759,0.5675952663002976,HIGH
0.2857099805113324,-0.11868571726909548,0.2238770255942797,0.30087425365223275,0.9157113209381121,0.6727134170753506,0.3043918421731231,0.9057405442765879,HIGH
0.5480945843996098,-0.01555841367778847,0.7484365078280758,0.3054292253589973,0.35407579909053105,0.49152177026998406,0.4061536180011793,0.6996578753251094,HIGH
0.4595014614968803,0.31404927379309217,0.35558397975628214,0.8817815738282168,0.5305917958986074,0.26898357340468493,1.289469998809052,0.8197947351047066,HIGH
0.10820686797699758,0.6715270917032099,1.0675148480435817,1.2082415658231205,0.11205284270135295,0.41604151973212833,1.2364624206143582,0.7206476321114844,HIGH
1.2070001660747687,0.22590421754335444,0.4206544751228306,0.38305892992891755,0.3459552022996102,0.8301677049013079,0.3160748615700461,0.8284362444570308,HIGH
0.29263295557168034,0.3173919739221921,1.1479849084334894,2.0,0.08445562976633925,0.3930798773640205,0.8217660160297754,0.6192959455119954,HIGH
0.1456968852372305,-0.10393870608247224,1.2090523423048078,1.317436684478788,0.743875115796859,0.528415721926377,0.3329516210982923,0.6856204483182838,HIGH
0.6342703006483722,-0.3172751025308611,0.5580667413242121,1.6126507065643454,0.605115806396148,0.17889335044208682,1.0658306892339227,0.9075740214326765,HIGH
0.3984151453956884,0.2546742175387483,1.055875858179378,0.8655877627541343,0.10547572676152382,0.07936917994267405,0.4978153209948085,0.4536076125833535,HIGH
0.5139750441733993,0.05192114633223996,0.5780584184770278,0.8137077876123029,0.29360887541953246,0.7563197842247091,0.3752548042958583,0.5845223818478555,HIGH
0.42872827478278647,-0.6175040324748947,0.23412209708337212,0.27707498978546685,0.3360163026138171,0.8367802063169087,0.875555653750735,0.5989954077291975,HIGH
0.04170116617129747,-0.15778924183875115,0.3549923289070228,0.44120569835996937,0.12662973234298464,0.6005566207384913,0.5266511499608645,0.7661639685071482,HIGH
0.19148943066807636,-0.0548167498622525,0.432163942663799,0.7408949074611841,0.32406488889862695,0.05804957781538107,0.8594024151327838,0.4748830232090111,HIGH
0.18494391787281408,-0.23439230415196105,0.8332726374126788,1.0512610518905103,0.7862974779360534,0.13337021365255705,0.2027675275462447,0.798106539655962,HIGH
0.7561824062766005,0.6023289497076935,1.2554933403478379,0.9227018428902193,0.3298067910745885,0.844740248941112,0.24347098719168472,0.6186904316803132,HIGH
0.40956608181379806,0.18153239549893102,0.4766081461711021,0.1358364908422708,0.5523358539764271,0.1689469484569443,0.46409332892344324,0.7811412800654337,HIGH
0.5712549764532552,0.5567334655132321,1.1062877839401823,0.36505477284781374,0.4245349039431253,0.5509415791187521,0.26717925679272103,0.7581712147536382,HIGH
0.30682153777188015,0.09063860989390701,0.19268716684004314,0.9656688449156786,0.37531099789066874,0.8687196270193326,0.35090606172848715,0.26565306361992697,HIGH
0.590967303766635,0.014182891298532636,1.1738336913532916,1.0699366881036556,0.07363630166862355,0.020585768100279105,0.47394929227866356,0.50369901760225,HIGH
0.3540125311021299,-0.4133710833963047,0.6165603424902533,0.5941574156747537,0.14694200334566454,0.2133855217468,0.2960673243193967,0.9572698373344158,HIGH
0.33457166340362343,-0.014989596057441979,0.5677010345676661,1.2411353676284649,0.3065581341221568,0.21571578135307806,1.4145415192797057,0.8373087620539602,HIGH
0.4572414113935244,-0.01451735121631512,0.7156735045189979,1.2285428979620552,0.246779677144097,0.265680617006561,0.2521653828321127,0.5984286472158006,HIGH
0.4286974072060176,-0.5941878312943779,0.8755762586638282,2.0,0.8999668742570601,0.1299389640054479,0.4531772759493581,0.25156096325574867,HIGH
1.7968794079255515,-0.24660153730356585,0.8341326437950585,0.817684832368643,0.5132665929193737,0.3097377903239637,0.4610973803484836,0.844651636468419,HIGH
0.18959712875856055,-0.15577869137687217,0.4344849231446278,0.5768781992459471,0.15004771275427034,0.6144772548473831,0.5444191230734582,0.6461965434293693,HIGH
0.0963221683271107,0.153661408503403,0.8222427774089245,0.3850742819839487,0.7576058631413604,0.64213901098893,0.3749191341800684,0.6000683346141101,HIGH
0.5059716038748062,0.1737670470339966,0.4641030867156042,0.24525555175101182,0.5493913468513538,0.5299159446572044,0.9298061162897563,0.7934781825330596,HIGH
0.21395826630831644,-0.264153762425386,0.24182896871301143,1.1933780756252925,0.04932632494341149,0.3781381840598117,0.9714227327722278,0.6621874674705558,HIGH
0.035384634097358876,0.17692523306759164,0.7846630615944185,1.103917947605455,0.33655000041391475,0.5644647731093242,0.30402889827894425,0.6219132960580006,HIGH
0.15286421401295203,-0.09647315032637714,0.7904006597418027,0.27497502223722387,0.8249687889163996,0.9944354477303337,1.0257742114437616,0.91439514205183,HIGH
1.5505869990999988,-1.0,0.29097524119166507,1.198852831346816,0.11609158257717905,0.7898383484259677,0.29189681320315436,0.7284999226779276,HIGH
0.18518330485756607,-0.22357485341964775,0.6091919010675328,0.8995643472108948,0.2946095838093005,0.830511844922028,0.4546694670740954,0.6732394763529446,HIGH
0.06516452978784709,0.4331752288597989,0.20377788435028774,0.6447197475702436,0.8226226321090307,1.0749073941082985,0.496112780053126,0.6558597451696729,HIGH
1.4888848188915071,-0.7263584177836254,1.2796504961063073,0.1240618305550464,0.5151863952624475,0.8025291431641789,0.27908038771175947,0.5822664642293198,HIGH
0.14732427236497833,0.02733030417452689,0.3659865573060532,1.0963037804740514,0.2363936246312225,0.6421673575001698,0.12640344107678197,0.787091535503643,HIGH
2.0,0.6458097099578205,0.700223088533217,2.0,0.18832654003897864,0.16800073701711254,0.5423542637252566,0.6280661549348909,HIGH
0.29640698428574475,-0.3394574402644019,0.7042367875905174,0.4277619567764498,0.8857910607716101,0.11841484419293136,0.1855116522831864,0.7070791576137598,HIGH
1.2102587203806894,-0.01909738622037194,1.3159501655841805,0.900716060892871,0.055305810503067515,0.2753811451872569,1.3372779593485602,0.9409173114819619,HIGH
0.3287147357133699,-0.5676868280357269,0.14173232191177476,1.1574489642318386,0.6640575333896582,0.584409592916253,0.3364465206860959,0.9163758478522215,HIGH
0.5503948997447669,0.6634370794987002,1.4381740609290243,0.06961596608815523,0.31207795889556705,0.571759594197359,0.8419929775026819,0.886375671504375,HIGH
0.3599526566521663,-0.054999703338577996,1.1481380405651018,0.3715168518937099,0.5358844899531876,0.20972984959074756,0.8037172895231408,0.7935889202311064,HIGH
0.3306496769850546,-0.0004167260265123783,0.8117614383919519,0.21027996980326347,0.4519633674482963,0.15070206207808012,0.2768577899424421,0.9627986459988198,HIGH
0.4763336048562304,0.5488061955123613,0.8795085947095793,2.0,0.3287595901008522,0.1645306075490408,0.34403276879606165,0.5205151182998332,HIGH
0.5646106498567418,0.25782092575110205,0.7681671409194588,0.06496091908688191,0.29651809614790225,0.7291045381449897,0.341268370471938,0.828985397150032,HIGH
0.45011653153623493,-0.3877640676486307,0.3372788997653942,0.6425125241494262,0.7189068896449656,0.23181324822596808,0.599283653153058,0.739254488467263,HIGH
0.41669665545602186,-0.2918567281166727,0.8509101354702574,0.9747652390078053,0.7466335054030343,0.42155257288504566,2.0,0.7777043060603247,HIGH
0.21549845444848761,0.18787114789978543,0.9485790464320014,0.4248162115095499,0.09171986199994614,0.19399133538096586,0.578455182989533,0.2709212029746669,HIGH
0.37060768464493277,-0.2821308431264348,1.0645803528946278,0.08324943243613783,0.6911985664793456,0.30829609573295613,0.3229757664827422,0.7740374292163478,HIGH
1.1123384067310067,-0.9092421910906213,1.3863053893131436,0.6632393023215963,0.368546930071604,0.20795332507174785,0.6155796057235507,0.6566578101110527,HIGH
0.20709677005796598,-0.042361135428412675,0.37023162233455664,0.41896177612625624,0.4359838806175869,0.5622409712723051,0.18637322717613478,0.5971516287518571,HIGH
0.4864956671866801,-0.64168931767242,1.0425255984763064,1.0522887327256807,0.4188784799997689,0.4593033793403731,0.2538211489919249,0.9318564716151816,HIGH
0.8942041643933121,0.6588383364967648,1.506464921250349,1.331361440534347,0.3011694295551178,0.16474301155242993,1.3518394168195138,0.7656570137124175,HIGH
0.567972149623675,0.054250807860524136,0.6723303568209908,0.2768981104794573,0.30434072526892253,0.6567139279242828,0.40410686954822234,0.4693444232502054,HIGH
0.7616602803512332,-0.4001735238323017,1.250835325103364,0.45626094299758896,0.043066428022915396,0.04743900200365428,0.24436289212679893,0.7454296401450182,HIGH
0.14516262050622164,-0.31342561415823056,1.543352702420118,0.47560364042665026,0.677750036900443,0.5844738660958186,0.15887406711275728,0.9422610593234424,HIGH
0.48739980949593475,-0.8135469869070465,1.2671284828721117,1.3180898007471773,0.19948102680352006,0.3585423372240231,0.4696531944919989,0.9135051284222353,HIGH
0.3161314635134299,-0.48177399244781155,1.2012697907591794,0.8290911052723864,0.5272089010081195,0.48190454156450935,0.1695034025266206,0.1966783543687634,HIGH
0.32689691687740874,0.4068557450670936,0.9230907255220671,0.287308246790089,0.2684886683634504,0.4818257910716185,1.0790088414521204,0.9815304632901006,HIGH
1.0510861905770204,0.9173501811068043,0.7367385891310633,1.6111095298523856,0.0637533340486339,0.17803698874824925,0.8014640914023602,0.7186762754451171,HIGH
0.33101098951312374,0.28508653554356256,0.9509533102326525,0.42374933162977785,0.6315559041871549,0.28936435955339884,0.31002187423315547,0.8675177321816641,HIGH
0.4988979336684555,-0.058657866220832244,1.292561688911133,0.5230234395550254,0.5138032352420371,0.23559714845109148,1.5563928640818165,0.7429243792290171,HIGH
0.06525760568090051,-0.20142293777464496,0.9633928037755408,0.35123538594612774,0.2271808698991664,0.07505338003138155,0.3415637790632112,0.6527603378195239,HIGH
1.2093855823126383,-0.4217282417020721,0.7645333381336988,0.8760345548165636,0.396273065526213,0.07284936022096841,0.40365972733323413,0.7110883845977579,HIGH
0.7317814082995794,0.845101677722691,0.8987819413750474,0.5937809910811259,0.9416522091547922,0.08463199996098948,0.25871706845981407,0.7871034011913646,HIGH
0.3812986125269884,-0.09927445478303745,1.0611106339774565,1.9357526725277003,0.10146361943502025,0.2901908850596849,0.7539072920754567,0.6194952535957035,HIGH
0.30506382268362603,0.8685645286262518,0.5181071082303644,0.8373669101968835,0.49103700313307974,0.42205619036991526,0.18626127056572797,0.18168407944202022,HIGH
0.6090500347038106,0.5652781940362256,0.45110427197469694,0.3703131074030399,0.13120068312732,0.30193590204063514,0.32246582581741806,0.6716357128665239,HIGH
0.8869501315997116,-0.7511345011654349,0.9475102435529817,0.7713765038250704,0.029259447654372658,0.710055065639536,0.28371033521149425,0.7891722612263266,HIGH
1.2201615195049256,-0.2997000062189025,1.0635150003084393,2.0,0.17968438027028566,0.5817334555358192,0.5759302229743513,0.7750513440029492,HIGH
0.7152962757803565,-0.3009989521530054,0.14194171504322753,0.2574081027357134,0.15418556861919208,0.618247068077515,0.14158221599341195,0.3857216255245515,HIGH
0.4209747635907675,-0.053535472924410576,1.161137400024942,1.095541625770174,0.6952148450539628,0.1388687532293414,0.4334505695602532,0.8559764517253078,HIGH
0.7916258606323144,-0.04533198630777646,0.5971623672712212,0.1260919480520158,0.22833240625997903,0.8727039944712811,1.0768128449142385,0.8186842414947582,HIGH
0.6946652130605349,1.0,1.09008446059404,1.8458101175197628,0.28158679588388685,0.565263402767202,0.1652701103871618,0.9525683151089962,HIGH
0.4222107411894694,-0.47243570727939865,0.6205354401082942,0.5340505744392066,0.3073042524333818,0.11659524451297702,0.7845384051172054,0.726935446129917,HIGH
0.6806674320916731,0.07616737297904379,0.9055781042111557,0.3613101301489963,0.39923349404124675,0.19180212436806895,0.900742721227271,0.8576420000559994,HIGH
0.6718318253178696,0.23893325183647732,1.0491392789449183,2.0,0.6279716883986788,0.7055543983735998,0.4172322298945372,0.9360299467638118,HIGH
0.3796118697944283,-0.020660241877062398,0.7783834319742268,0.7332780069729307,0.09643358255653509,0.06334930165853447,0.05476080480671292,0.5665128951438032,HIGH
0.2599474309107887,0.02627584266817037,1.016992161049289,0.7547721149193892,0.5659211085792885,0.539755789001969,0.762048679412184,0.8910035171223514,HIGH
0.6318327311533162,-0.4588197356087666,0.3432645211795394,0.5405532392124031,0.5632758669510444,0.39510529776383163,1.0525783727670501,0.830465295275724,HIGH
0.1609484407385546,0.024724201733126342,0.5935296355773518,0.5596921501670901,0.6130364340082533,0.5415002473486419,1.4741739528537579,0.7542941718646317,HIGH
0.12906690465915643,0.1947875783932362,0.5985859064804142,0.11149529531820064,0.5543262017308582,0.5206939175906903,0.5102165714362913,0.7652955236650222,HIGH
0.5046697266643315,0.11759224539387399,0.5978937700350433,1.0840408369481582,0.07194733008857897,0.040672549777836985,0.091995266417519,0.818014264831236,HIGH
0.6198184189398264,0.2194843796430784,0.5865499046844743,0.21170764086921548,0.46185896113510827,0.7512499170664426,0.7528886247773199,0.5497635408441672,HIGH
0.501909850098185,0.5732953182672174,1.3462490386745383,1.4635645081948663,0.5596941916786266,0.4150563201401893,0.10905713478435507,0.6228911803960481,HIGH
0.5424318067305478,0.37352594760402347,0.2991082599794082,0.3039733692591108,0.4372347111464894,0.6439358477099306,0.6743357367438958,0.8098479742708481,HIGH
0.6124398739363341,0.009943737668923522,1.1123730955208015,0.8078951461348756,0.04565660345122286,0.07003128687099043,0.846043110868823,0.724082232803263,HIGH
1.053718073648806,-0.5121385077909767,0.8143762293608942,0.46968292452831856,0.13058303387662937,0.2600229087623528,1.0992814562303628,0.47658747728258827,HIGH
0.7238184713925597,-0.27200221537867014,0.8077325150120711,0.5404437412967239,0.20803760202134153,0.14440326994100508,0.3276468503110314,0.6544204327006218,HIGH
0.7088227418557805,-0.11224508380531444,1.2246691389808664,0.6272199156681142,0.9123368214701215,0.9115406983234551,0.21134899679883326,0.4505716967287354,HIGH
0.47658014708809704,0.08598524916340787,0.8236914662920175,0.9667183350856396,0.6622547476934957,0.7381073643011515,0.5165503096384243,0.7693808294506234,HIGH
0.4897456673876191,-0.2208997598297459,1.0969657428607782,1.9957790109092144,0.5502258155855747,0.16669447313674604,0.14136309081801218,0.47421102810579635,HIGH
0.35600897903309425,-0.41300794365742766,1.2854439499011734,0.529794976604086,0.34399882571295476,0.4724920151427208,0.3575938151314915,0.4967003257379267,HIGH
0.5309375365428602,-0.5190434494305416,0.6201805478521789,0.08933928729104539,0.6310364745444215,0.06062609305190134,0.2787489524699992,0.9450980162470238,HIGH
0.15349790384136722,-0.713494658803323,0.864022188107924,1.7144362466230807,0.5901614092802746,0.16370074590439637,0.9600834143610064,0.7893122818849582,HIGH
1.0569756994695703,-0.11867929558531892,0.2645500931766571,1.2025695226835975,0.4828026236132772,0.6940102392055612,1.2746856179693336,0.9050575269861993,HIGH
0.1954950848630892,-0.6372594856695281,0.4649477376925199,0.29321475582895246,0.8615518189953774,0.036943427886590406,0.7146178606215629,0.7601697817002769,HIGH
0.7228072850556224,-0.4402207873461047,0.5206202955578882,0.24653753735065648,0.6373389544025243,0.34681376575826334,0.878308607479527,0.6788016888090584,HIGH
0.9692149506156981,-0.18543878659460702,1.1464122928329303,0.9986548088584053,0.6748799359616934,0.33669782197423354,0.5193571597155995,0.6216938489067276,HIGH
0.7216288216768176,-0.5810852699444022,0.30339030246704735,0.8766024650620864,0.3310245428401639,0.8293823002656233,0.4884246640631139,0.24258688683349325,HIGH
1.6414660654089264,0.13949591916945273,0.9731673832862701,2.0,1.0125742255869772,0.25302029189526726,0.112786230635716,0.45222914210797904,HIGH
0.044985481051536165,0.2908936867143886,1.2501398782313786,1.0917273080401126,1.0728204986238417,1.1395000032217184,0.6251262776186701,0.5758817679479062,HIGH
0.27428593681206126,-0.2507593483056674,0.5753667148818083,0.44499671206954816,0.22702393813044797,0.2561331769011998,0.8373012764998714,0.5771721084555023,HIGH
0.958406146830602,-0.2035514691962007,0.4736800255375115,0.3631380914456328,0.0417570637237634,0.14223210159930552,0.39168011408950515,0.6349307405233523,HIGH
0.12401986210565571,0.20572050345841253,0.8648808588917369,0.7881754284834646,0.6861970663978929,0.21573677896085333,0.40588689386263915,0.9582204554404892,HIGH
0.20094974038301183,-0.3198779408385652,0.9158517347827032,0.11825364281235903,0.513904180776773,0.14392158914909836,0.060424229773943655,0.3917388871402112,HIGH
0.5853872026763748,-0.348748242870864,0.6437143062782511,0.17219726052917828,0.13192598508008102,0.5021232426704065,0.4142837428244049,0.761432301228505,HIGH
0.41707829308607575,0.48252936083824194,0.9751573032993922,0.26118119538931406,0.08678571133925145,0.6108882499625035,0.9657193004600035,0.7258676565160328,HIGH
0.5598858052912762,0.3513588502593706,1.1833984989925959,0.4354774914777615,0.35624044098576335,0.11737893610821201,0.6017037216017633,0.8722655960820794,HIGH
0.44437958682514106,0.23265100098444622,0.7121301029720266,0.7243187100988228,0.22986007210981346,0.5714278361818618,0.4521332068206103,0.5597286753475949,HIGH
0.4753044898106942,0.368770740985519,0.25599494016193813,1.1433920788583865,0.36668753219036904,0.12088185291490137,0.1778556389870821,0.9261233465784285,HIGH
0.21898085205729376,-0.8504570646542924,0.6064160529693342,1.7836753359575428,0.6417917341955626,1.0066376963869317,0.3204268373860539,0.40438916941318326,HIGH
0.46411897163028915,0.5486109296531051,0.5149150895084373,1.557596566615117,0.04558453369640142,0.18410982794793637,0.2720779451027532,0.6952779790102759,HIGH
0.28998603231215386,0.14466608896517172,1.2032986089242736,1.3948709672315385,0.02534944829937228,0.2280451882193072,0.1983998790825339,0.6539767957064898,HIGH
0.323157130459036,0.40452818128240864,0.40689243765357336,0.5235499412956017,0.30449024363284677,0.0669331715318371,0.599722168720321,0.8684710275170007,HIGH
0.715995309259818,0.1426079472288723,0.901184618919363,0.3720114023594915,0.2244941196824499,0.5836533409943875,0.33087551939151666,0.507773158315699,HIGH
0.11776578050819213,0.0005484263656655997,0.9427514585783864,0.9839432387542961,0.5356780533600412,0.16965854477344577,0.900559553788922,0.8506630417955369,HIGH
0.02511596162875627,-0.1356298691920629,0.34800739781451095,1.029573277421373,0.11895489803777648,0.362497022090804,0.45584716226562416,0.8654392848874469,HIGH
0.6800338596055144,0.1342006382922063,1.136410769885887,0.28743446465520556,0.46384589961207867,0.6197236819663132,1.5985801703416354,0.8335394195971222,HIGH
0.46446596540989654,-0.1509341217399119,1.194055273236841,0.6248488105983723,0.4543355365277836,1.296620695312885,0.32573146559707017,0.8515250016189142,HIGH
0.9685027622535336,0.3445079620273472,0.7877782060141726,0.34598546465986085,0.65127307616657,0.8156568675588813,1.0608932026314168,0.8534545103296655,HIGH
0.2058212359879493,-0.6863117907119242,0.8886845628337128,0.16533512396525218,0.6880973486466134,0.1703644963091933,1.2149683820629045,0.8719136140033769,HIGH
0.37037278613343344,-0.24746186195359662,0.531539191843225,0.9306506629861407,0.17571972884239506,0.7627436593590812,0.3025065990611959,0.48281365190291986,HIGH
0.4292287704818914,0.8388257643601914,0.89994606568674,1.376008521279356,0.39187895604084244,0.12980163405092518,0.4280042030291215,0.7088203515667795,HIGH
0.2426507557810793,-0.2829537947004048,0.27432763750228906,2.0,0.1581589596273547,0.004908720903673252,0.3523448102049651,0.6971338715206468,MODERATE
0.1831008727754843,-0.12024716368666076,0.943162468962425,0.6627711326114487,0.3223243764451351,0.08052342883895748,0.2895326235756183,0.4430275584380617,HIGH
0.7042145038406676,-0.390683992007032,0.5001106180758926,0.13318094627145544,0.2366272248854367,0.41255863565827877,0.7379429559808449,0.8778889634646919,HIGH
0.10639975588740419,0.12105518261204602,1.3076581296435077,2.0,0.5380647707122654,0.1592340509467359,0.7990718127797457,0.7528087017565985,HIGH
0.1564605983283943,-0.32923125385972185,0.4469341845274061,2.0,0.32994195484293576,1.3266393399030563,0.2679076367072726,0.789311073883045,HIGH
0.36074347407192947,-0.09795659261896104,0.7006535545308116,2.0,0.2919601779114646,0.2888701207817749,0.26371724033294464,0.9041982322852973,HIGH
0.7620690006354947,0.3365239451347296,1.0347988510536759,2.0,0.6051456031678084,0.47695598048426036,0.4666846948722375,0.9559347245315919,HIGH
0.2563331581766525,-0.31348063590222264,0.7683672612471986,0.8906204593268467,0.1455671548594987,0.6371625126802563,0.45552487975934997,0.34579247037526867,HIGH
0.22959616566414365,0.31121667009139276,0.8349417727891623,0.7500361381934147,0.3373878727096066,0.2736411249772985,0.112345514099287,0.7588327776069029,HIGH
0.3441831941235668,0.3253363125353497,0.3674708235468496,1.2773394435962753,1.060959021933647,0.11587132635931921,0.7502434784357517,0.6434218359167382,HIGH
0.5229427923594157,0.4230815597821033,0.762258195344252,0.20059658572761227,0.5466813419992599,0.2274528160474469,0.0964102791821101,0.7781393508454456,HIGH
0.3029144558495915,0.03902721786557692,0.7695113287690852,0.4152205803594796,0.47633180449230483,0.4916926644706064,0.2423210124265243,0.5784021068381155,HIGH
0.8301531431626639,1.0,0.7116303490147773,0.6700870839222756,0.13244043505466715,0.9715936551117837,0.5337724757923042,0.7326988057063382,HIGH
0.8542630609013468,0.4229041525476744,1.181828374839569,1.5973636314122592,0.4498516736079311,0.6267649701684083,0.7428180307360752,0.8591601439688302,HIGH
0.36072875891129225,0.11644860225086713,0.4482281427769708,1.6463313451600405,0.35900914376687676,0.250921710350781,0.22972299427124576,0.7218765004343705,HIGH
1.360148371470659,-0.3878882539143288,0.7229796393863309,0.6997359477229208,0.3103641283285314,0.10075550618298448,0.4179487285023835,0.7360806909525237,HIGH
0.42188435739935787,-0.06076483286713921,0.22083814919584285,0.2220581990730718,0.30167445431325657,0.556861254297296,0.3311216238480551,0.6344344009693863,HIGH
0.8347074752648836,0.5790573302980142,0.6254236896533362,1.3594084254376952,0.17679278581072042,0.08474864660385191,0.022827632669612564,0.5787173878271917,HIGH
0.5123273585541845,0.6980045385630328,0.19264736598094595,0.20679704648354819,0.6845246443813896,0.28543333479628136,0.3435842755050398,0.8258685519653411,HIGH
0.5053569474632146,0.6008982221848962,0.4669140118392704,0.47936560579032017,0.2383281082862556,0.3341801397197569,0.19106353635516618,0.7709175485631101,HIGH
0.08197437957042097,0.3097807688264402,1.2867041319310735,0.8858389231797794,0.038309664503207275,0.08844724495412691,0.45845117630134713,0.660280140972929,HIGH
0.1440692410847701,-0.5473772866441402,0.9837020501750078,0.1829759860915949,0.6112229102200437,0.30448073455065133,0.16572893994959628,0.9040051995406325,HIGH
0.3158612827138626,0.18460796348678143,1.1834431597805881,0.39263236920664535,0.49328290823432674,0.20791531463331384,0.32319551305861005,0.8286614109300326,HIGH
0.8498521720703139,-0.541388998782259,0.6446091894315692,1.5054238319382154,0.6631870185120744,0.4057661974393565,0.41738664810073506,0.8195282846822923,HIGH
0.5176950639496585,-0.6447379012199186,0.7795370908029488,1.2781544582062676,1.1028974573340424,0.42936819189237735,0.4869849079251536,0.7076601417830645,HIGH
0.31820378687156065,0.0804466475224402,1.2039827998122723,0.2522201575652128,0.2502159427540893,0.17820244453282535,0.38480358754062244,0.9389369861608933,HIGH
0.624147371748162,0.19974376785329517,0.6199220864405975,0.9659333529219909,0.05598497111842657,0.4494505520765329,1.0302414909006483,0.6845331350334332,HIGH
0.8284549704762905,0.35941838136193793,0.8003639710547998,0.13054430807088993,0.7228846405473454,0.40319045149126964,0.5597928161059821,0.7826380256960112,HIGH
0.4019673030875746,0.18879722096215945,0.4646330786482224,1.183686807884194,0.26256775026462925,0.0805106432361329,0.7018600707261314,0.8664335167618237,HIGH
0.4731763329484303,0.2032661140119543,1.0010435112568437,0.42469781782187493,0.14529552683768004,0.854556936248355,0.42574616308811136,0.5823978909981021,HIGH
0.42903184356567897,-0.4335540856967981,0.6768391131971186,0.6350855391384156,0.4341124193609945,0.5653851108755494,0.004880893132720268,0.5629821420314999,HIGH
0.3826630565797744,-0.06409020756755987,0.9763045063603836,0.8077858858622422,0.41881852049814655,0.2772095469747328,0.15148216150752103,0.6187949918653993,HIGH
0.2038327030299388,-0.6529890499664849,0.43726892707270054,0.2678417149184988,0.21742047540841322,0.4909473961419599,0.13013692065697902,0.7820839451159667,HIGH
0.18991867905895105,-0.8614150343480822,1.0935155012857418,0.3961658346173846,0.8290382961074834,0.7271339431855866,0.37943542536931335,0.9596994203844422,HIGH
0.6213649557229671,0.2910699381340911,0.44247753053928474,2.0,0.7999407926846566,0.796790739680548,1.1838569934901282,0.5593884638028508,HIGH
0.8392932144941303,-0.33631224539220267,0.14933531045855714,0.5990775970406554,0.32809202942597104,0.1170082396044806,0.540650932842435,0.7399179537923113,HIGH
0.31770264771683165,0.34644937090008243,0.5676625358067878,0.8424852277816874,0.3967650427742556,0.571350084885173,0.8667754515918634,0.5455043890617018,HIGH
0.31178097881980515,0.4455059827096162,1.1781052439938846,0.8529411877019972,0.29784331604171865,0.2746613863085685,0.21145984960848402,0.8255170782493145,HIGH
0.05858960406041819,-0.28011327634174304,0.5297782439515955,1.8166930161345047,0.3379884017959667,0.5428378985410736,0.4870074611092071,0.7521191562929475,HIGH
0.045909290248490255,0.2279306597132256,0.8046171127863949,1.33398496669655,0.35460714157035556,0.4895313670757537,1.0375194417298912,0.8052211038835744,HIGH
0.98885452593114,-0.29768582601772947,0.5619264197324034,0.28185603235528317,0.11033247328375062,0.02399458061750661,0.877229403819305,0.7295795052925631,HIGH
0.21592498338442864,-0.795269127343266,1.067295605939739,1.9742114951628247,0.31970107269914055,0.7225108842114947,0.2841199444491077,0.5400129998527328,HIGH
1.7162429659721323,0.03178994986583253,1.2737001662275103,2.0,0.5830708548925597,0.26180094375560814,0.4255166995903936,0.6301611674322557,HIGH
0.2504661588608186,-0.2177670294806195,0.7175645756277199,0.2801663194558865,0.11875140248352055,0.8238694036336035,0.9180668057813532,0.6406266123482504,HIGH
0.0850943404229402,-0.2048373844465953,0.37859087756887155,0.5686476677542113,0.04988084441479534,0.37676758778762776,0.2643248141010596,0.855114583527227,HIGH
0.43162040705004,0.8096441094951207,0.6602216090910917,0.6866292662422978,0.416643022327543,0.1454746314289062,0.40403702098430255,0.44339856556783863,HIGH
0.6984573867909071,-0.6608599327477221,1.1591657952034657,0.586775210122945,0.04326907033541242,0.12990549543319668,0.06760392623939875,0.948102475832357,HIGH
0.6448613778153385,0.14080587685601784,0.33383884571941885,1.1879234345256635,0.4842273227706936,0.144500509824845,0.8180858131679919,0.7196964255671964,HIGH
0.7476466546206764,-0.43781903960079566,0.7101091651919158,0.6383953264658175,0.33796645844899964,0.7790270499248846,0.7832201750646602,0.7012527758311936,HIGH
0.16841843541071208,0.3614697918922762,0.5264713456642919,0.4855810331534633,0.34586779004546897,0.6185162900688229,0.07966208777586063,0.7173456376791593,HIGH
0.9730341128455334,0.10534111919352761,0.08857592924506864,1.226771820677147,0.3383022434942348,0.20339856877082707,0.40421140490807483,0.6088540540437472,HIGH
1.0116637172692406,0.1393246266558577,0.34958326386243294,0.09279051248180527,0.015061438580867052,0.32383926074421304,0.969713375332533,0.8664544187037592,HIGH
1.0414125901595692,-0.41685363939294917,0.5629405389146818,0.8918048330870875,0.344744194894093,0.10087384547611261,0.17419056024490973,0.9045973843644163,HIGH
0.4854624043383821,-0.34154692358109584,1.1704391560957825,1.0905699642067108,0.11822315775081152,0.09650277041556261,0.5829319713855255,0.7121481221683795,HIGH
0.29805374386775924,0.3694452130852721,0.8049635441137273,1.889973134204403,0.42257274662708577,0.3338826421601144,0.32569726270728466,0.8532539515089257,HIGH
0.2764928145246468,0.7237350431255763,0.709255754508154,0.7959766828233771,0.3748843694595352,0.38608366627900537,0.9586740718393618,0.5848650428296285,HIGH
0.08456536727982797,0.1817292832341586,1.0275026852557423,0.14202797760302682,0.2673332399604543,0.30104057762031977,0.0633387229031923,0.49093818338419554,HIGH
0.25521297175690255,-0.39691670272400176,0.6590369497186062,0.8327574457048506,0.25434857953059337,0.15190661015998883,0.07050517281262393,0.4480920045889589,HIGH
0.02226299675047559,0.12235417943406866,0.27142382027188755,0.1297084928327863,0.508790376027219,0.3667973437692728,0.26084524069939663,0.6437007954841368,HIGH
0.07197482242693376,0.999538258621796,0.5558765722680948,1.0075311218620784,0.848895938812246,0.41795852517750987,0.47503604425810364,0.6149146029723188,HIGH
0.4817481423271436,0.02301758050194291,0.6836599218037992,1.6716585071175174,0.5558456468864897,0.06901379053413821,0.4814102167644889,0.8015653825267487,HIGH
0.3265178445393226,0.5939731609453117,1.0940407250348365,0.7152040676919034,0.467776880808336,0.27437798560803717,0.09118014220753326,0.562804240340443,HIGH
0.4663848132248551,-0.33093833365225905,0.5118632066575509,0.6389949894759446,0.06431901620630652,0.2857971452006171,0.6385970470675819,0.9032686853014447,HIGH
0.6614119318950816,-0.03767614168728245,0.6359553932480648,1.3129769483959948,0.2811767212423685,0.45587535462903056,0.7365354364393125,0.5011272178004365,HIGH
0.5315530159025629,0.24021738657272787,0.665566602782215,0.9805648479009689,0.5743536213312526,0.024195207172235226,0.48343473349759736,0.8684176246824347,HIGH
0.4990501722901969,0.14687788947040292,0.7432697692751544,1.2444702213973735,0.13872440033228634,0.11324500005393294,0.9738651945016188,0.7716524924886101,HIGH
0.3736171409152199,-0.34188324564668754,1.1653334771428328,2.0,0.2428592551841974,0.6914616308134472,0.6731584801843264,0.7826864727254547,HIGH
0.20900640620746563,-0.35999733199485184,0.9312910701003867,0.5126646423905524,0.7594225470524981,0.10007298164282781,0.3211030018439567,0.3576575584388893,HIGH
0.12504109727966703,0.39507944930311656,0.6178358532947109,1.0566577596812285,0.3208713946657103,0.056450165161257976,1.1868573709018353,0.8476989950913126,HIGH
0.2609969671408667,0.4804513413130609,1.1224655069382394,1.9969252002889497,0.8857172757659765,0.5809618890192122,1.3195996991793193,0.827037897107344,HIGH
0.37849771082986144,0.6151002944112064,0.2804810188653941,2.0,1.0332716332330978,0.296050326738394,0.5907212956821737,0.7812363223541109,HIGH
0.4160559490932442,0.7376508029662044,0.5766767485550883,1.1307915104815172,0.6389444020126793,0.42370748423709703,0.216171368170432,0.8286888780224799,HIGH
0.7487610409847382,0.036540163255490504,0.9515148544881472,0.6181937232230017,0.11828457718493227,0.41079979249369214,0.9490580192381861,0.7013262004452127,HIGH
0.3525457710528024,-0.1507036825772692,0.8901900096186639,1.2329335071931664,0.8254849510966662,0.47055029102230844,0.14223460018490475,0.9475922303574433,HIGH
0.5951217785231367,0.5474161942869569,0.5132274309042804,1.251440769148716,0.08596465919892014,0.6885296403285596,0.23025758234575971,0.5884138651433931,HIGH
0.09817050132382142,0.2794890983776664,0.5286150664677602,1.4023440245296424,0.4458443095445632,0.20045710198270833,0.8644251209297699,0.37734519959673907,HIGH
0.48680572934643734,-0.4326312086403884,0.2897470604272779,0.29842461814476534,0.29871823097652783,0.23272293440628217,0.20380388413218084,0.8987284099022087,HIGH
0.46175117462798826,-0.4541269795179428,0.6281555723332582,2.0,0.3108425447467755,0.37801943235246155,1.1153740810467097,0.4996925669032069,HIGH
0.9732592869877306,0.18661068456964983,0.3932006938954091,2.0,0.5077188646258566,0.29345440152736363,0.2147106225310115,0.815551640047523,HIGH
0.3267507003299945,-0.09445535782327984,0.46840313852197535,0.7328420121558352,0.12348516913873611,0.6993541790653904,0.36739640949745617,0.9324842972600053,HIGH
0.3157058389139713,-0.031100580991092967,0.6984563377539987,1.87046368855329,0.6702336968813724,0.6249313006539374,0.3390213150477211,0.5303047702961834,HIGH
0.6646870301504653,0.4304640131782817,1.4481511787063015,0.6938356412706961,0.1866950303631979,0.5717977434260695,0.733225204993233,0.6712716666548699,HIGH
0.13497735040254596,0.298795600893715,0.9195731330333506,2.0,0.3902480941118498,0.33676521551518285,0.7234088720089656,0.8576560257004618,HIGH
0.47747575253114627,0.5385467643357412,0.805240475317183,0.8279323977394865,0.06872832307224352,0.49058889377546405,0.3307951883432731,0.9091115566811426,HIGH
0.12822128473876748,-0.8312451646768139,0.18012926566817214,0.3592888590175336,0.20367908567795354,0.6851743239034968,0.6641367031219171,0.6097119449510979,HIGH
1.2712766230879384,0.08642712523290433,0.6492992114503352,2.0,0.12581341145832198,0.3006766770499242,0.532410291252337,0.6509314067362212,HIGH
0.2825068450592395,0.2717691794068268,1.503171504473237,1.3634169783921501,0.19108403723672346,0.37407892541775084,0.770233932599528,0.7395373930760627,HIGH
0.11989054523941846,-0.6611660598088273,0.6293268090012165,0.6588267938231215,0.26243681882266395,0.22945915715465376,0.6961687087133122,0.9405431890294464,HIGH
0.2594111443871962,-0.2950561693501883,1.0282269836921445,2.0,0.19759586071957036,0.17279359755986137,0.2117939361046591,0.652509702761766,HIGH
0.4796446500684309,-0.373003768178146,0.7054156538541517,1.2425607985963736,0.3595110771739959,0.27200174193938065,1.119866820305385,0.8086467972873639,HIGH
0.581888623055618,-0.010886768154835203,0.9536992248191823,0.5941185455244633,0.03149635235590627,0.045337488201339995,0.0791580474967665,0.7358199068705921,HIGH
0.9390627061068123,0.6636986668515068,1.0129047294341942,2.0,0.42099569395106395,0.4414733671923394,0.36517062620950275,0.7569826367585374,HIGH
0.23339783504262568,0.8294875499592582,1.1521424960531046,1.3981255782448063,0.16938079373121878,0.10860145440401148,0.6659839973782965,0.6272736530838836,HIGH
0.6860062033760057,-0.36200077229077854,0.1044184456018118,0.9991134464547756,0.6459251252773428,0.3669366385763406,0.44725766859424515,0.8182878842593617,HIGH
0.07206085395084275,0.20115404520730115,0.11897046651809233,0.7876422588996889,0.23784276906341525,0.1484658047524078,0.412561298349663,0.7523001696044488,HIGH
0.15749626422127225,0.21469509789977237,0.6345244155900485,0.3469428753493692,0.44019419306078866,0.5517967424587306,0.35883899788080104,0.80365068638258,HIGH
0.10116304043660074,0.14280282403619407,1.271340888360156,0.05088147956035835,0.11777473629432977,0.6866983891824494,0.32287019238049086,0.6936795566287581,HIGH
0.1985193803695163,0.1475714465904783,0.9577552495071484,1.302550837885496,0.5363199110715721,0.05792907252755826,1.0348887305007615,0.46958486476753974,HIGH
0.6644365331158489,0.10757185102955778,0.7914757400863601,0.2830337948478791,0.20702891129647544,0.6777442045754145,0.4180949202412075,0.7553149238326711,HIGH
0.2383300480912557,0.6887794507386963,0.5223202839936858,0.3467487593649058,0.3300461196077895,0.23204551627982878,0.41817494698210644,0.9161750451140487,HIGH
0.27841367470753675,0.4430359360345842,0.7155224649101537,0.6848056648744111,0.4430977449972212,0.18401438135713383,0.2549052974206423,0.9549030649759477,HIGH
0.48923883360275294,-0.46526463699127224,0.3479734987652373,0.6983309538341361,0.7852631434768018,0.09181940720617439,0.7095210690148569,0.6811950424808273,HIGH
0.5644538442237871,0.31420285396983066,1.6453553042701536,0.38990272705857953,0.21851366189854168,0.34488213291194025,0.1341836550801826,0.1673020090552839,HIGH
0.28553396587865537,0.3547968172948099,0.5026690621427751,1.3016735067127732,0.15126937504431678,0.4584772885274134,1.4819629907764043,0.7709545813035921,HIGH
0.1564536195566106,0.11228626060375134,0.3462124792281483,0.15275675242419826,0.3491691779311836,0.3168306770105847,0.21323583416470404,0.9654885639823925,HIGH
1.1355245176164823,0.4551982356111463,0.5369799965943606,1.2833810584595142,0.1796658414029676,0.6812703749301229,0.4127032616068015,0.6892644768260234,HIGH
0.2871130604478791,0.05899109440559561,1.1669919231224672,0.6235917271725514,0.6749739162889073,0.8118318438955566,0.6085144004381867,0.7602969627118085,HIGH
0.3113060001395413,0.0641964428520253,1.082484338677246,0.3723170085438644,0.06611059393408811,0.550747822991552,0.899437554420791,0.5973716682229934,HIGH
0.3439927658340191,0.030921028764358188,1.2539560959238114,0.16950666938085357,0.4158374768851372,0.5928859552414724,0.348518138135187,0.47599558908494577,HIGH
0.6077820998839392,-0.8676625160358609,0.4854826162245676,0.8913886537853403,0.37536696885359877,0.7270716969120726,0.2952288234833794,0.2944913592474954,HIGH
0.09265634099938619,-0.053767325440467084,1.0328774412363486,0.2620156214416235,0.4430665477053081,0.3697421468061357,0.5034630154269957,0.42748233477009767,HIGH
1.432633562279976,-0.3006652412709197,0.7376919423734858,0.22547163855010494,0.30876366509810077,0.3327347913495873,0.26376182709689877,0.8981558940155088,HIGH
0.3043223993479079,-0.518308150840874,0.8991525046606724,1.982198693278041,0.15906217700790823,0.37480314272618953,0.38270348710796936,0.9548000892489369,HIGH
0.6225171942747644,0.5822876795905995,0.2709282567176597,0.2034325244997427,0.20781480901762028,0.14898936534372442,1.2097657209775432,0.7214934366992263,HIGH
0.12132372902887684,0.19176715778447226,0.9806932266687495,0.1494239894584075,0.08913600530206696,0.738801589174635,0.21141563534037142,0.5452775322845519,HIGH
0.45312712891639173,-0.03252905399671008,1.5389331121426792,1.211241731348204,0.3394382981927003,0.7072011828118134,0.04832311667553613,0.8214349229595839,HIGH
1.289125803943635,-0.257217407463019,0.49058822538876246,0.9464722188889875,0.21698223354031232,0.15815851172517403,0.24399184388882356,0.6127052495329416,HIGH
1.171270514215216,0.10439122554407088,0.2813541115132967,0.4816496654850669,0.35781604772782655,0.6480407674721339,0.13241868522805636,0.8753134735726231,HIGH
0.6109399448821762,0.3964031591933555,1.651728300312414,0.3265062892303983,0.22757298247871358,0.12725495370267095,0.689613428328001,0.824211202797168,HIGH
0.1866358943757247,-0.36732565428971514,1.0305639404147295,0.4130561355384167,0.2458145753387424,0.18471814601664083,0.2946005517802323,0.28301481810425694,HIGH
0.9055754450414384,-0.022027916356176205,1.014537636546657,0.4930584312079728,0.5543521796221097,0.2300483827216355,0.9671467332922399,0.8351674777695136,HIGH
0.0714335877985589,0.3445879295174924,1.3479057291096652,1.1128396612573712,0.09431584492731093,0.1333057992294132,0.37576243301403556,0.8188608080826703,HIGH
0.18048378880945284,-0.8331204742153345,1.2273615364806119,0.9076098830022656,0.4381455261790601,0.7968121236665986,0.13511926211016803,0.7392294330728164,HIGH
0.3752497399047182,-0.044179300210269695,0.5287294811672285,0.5686717276104362,0.6359210341474122,0.5085740832843266,0.8853850647924791,0.639045535007826,HIGH
0.07919638916106113,-0.2003023756299662,0.31737745030338566,0.563501064085198,0.10957453974275089,0.08944957079556243,0.2205006366889076,0.5306963111716355,HIGH
0.2589169292169293,-0.07620854025711427,1.2152875799971437,1.2509233697980275,0.2322194195794791,0.5693579400472362,0.047691766704990264,0.8397396595318593,HIGH
0.6957821323679345,-0.2306839936761992,0.4766701897616197,0.3710604153122044,0.3430630201994581,0.3604982715838518,0.5887161407522948,0.64134436344161,HIGH
0.2170784630661268,0.03780233418706415,0.4024510788435865,0.1631448598751469,1.1425363026122726,0.39056260570877366,0.25297977753198425,0.9483138133812197,HIGH
0.7188717445629845,0.7879234325775415,1.3467988038524727,1.8373873478378624,0.03953814471408754,0.7633516025514686,0.6224368963740163,0.8026692539032042,HIGH
1.6854932690627582,-0.1560474390499914,0.4089753589909476,0.5692537043824479,0.037944956422606785,0.3569825859259856,0.7964618597097514,0.44077231859200094,HIGH
0.5325517783688697,0.10251862381952477,0.6511417008567719,2.0,0.8093764434053968,0.23332899459457226,0.5393679033628662,0.8933947719561403,HIGH
0.7101903037711295,0.8177934957318274,1.333689429030727,0.5043617878991954,0.38679401669677393,0.6685307287223274,0.26398065138951454,0.9005532438842796,HIGH
0.9266816588612025,-0.25100654291647323,0.19952526038122959,0.7554285233565609,0.10671897803509092,0.08778571087502773,0.9067834946063446,0.7125026990367681,HIGH
0.2796919587854411,0.742163646550167,1.4290252079098396,0.34411321900912567,0.2135995517125584,0.5274915264925084,0.20199557904120843,0.7750185110393707,HIGH
0.698455409707723,-0.01776433721661496,0.2002611026070275,0.9187521533770701,0.6172877793228038,0.21537883709974787,0.6231575881216223,0.722122727270595,HIGH
0.27401110804409196,0.728396414863269,0.5627474888170881,0.5750652982251286,0.09600572888964197,0.4650936855188103,0.7149579419935026,0.5999183400494978,HIGH
0.5054181492235796,0.295084472477454,0.2918064570568216,0.6328887149197202,0.31550915568548327,0.5364489734170378,0.46666974345482226,0.7537227161116387,HIGH
0.7734371823629965,0.1089855122846171,0.6660761948029427,0.8195912516649162,0.18490549663411016,0.5126135888470083,0.783847320694625,0.5933530877439961,HIGH
0.19463988211738137,-0.04756488639236635,0.7761414065272251,0.5140410647189266,0.1262065880175314,0.06674868195246006,0.5427171784407041,0.8246219267695356,HIGH
0.025770615159665878,-0.2820974047492684,0.3497866885183419,0.8967542467206469,0.1697115233198247,0.5091016857852811,0.5984205256526995,0.8225190550980613,HIGH
0.1781728435713729,0.011832450985028161,0.7220201406216105,0.41845917395343074,0.45604752366645224,0.38359791075469973,0.7858045862249454,0.6385134388131317,HIGH
0.8534275542134244,0.35689181278841015,0.37811572110868424,0.8621612109513566,0.262180718632359,0.5835174936934165,0.5218654164795626,0.6979942271436549,HIGH
0.15807860121438325,-0.025506801018601644,0.7704984127384282,0.13109649604182153,0.575199102291105,0.4416063227345536,0.8499641793596764,0.837951324244376,HIGH
0.8210875753816018,-0.1529815781259802,0.3938383287065334,0.20345085642615077,0.6357200008273218,0.10377179506050195,1.0844767321663007,0.8681806200587459,HIGH
0.17900201575652935,-0.1253286643546646,0.8034614282855227,0.33890280512768095,0.49482504935798394,0.2951409963455895,0.6385087940748303,0.7189889425328069,HIGH
0.33521094391342154,0.39684017770488234,0.31977374196088526,0.2481406871771679,0.3910469757081033,0.4737592962307597,0.798233778767354,0.6663797826724999,HIGH
0.3957865775068536,0.4945678111419394,0.739199418069821,0.2681585190248428,0.4225919348266077,0.7131477564881413,0.468256576255629,0.9298133523624507,HIGH
0.15736812447068002,-0.3002032157827156,0.35755829554680146,1.0642760675200973,0.18023637194622424,0.07555063601270595,1.0974025238561613,0.8626964006605959,HIGH
0.3382069138077675,-0.3008069001279457,0.5483857669942733,0.5879075481916997,0.9015677995407976,0.25500388324625306,0.5730845708515984,0.6976251819243291,HIGH
0.08481644157139033,0.13933074626018718,0.861400894607826,0.5140570398381392,0.44209040488501233,0.1327826207683377,0.7510337968789412,0.6637567568641305,HIGH
0.3008171636152124,0.621563467198047,0.37106033403866534,0.903020211082332,0.4015649024897953,0.6655524811455248,0.13888098939701587,0.8448619471402242,HIGH
0.37093395155290193,0.46131592949127515,0.1186800495952144,0.9548441623216745,0.23859002554788808,0.24507340881499728,0.7073860507979355,0.8770694743090276,HIGH
0.02779413700231197,-0.5457779291155629,0.10223328920664186,0.4659167440825305,0.8400966403910655,0.5333042803611504,0.49761653661180216,0.86621928940877,HIGH
0.1767795191619932,-0.1309119073965821,0.8117324399932296,1.5289646787094076,0.25926658501270305,0.2566405103663915,0.6890142148029706,0.8255666409611545,HIGH
0.49410018096373226,-0.41085349296959517,1.089348138180087,0.615463415519805,0.6317140693167809,0.050207910136732384,0.7384503288118214,0.9408172264485262,HIGH
0.14052621276336238,-0.13235525920440847,1.2697002489929983,1.138186438677811,0.5081808252493587,0.2720720074472311,0.7894165192181053,0.7228695346201425,HIGH
0.5554112981820649,0.6538521983348488,1.1130087773792818,0.4179134202958948,0.489722225412788,0.3822498568543209,0.713544397109631,0.5620078888663278,HIGH
0.5952473279396227,-0.6174922724888672,0.5075786856392879,0.8767960701374967,0.18333987795626966,0.24944597057978374,0.39294944218245054,0.5263033704878176,HIGH
0.4925169562176727,-0.6999234231776799,1.6142918105360782,1.215476551995087,0.05397727927372497,0.8414095861433314,1.3670754715184736,0.579108122192739,HIGH
0.692615638073237,-0.367992744442113,1.2588663322728795,1.1169455129952226,0.6978206250191902,0.42203102452474656,0.9680859620817904,0.8797661818688441,HIGH
0.07875371864922293,0.10067045308191695,1.2526929405806007,1.0439728584763248,1.0492599025467377,0.4671327315887404,0.4239476958594339,0.7949345022526146,HIGH
0.797580386185315,0.24071702466911785,0.45038486143751333,0.4001948408352573,0.25473812194681095,0.07796163408613749,0.4077431781444233,0.9508714938279788,HIGH
0.1597850947288141,0.16372834264184394,1.0191827965679383,0.23735257584251526,0.20703080868812915,0.16612416245137668,0.012551891965928224,0.8673868735419552,HIGH
0.43147613651346006,0.4737878693570269,0.7978909597437825,0.2106120604016424,0.46488242276253006,0.1865385450851084,0.18108947418939822,0.8343497218057109,HIGH
1.2554662966811694,-0.7604959495782503,0.4536680104508751,0.49391820595407876,0.44437390354676487,0.540635488681159,0.24636874297554606,0.820520643708948,HIGH
0.2955280198583818,0.4791013461107535,1.3826387353137892,0.46465770472711476,0.7791744009711348,0.038058294491677754,0.41642935021990435,0.8903799842470614,HIGH
0.4035585538603052,-0.1510800344194424,0.3249641073771287,0.966578340812054,0.13600498497570243,0.21101361996326676,1.071420822124469,0.44794733593887115,HIGH
0.1607204823678435,0.2872276101180444,0.3539746745166191,0.7330411988452075,0.26431350026213735,0.07345396843286067,0.3815954031452072,0.9750985221690995,HIGH
1.2472309379926263,-0.5758386792405459,0.8841359767265413,0.2167752841351488,0.2764687222169444,0.13348140516871046,0.17835495509977325,0.5296937988797622,HIGH
0.1771457912275344,-0.017918187256190526,0.5359103904878855,1.3694211302693051,0.04492551205993748,0.18891190663905452,0.6804337744762913,0.8683821833113752,HIGH
0.6327125321227147,0.07923372364738569,0.4620148141861109,0.8412848360696644,0.07604295281301499,0.5723568150091581,0.7158953100805688,0.8133460139455254,HIGH
0.9255647420540507,0.4654154357493356,0.5029922458202084,0.3768055775421935,0.20941186681752796,0.841039264309374,0.3845491981488925,0.8755030429536861,HIGH
0.6758849619974541,-0.6858069414952614,1.0686889262138013,0.4351807507117346,0.6745472888105685,0.3153171339698701,0.9845360800919274,0.5945098987925034,HIGH
0.5151539726415371,-0.007083929615340254,1.4691583176190726,1.828369366579755,0.2839641545518246,0.494228692517615,1.029161673404808,0.6039583838784895,HIGH
0.42647246795178867,-0.47579882227970005,0.8573942060590398,0.2481578378581915,0.6331665610872803,0.5501070396890719,0.08600133438972159,0.7295083817047415,HIGH
0.12006106623405222,0.19230833856747553,0.8690602612835949,1.8945761207539509,0.4037488471392947,0.9044983621081814,0.719399973940536,0.7427479946669798,HIGH
1.2104516850868074,0.306430945311573,0.7875628845069257,0.575777055894544,0.7091158216688325,0.9913837255123438,0.04291818078623825,0.948534603729542,HIGH
0.4844001508024157,0.5206115018533968,0.7573322814701142,0.6076612428865764,0.0051260465182606145,0.26447926863889687,0.41997614481698214,0.4452827219285433,HIGH
0.40374617580887573,-0.24471237080951724,1.1080924697183623,0.9067618162860314,0.10719852581310518,0.04462210331434003,1.8056734341590754,0.5247183166724502,HIGH
0.14785252694865017,0.36943512398929196,0.2147783561286678,0.15874023088534972,0.6414246459384376,0.13478010758031106,0.695248888406242,0.7493937463361658,HIGH
0.4190031285475003,0.5515786667403623,0.6288755500515808,0.8386282947202213,0.3596734754227229,0.10023946542435923,0.27408891830928395,0.7239672738749676,HIGH
0.38434592265205936,-0.710163727339296,0.3328803377175424,1.198415779609429,0.5008634320433202,0.24933279503303432,0.7460289091772204,0.9173223368704502,HIGH
1.255444141889696,0.2371848664413492,0.7150608258543836,0.48289594160985305,0.3818810016038811,0.19574684859018493,0.2554118819976513,0.6736191317860138,HIGH
0.40355672976872786,0.3825747265876445,0.8520020874685215,0.6880364104750343,0.4944278385031036,0.2070481527642975,0.5763876556210322,0.8121043422674694,HIGH
0.41385567812945245,-0.1286650822827237,0.7830538730326579,2.0,0.522748507640448,0.4434835093669562,0.21413050964080146,0.8551673636906939,HIGH
0.14962198044305483,-0.5285249025605455,1.38368402794552,1.2917279631241516,0.45589098004722617,0.09248257953579501,0.34167499785857874,0.7689950797129341,HIGH
0.21050328009175273,0.3760414175660585,1.1129886503990818,0.31561136219787467,0.13768170167024824,0.5363754961631728,0.9734338533436475,0.9404533020699143,HIGH
0.5802240278977175,-0.5237937075742578,0.12458713678675852,0.45831851743108365,0.07634052629743714,0.33829860468827594,1.3427597040544468,0.7043618914034857,HIGH
0.06252278081461807,-0.09490760249457898,0.8770552676269624,0.5614355384915553,0.08740284158646741,0.04394240209797361,0.5747999131404684,0.8893938487175764,HIGH
0.7946173838918138,-0.03685210427739819,1.247903175381341,1.3497578244949566,0.6083120907770634,0.39746930483496534,0.8044863665982437,0.8031529351395118,HIGH
0.8094641136393955,0.2805259817156797,0.9842366887092143,0.31456430125851376,0.6470982080412815,0.1571301969952767,0.30373807037977896,0.9339974733441008,HIGH
0.1911454856245111,-0.2831852549952637,1.3128115708137333,1.1191487244328595,0.7049027885831892,0.9459146509599828,0.18968191220949435,0.5369955318057887,HIGH
0.5165538930727731,-0.30752514930769914,0.9266610548735068,1.1244109655534085,0.20911632252692144,0.25936732978264865,0.5317087016465131,0.9846313833355046,HIGH
0.9461317241766278,0.021544501080506578,1.199671620558276,0.7218771874519859,0.5985024460959677,1.0320732888636515,0.507412309274447,0.4351349429571591,HIGH
0.36041328422138336,0.40268400060029463,0.8693233513203009,1.381781529978189,1.0939700554635843,0.6199460385349298,1.866084680643863,0.8353106543186676,HIGH
0.3090510255410125,0.9407290002743217,0.8179875413805688,0.34400248393781097,0.8503592275805991,0.5899460683620593,0.4096064941862524,0.5921710800875885,HIGH
0.3405969858558152,-0.6531421039070853,0.8893668534579107,1.578315004093369,0.16832971749698275,0.11661597604236995,0.3958504438728788,0.7512080659624351,HIGH
0.4835809028139391,0.1124436474703628,0.5376530177307642,0.12400018483919605,0.21368931199896682,0.43871733552864445,0.693358955394601,0.6715294544992662,HIGH
0.23525235856023535,-0.4763447110184026,0.42903902130676014,0.3129670436395359,0.22725077682539158,0.24694403229334158,0.29718180116151655,0.674233672448841,HIGH
0.2879277196401956,0.4079007221468319,0.8405880039699777,0.1274527505637775,0.10351880355853976,0.26021483681392926,0.24198852697994472,0.9484277295450046,HIGH
0.49076081107955555,-0.4141887098698779,0.5415775948250323,0.36207983637547747,0.3155141332030007,0.48043004314833,0.6221147733166883,0.9058482929648928,HIGH
0.2686529514292606,-0.303352251636576,1.1597699346631474,1.139125652284458,0.24809234562386837,0.8579501663831182,0.12012451309375258,0.43012837422746497,HIGH
0.13717198959467614,-0.2674937608068784,1.388960132835803,0.9358219393351248,0.20607050587554188,0.7029279821158761,0.6656490343943069,0.7280566692886534,HIGH
0.05600784254268443,-0.05200355426231763,0.3720256773536851,0.833122152103104,1.232281397732009,0.3443728314997807,0.32832850346003667,0.7856316568022721,HIGH
0.40965604196333544,0.11574299068065712,0.16080813821597678,0.35687595321492577,0.32670905321432225,0.20951433219443066,0.7774807767092066,0.6934178383611146,HIGH
0.9064683991420237,0.1831545853155757,0.3423641758448008,0.6790669907619079,1.0214108179009658,0.299922409029154,1.1144008363935052,0.6565035941352982,HIGH
0.5356440720391774,-0.022422369396768962,0.638654037339307,1.5893063645209522,0.28487518561831165,0.9668031578252434,0.24216755060499412,0.9508077398344161,HIGH
0.14244470118234034,-0.5785542294250442,1.2862467539577775,0.3706656357231952,0.4137980894919803,0.26170276257135067,0.3888668834244647,0.7589460120242989,HIGH
0.20913420228872026,0.2856701831302794,1.1896043548271917,0.38610807058886143,0.4877741925602199,0.30359119551487723,0.931622922333651,0.8990699789937454,HIGH
0.3071880430266696,-0.04224263873847173,0.31708023030583643,0.40067875293145094,0.31837725093194996,0.28140216311678035,0.5743817297865442,0.607204675036857,HIGH
1.282082153030993,0.46792861180617346,0.9810473338748363,0.800102477377277,0.1859380012153442,0.24522618961965342,1.3610896383080509,0.2728568662720368,HIGH
1.328206305456562,-0.3172502873815734,0.5855668402189232,1.0671056000759451,0.16120186294399316,0.09815997351882827,0.5900235882216232,0.9069185267180517,HIGH
1.2265307757616926,-0.6929553854874176,0.6353838886776403,1.246893784795919,0.14901999196465832,0.23244442389551576,1.0776435890016536,0.9029224397794469,HIGH
0.4419963738111248,-0.03429092112689161,0.5755694552659123,0.5602214147194874,0.8894755496357192,0.4937747050381653,0.1636830752532544,0.23356744521341788,HIGH
2.0,0.5243001290793913,0.7776736842003249,0.5182443403320803,0.17635212583939497,0.386281857071692,0.23484151059940095,0.6942153480851836,HIGH
0.21844399749344828,0.047595697378741336,0.9102196544636407,0.4410603289351567,0.8723172822325358,0.5324583011509374,1.246416789320705,0.6418511477382254,HIGH
0.2980379401140208,-0.10386131565259975,0.731171749340838,1.0191588949193309,0.618128309228202,0.39835525274251066,0.23051695415037649,0.27745771211316217,HIGH
0.7527290273152709,-0.3855457474161219,0.6226300516205596,0.16530604406598529,0.4672726476971518,0.48750415913697404,1.25593858462061,0.6870031937357777,HIGH
0.49267080511585615,0.7182619160059454,1.5348656760660147,0.6219239698555874,0.16175763276454114,0.3443629663659852,0.2630393849316866,0.8854867258154592,HIGH
0.513612066412613,-0.45243308985160735,1.3131585020086405,0.6251422967678354,0.2172950512178581,0.358135844196159,0.13260851736298906,0.7827268903801304,HIGH
0.1663608460649467,-0.32466558820386077,1.1868530893250782,1.1356661517605053,0.2599211569723575,0.4451346014758973,0.4063691457783646,0.9093112455063438,HIGH
0.38217351571268976,0.2194143623552896,1.1999963923147519,0.2188960203074166,0.545950836810007,0.5821401866561019,0.16399528242421588,0.9034499628060187,HIGH
0.22130449760346363,-0.7995286897524516,0.7326438418429141,1.1990142978922491,0.5377473422038245,1.2544627763360063,0.7304719343100327,0.8703869530365623,HIGH
0.11160940456089832,0.5153280794601627,0.5745815677834226,0.9742575508823774,0.831616878319088,0.15194627811005512,0.043397138998575606,0.15905757855442054,HIGH
0.24477203810943537,0.24216110797128934,1.3217226196358711,2.0,0.18580835882588753,0.5593612342154406,1.583711321412299,0.5710451945685459,HIGH
0.4927734759967135,0.35767705016066603,1.112668957189375,1.9875063685858976,0.4104376239648828,0.6450076320939562,0.5060754679012989,0.6863103945964154,HIGH
0.668993669745403,0.21440914501885475,0.18631250621465292,1.5121862984191536,0.689602441606769,0.5387829311323176,0.7584775949366916,0.7928279802197838,HIGH
0.05353045375749854,-0.08767187733167543,0.40782448499438034,0.08798077525143735,0.12063689361649639,0.02705244784101602,0.8270153249654411,0.8564607443872803,HIGH
0.3961951350170603,-0.4665224582652776,1.3175557984814528,0.24071064421983943,0.14258938880837654,0.3407689800730566,0.5484807613370477,0.9862373913625101,HIGH
0.36880449119196373,-0.07883168531448347,0.5999645932086883,1.385592305416098,0.16596384969975075,0.20607296446894885,0.6581679060589135,0.5195360762054779,HIGH
0.47403635425355206,-0.4295992509361066,1.1940780759262999,0.6100442041596333,0.3081411730769356,0.12778494899893153,0.3627983501415781,0.5805778431889572,HIGH
0.1450563631830262,0.18418523023208108,0.7090004389440769,1.9853511854265513,0.3836668311854871,0.532400627175276,0.8250738001740682,0.6195738350621005,HIGH
0.14787606841702475,0.3188475288302027,1.1025419465912432,0.7353903414684252,0.12156697646438785,0.5774652022896304,1.3987002275651952,0.5567922669017221,HIGH
0.9230097996554679,0.6002596251032472,0.5354318680528201,1.1076443294174152,0.6446709827168462,0.37129410586326844,0.3525319827311639,0.7905896322051651,HIGH
0.19342872860185575,0.13614240903220257,0.9665736564083184,1.0515454243249334,0.18483831141581422,0.08009544769092644,0.8971246506147893,0.672165375757207,HIGH
0.28633894462253917,0.36832164976997817,0.24307830351415924,0.7206453299774418,0.5379201842656363,0.24565483773861754,1.004904208478744,0.6804728867949346,HIGH
0.31097518800870066,-0.1448007896366597,1.1041672829615883,1.4017501922935853,0.1612526755782497,0.2606027330459104,0.3363686209322407,0.9034786890637018,HIGH
0.22497650817367143,-0.22087639796344177,1.0353217006633428,1.1704439914492302,0.44021104480909856,0.3206573841016179,0.46736461244477817,0.7636622535708355,HIGH
0.5674760219462331,0.17894219414305662,1.2363470243706483,0.26340821723529256,0.650263180962163,1.144335693810359,0.4511692997684904,0.6230642264160607,HIGH
0.53329779031245,-0.18231860654110166,0.39717411350684484,2.0,0.7218794199508388,0.3635508637152871,0.41205147861865815,0.7063032511621666,HIGH
0.35603368896081816,0.09305803130761622,0.9877909589049483,0.24100330903295267,0.7165492801419768,0.0780708529880233,0.26888511904597845,0.48554266658229034,HIGH
0.23652889196468863,-0.4657007195208768,0.6896167302143963,0.3847148556259169,0.12943868676115136,0.3913089731609316,0.48135594472802934,0.6107646285454251,HIGH
0.33413928723105424,-0.39028362664004645,0.4545189052103292,1.094295707103907,0.11091789443628615,0.6520611497363571,0.39748713746693726,0.7973744752630596,HIGH
0.4220572431748593,0.2468719064276819,0.9127692312303513,0.952495621212672,0.37729002620770513,0.4599941975038553,1.1436324001540845,0.5902079667056982,HIGH
0.20936273164148306,0.35240983167056034,0.4435208688273933,1.2404354171770806,0.22496138827948806,0.4585074511228476,0.5805916641182288,0.20624082259519397,HIGH
0.5980153075206458,-0.4339755909660058,0.7358811047713801,0.5939589585830788,0.38804425033680157,0.2795905343307587,0.2906427650224683,0.5200488845369697,HIGH
0.790562216674943,0.26165801041269665,0.12857537257917168,1.0038202941385814,0.18000231158072993,0.5317497011738307,1.1909481172460612,0.6500501896800966,HIGH
1.0304602512435201,-0.24374898267481535,1.152426082185456,0.40831215348656225,0.17838442994829537,0.32832507208376804,1.0418448327979748,0.39266516000422685,HIGH
0.9886089675268729,-0.013067825995869836,0.6961222672056789,0.7351975505742772,0.2064741536236333,0.1454430190752057,0.4076360419055514,0.8603697267657906,HIGH
0.30936420587206404,0.5751166546320717,0.6226681107700783,1.8267776676405336,0.3364485187144739,0.4099116177828005,0.5548983096069907,0.8706428456606978,HIGH
0.4380896354668983,0.31914463828963835,0.87692017606936,0.23974956294681463,0.4641305290647446,0.01951845724472818,1.1529887713767282,0.6783610502931919,HIGH
0.3506949645527791,0.31426623496932093,1.1564361132493333,1.4619456896028102,0.1093920535597157,0.6533644293936952,0.8710608206910145,0.8667425894512829,HIGH
0.34968496863553244,0.7816919505519259,0.274600237598939,0.628946298803262,0.47921120690137786,0.2757274044773491,0.10764776090258765,0.6692257428118388,HIGH
0.33226362587061714,-0.3156293232409151,0.9872355567991088,0.3342072377077201,0.48786600474645614,0.29719211475087054,0.21787004906261312,0.592506637505171,HIGH
0.40186709778541013,-0.4340674894968692,0.4332877133974604,0.3556276739263594,0.4707041083107785,0.5484559702556534,0.3150550960627227,0.700247717705924,HIGH
0.8805881063099106,-0.32329135349600807,0.8341149522436105,0.6141847676032992,0.252505375696672,0.4037374826945345,0.3453816419583196,0.7418818308449702,HIGH
0.5038058081377734,-0.12689044243077832,0.5046042991171131,1.5086757619282711,0.5198599417344331,0.11986598907999672,0.4591381683729317,0.6294294665745664,HIGH
0.1388814830118641,-1.0,0.21430399505606618,0.9994569954184903,0.7849912078919536,0.2714911386554679,0.6406653597634402,0.460906941996399,HIGH
0.7677936851944781,-0.10711985941266036,0.46359561385304027,0.22028370124024518,0.3587418804393767,0.23000949904794957,0.45884607742288946,0.8120770422703816,HIGH
0.469212414415543,-0.24871970739586297,0.44888741278622124,1.4103509891150625,0.1538727829723554,0.23744780331097678,1.0192821204327132,0.8389226765936147,HIGH
0.5721405178092359,0.3091791023070755,0.9765138790362481,1.2518932644587506,0.3192188400140963,0.1432128020685724,0.35083404296289744,0.5604963747511073,HIGH
0.4965197682971653,0.12801613918421684,0.5246999085694101,0.12573638728987296,0.7487166145548284,0.49954700365820276,1.0196506806423502,0.7354760788314197,HIGH
0.5133405661970192,-0.27229258366312153,1.1458269099859812,0.32023563890420603,0.8225155119586995,0.9432511069372296,0.5823310502177113,0.6656972076681763,HIGH
0.5307474086527735,0.22778355505241965,0.6801991441282468,1.617001305786232,0.6530500092272081,0.6395025669940434,0.5565045210812893,0.6305458928675416,HIGH
0.068382903478688,0.2837704851259832,0.5806969801600064,0.7236049332238879,0.4985744731592474,0.661463107639722,0.8115577722049628,0.7501629234844819,HIGH
0.5669495568233958,-0.3427892317123925,1.2552443364527122,1.404462358265419,0.5866263127799501,0.06141634473755032,0.7265920451194331,0.9423306902542034,HIGH
0.21744411890096912,-0.22707018726061573,0.25827714769417076,0.059413336770881724,0.5953459944158896,0.01953680750796271,0.45764072330802447,0.6868403784377881,HIGH
0.2679907614857435,-0.9546525385811527,0.8090825849448363,0.031171737697431888,0.6509361158333011,0.28212011968870143,0.2654956425019705,0.7336287907075801,HIGH
0.3994054500678431,-0.4780771892350996,0.3987362966627948,1.1493294416418978,0.13621532617175797,0.38876272610563584,1.1619066525640973,0.48535531493598044,HIGH
1.1392167864872238,-0.3318372153779029,0.7894030636643989,0.4433440184416929,0.369185283940944,0.9036412522321171,0.5319554961337742,0.7727818117179265,HIGH
0.16287671853836314,0.011149794174529142,1.1167856994691787,1.195732931489362,0.10960033129567365,0.11779765610143965,0.5358556362780726,0.7847850640997104,HIGH
0.3890675559733418,-0.41706072533112243,0.7876733647192301,1.417349340332138,0.6427876746548182,0.2531701508682463,2.0,0.39357262545287514,HIGH
0.3258540467088881,-0.23564983456062577,0.7291263089608857,0.45038707936510514,0.3319511597507978,0.521358251784172,1.0261223130553536,0.8543990666129614,HIGH
0.7601948092382023,-0.5346388862646916,0.24293354257388067,0.6719311716260662,0.28282520303877956,0.08776199636079854,0.42825412194138435,0.35526703801763987,HIGH
0.3186210976668925,0.05186783738313365,0.7607966369930116,0.5594766938786524,0.7768521036318315,0.20473795870098146,0.5001847303175228,0.7881139745542919,HIGH
0.473190984167176,0.1588001297256612,1.1476067884687398,0.44401404692991564,0.4293254672106069,0.2574943847569085,0.24244578313377146,0.5711701027039648,HIGH
0.1633250969432291,0.14899344633632539,0.6497396098976312,0.8541302294790754,0.2681788587763197,0.2403895734386926,0.17599619986639894,0.9865789855410235,HIGH
0.8491794179857848,-0.014808324599791083,0.74928123683958,1.317858726622769,0.31299895502103503,0.6085935360339005,0.42805260497246467,0.4814448235735315,HIGH
0.10201948377074595,-0.6672506585305856,0.7079401599827537,0.3875363479431879,0.030072005312780994,0.18255534517170796,0.69227528164187,0.6551624560113423,HIGH
0.5614318343253004,-0.28038053883499736,1.258825121755019,0.3858235289424966,0.8075273705286139,0.5850644580601572,0.25736857769046684,0.8362750188525085,HIGH
0.4753984660358738,-0.19106880237376347,0.23058931960392257,0.45379517808682995,0.9429605359721702,0.44793849127963353,0.8731620223802614,0.847662142277193,HIGH
0.5275739295242974,-0.1893840314266626,1.0650261264695955,1.095521189401372,0.8923445966953683,0.12637616530605722,0.20782139349558731,0.8521473703648126,HIGH
0.10359423160796073,0.011492111555731276,1.3469780535180123,1.410546451222659,0.11763396630774775,0.19253619848597114,0.43292426127157996,0.4125313118957311,HIGH
0.3133721783423301,0.5787273763958278,0.6213367732047709,0.5517531739975713,0.5264949922949352,0.12719171438295876,0.8197082060545994,0.7720252173952754,HIGH
0.7349038410671868,0.32108040932753185,0.7086912881889135,0.09453816527075852,0.6049531650899894,0.043507805259442624,1.6564943177094997,0.44552234126874535,HIGH
1.2533258221398633,-0.4347574675364517,0.6995067500256306,0.28385158575546715,0.61193704326136,0.38248236150385234,1.2717508761507488,0.6285331172949674,HIGH
0.36695433655041176,0.26492920762458605,1.0006303018030105,0.5248618997396873,0.2086634707818949,0.3698299716883241,1.0911509029669786,0.8424765982393356,HIGH
0.687737381042551,0.24892699441960922,0.8195300923209227,0.3438565022860253,0.37635682016613625,0.8385809292086398,0.5465965523155457,0.7846174685918307,HIGH
0.44189913894212474,-0.35854833863965724,1.019348018416375,0.21846789125837213,0.3091843878101399,0.061639374556254505,0.9068295423471417,0.6758044858778475,HIGH
0.3819116639899121,0.3365236875068844,1.0500678243957124,0.7499320026578832,0.5381523737255864,0.28350645887364706,0.4049159656812582,0.7913895462141751,HIGH
0.28483300754465746,-0.08735818709701061,0.35333847733840246,2.0,0.5814559294602277,0.2945034995610638,0.7823833797001639,0.8720847428558035,HIGH
0.40092815432545753,-0.6121804658060668,0.30245403062045234,0.30216397281589924,0.2068922028769401,0.41830113707946026,0.1604981921508251,0.9602522996191515,HIGH
0.6456085343815656,0.17118514434759957,1.1951021907799082,0.8601270483159239,0.1344154372554372,0.6120957101375061,0.640757368491138,0.8714135441859335,HIGH
0.6830457673548236,0.07112396591810019,0.9599619691263607,1.0577090142423142,0.4994436315360757,0.6308673072319736,0.15973710790286103,0.8141265838295081,HIGH
0.12642459269505957,-0.11562460425804764,0.063742037240772,1.1194320702244236,0.02862528611051517,0.6628502646135935,1.0441360690300039,0.893207230893135,HIGH
0.2640450250730769,-0.03573029569298579,0.8146266356532696,0.6880552600085263,0.6814990316205012,0.13977524670486013,0.8758408336587105,0.667810609902477,HIGH
0.15571609637123804,-0.32201590113315404,0.4003084945180745,0.22992044304298218,0.6054262749187705,0.8388900302047789,1.3539622705304855,0.6028540615164913,HIGH
0.4163840537980952,0.23625481159478598,0.21241827975364375,1.3122338461512069,0.7486156529538451,0.9969286895364651,0.1828177161226531,0.9176576861851079,HIGH
0.3044497683194867,-0.03824926649374891,0.5887445187739271,0.14878273717973825,0.3466157742634437,0.2976286179655909,2.0,0.7302858378005981,HIGH
0.5148180724578212,0.049908514458255726,1.3950830459407393,0.6337930859483072,0.3198643968642736,0.33135204699875104,0.49764180855966517,0.7137796229619724,HIGH
0.5408913989845776,0.12999960826012646,0.25741995071583373,0.5836992880035405,0.31938758806739365,0.7263659002487254,1.0341736689865881,0.5714972277623991,HIGH
0.03339792534632452,-0.5049259580590564,0.5983819891924567,0.2492820754416064,0.3695335363880657,0.456810905454662,0.2338696377132537,0.7206926815756204,HIGH
0.39856624252836115,-0.39559886919046183,0.5180788697068593,0.4537919196433869,0.23389988809425577,0.4848831170114254,0.6782196748598451,0.6609934353223086,HIGH
0.8923468670296802,-0.9481766730388078,0.8399985995575989,1.0926717497067426,0.30384978321649414,0.15388442847695932,0.4549866818818923,0.8294436294300805,HIGH
0.2641351581256809,0.21719174856597095,0.15662297133152797,0.6336481720076002,0.7584789202673031,1.3571199828389748,0.8755732099859532,0.9095543446309927,HIGH
0.2577134367488756,-0.5291282099736418,0.5989174530318282,0.17919106660451303,0.9045605060551676,0.31332957223873453,0.08831747163641838,0.7577988126146193,HIGH
0.789943237940428,0.03567927815617397,1.0753741308962714,1.204155270960113,0.12351185927958674,0.6967672504461807,0.21574466046752824,0.7017289467561376,HIGH
0.7051607217732802,0.13581505447461217,0.5812508654612216,2.0,0.11770957063792675,0.17792557352898528,1.1106341978579342,0.9916418899594298,HIGH
0.17110570109831175,0.23298819233485848,1.1913651910136007,0.2070177811379682,1.0497220053478376,0.747201562523588,0.21122255526200523,0.9063634746682517,HIGH
0.6578296391482803,-0.5256871038111449,0.7809789974497363,0.6757227792437369,0.22557843668676658,0.7818489842233762,0.4612894030215353,0.8574661054501602,HIGH
0.20724339102171033,-0.04736787961909024,0.6569305862855893,0.6952799112088152,0.040164571252388225,0.8383116517469792,0.41197470237454226,0.8598377332357259,HIGH
0.2554676578263781,0.6815177767308546,0.4196303561869603,0.2016507150839875,0.5170852918945782,0.5793353378060775,0.6274412090373168,0.3231774646198943,HIGH
0.1709591545831739,0.7000121655934128,1.19256481824421,1.6542413114953527,0.24798760853796625,0.3475442258333582,0.2544810903104505,0.44375194675898405,HIGH
0.12542914397462882,0.3946756994913193,0.8884629513150838,0.7069229607863963,0.09672869298273053,1.1255204826030938,1.1780081793482438,0.946058699860408,HIGH
0.43494400118166615,0.12174711830391259,1.0058199478001855,1.3436244657550394,0.37846546069517184,0.43349870267745605,0.6370467982221442,0.7212743363866466,HIGH
0.10702454066283269,-0.4421446833150586,0.4524630698112165,0.9000762435566216,0.2661727715049185,0.08293104205094474,1.2646316589379876,0.9380489808981598,HIGH
0.4482463585742564,0.2818210826642422,0.24270848912797283,1.6123824504389186,0.4222310572751643,0.8030773301550534,0.8698975090711502,0.8394407551639917,HIGH
0.43780067123119565,-0.08636891607367317,0.5437975467192255,0.8905490944322361,0.09260988191812075,0.2651660773475226,0.6092983443147688,0.7442144565258711,HIGH
0.35424694792142664,0.21542187561459467,0.6434687572367603,0.49641084494601223,0.8082359314622757,0.4224733158183113,0.029151327914838137,0.3634564193584332,HIGH
0.27458197921844607,-0.285794251037889,0.692726495191125,1.0338013208494388,0.5256584852561382,0.02288665751712949,0.7771130876522349,0.5852860696945235,HIGH
0.23172472633218627,-0.09263190739277014,0.9344481214989432,0.35238500851533533,0.3345325369554677,0.467348962840807,0.7712632075815437,0.8089893606314794,HIGH
0.15131155743963876,0.04894189123209838,0.5981183035190618,1.1073027805790387,0.4574828723180769,0.352561674400607,1.2484343640053503,0.8206414194991496,HIGH
1.0356067683850452,0.08343679842742052,1.5061607840877622,0.30163630803595604,0.3967842316332806,0.3293978122224522,0.5720067524788104,0.7285890326001345,HIGH
0.34204576655298563,0.18736354007330422,1.49970942185089,0.6575728906254129,0.44182023941255716,0.1134226996576904,0.5341730596753219,0.7341485004669023,HIGH
0.3330792764393736,-0.26326189350045776,0.6353326543378813,0.5600045283506618,0.3293886861009006,0.5340746071708071,0.8092168282106186,0.9006506330634815,HIGH
0.17858484882329995,-0.5841794698862851,0.4653375366431423,0.8445153850799999,0.4449467154392574,0.1413399101728541,0.5317199913844496,0.6266139089377497,HIGH
0.9636654460517962,0.6624097167579137,0.7427512144611242,1.793188415701404,0.45969031619769807,0.36939475349089085,0.3571653400207692,0.7235884653019615,HIGH
0.24439013941324397,1.0,0.8225780991099303,0.44079125329344626,0.07701237341020833,0.35954525540632987,0.9154561956783558,0.927420205975441,HIGH
0.48037688274797447,0.16791669870499903,0.6321562713451846,1.2844853270387866,0.4129687965667425,0.49019036352488027,0.07191304502534251,0.7783234743459425,HIGH
0.549562924031503,-0.5760766797866465,0.8714160585825856,1.648657083981596,0.4737014220744336,0.3215934731685799,0.5251731414628587,0.47719629980271505,HIGH
0.43518910544355155,-0.34474194907400824,0.6642460384787904,1.2572514415222251,0.376422541708596,0.3562027451685515,0.37849885186199844,0.5653148804208372,HIGH
0.10437157019521308,0.193829379001407,0.7662230228952489,0.8398981921146172,0.25936465152071847,0.3462951130632833,0.20953616095129596,0.7199327578579672,HIGH
0.6384581711526369,0.5432685569061401,1.051598730943177,0.8085049077814731,0.6489121442153862,0.46302371009560445,0.6206032343491575,0.7658071665699925,HIGH
0.24227603627468733,-0.5294140665075796,1.015913708962294,0.4178710838542679,0.02483848778797844,0.6328685374808283,1.3621991747464375,0.8547100065264043,HIGH
0.7003128375739103,-0.07221978475653851,1.0039461718242102,0.15175763339336687,0.30937538897071887,0.3631818082198373,0.24491871470383056,0.7810582576159727,HIGH
0.3795743918880848,0.06229146706646699,1.4765782566581276,0.7266750679138096,0.5985661300648895,0.8112194717609313,0.7777022420680163,0.5479121561139279,HIGH
0.5736325365732594,0.34312294954006733,0.5818947836426556,1.7466906384795942,0.38369494598073306,0.3109356671344976,0.6976850428622177,0.39522680676670363,HIGH
0.9213944357559203,-0.1643124596481593,0.7576421114333235,1.9127057818524789,0.06512738373746466,0.15594018769779575,0.17851796987674495,0.5740489844186637,HIGH
0.622035646678659,-0.6768021703552083,0.3584376067631769,0.18777620577150775,0.25068379173559646,0.971312019832401,0.6926669532553981,0.4321953856412209,HIGH
0.5835809428234923,0.24090297497021898,0.748066939480306,1.873576757633026,0.2662318616058916,0.5889889930557571,0.3942743149422337,0.6589978035497033,HIGH
0.6587611508498731,0.45241430537191996,0.592917897571125,1.0685133201695927,0.43222419922973565,0.371585393822458,0.3003795730423425,0.8242243136079695,HIGH
0.2008590646487406,-0.054688413932967486,0.39409872640918286,0.9830813698635957,0.1931211314285991,0.38667592989170557,0.2947957545208253,0.8334363811838782,HIGH
0.7208944462555237,0.15020083834870113,0.9978037284325774,1.7378841492195347,0.3019825491406724,0.2483745660531079,2.0,0.8018461287168872,HIGH
0.3215912681562659,-0.21928631635936965,0.7983704409514711,1.4122809996153678,0.31208803673286684,0.06100428581520439,0.10592486691652865,0.552152123503257,HIGH
0.33003235929842406,-0.3752245737848756,1.7124898148200938,0.29692842620507665,0.2812583903735401,0.8963441308009743,1.0773222457098162,0.781905983698717,HIGH
0.42497628928743153,0.41109878582983184,1.388676766202284,0.3774130160938459,0.28869053854168353,0.8572037086579231,0.4346134120526764,0.6951029164187122,HIGH
0.298181104755309,0.14274825608207362,0.25655875552390744,0.13163071387390918,0.02974151507606586,0.08801624663553445,0.2278097857473586,0.9056914192126065,HIGH
0.1652227237398714,0.18595481174879067,0.94520584096936,0.9513696268486524,0.02544006669686438,0.7962140350695853,0.37096259782004026,0.41851253339336275,HIGH
0.40096392230154826,0.6108883621577375,0.6612740423678979,0.3307105600791392,0.19355895445959354,0.5552665978565321,1.1338389687598132,0.6699411594943945,HIGH
0.33128987763894735,-0.4630337804138007,0.21481250517829495,0.48169272091129134,0.365528551330575,0.11272247341596561,1.168736700802212,0.8760557904400735,HIGH
0.3219984410036488,-0.2518510326269573,0.4944171277506174,1.5989934362435712,1.013906562159354,0.345490043397909,0.22144405444855325,0.9374049859702334,HIGH
0.37026638176078414,0.04633200651057212,0.6589006392868524,1.0449844232694199,0.5167764886022093,0.2628715459769524,0.6785565490082045,0.8906330421973309,HIGH
0.03853975057176727,-0.2570115598597216,1.4716101018630878,1.0650246902975604,0.6069734316627504,0.33457797077600115,0.6467221048412202,0.8561346545109251,HIGH
0.32390093222026917,0.308917344814429,0.6723148704698515,2.0,0.08799458721912316,0.21186372273497403,0.42009796028449353,0.6562212881713684,MODERATE
0.9989980386543033,-0.09870767277967331,0.686403127337758,0.016194361484425095,0.37985022624415177,0.14061630302513392,0.728631897988735,0.5226553828726939,HIGH
0.9467441299381826,-0.43686377914881963,0.4407751000372966,0.3476355591528675,0.3464224716196616,0.3618269856071868,0.8564594133539548,0.8154698604735922,HIGH
0.4116458514262476,0.007624103578817862,1.4618164448718818,0.557481069157401,0.27935874000293887,0.5104138850854357,0.2107571933303323,0.8094649740812779,HIGH
0.4011773788434372,0.05154228373885093,0.2561194581210539,0.3686616431834561,0.20598914075429453,0.2517421570855415,0.09608161167917731,0.8751764902043575,HIGH
0.025807743882856813,0.37256646641645874,0.8806237068608126,1.3358820236491962,0.7748524065029888,1.0617232151148004,0.177980709043707,0.8055194710836963,HIGH
0.25420403892749194,0.14511917932191823,0.7553189177867594,0.6116141549185825,0.45518042220119037,0.4455032509832149,0.3616940828693506,0.49169647183433085,HIGH
0.6541834762463556,0.17368148437113098,0.8037628494187314,0.26750722679329764,0.2638194138556251,0.8719320292026588,0.422714117833031,0.8391672856914596,HIGH
0.2923667352509009,0.11452250728303441,0.4387738557331676,0.8916863740054117,0.22194125091144223,0.12505248214053435,0.9159377165525453,0.7583405457496035,HIGH
0.8116266168083932,-0.09905345894261078,1.1248577682244714,1.0044322289738408,0.5773395551851057,0.14518541334245005,0.4746091488553837,0.9841014320228496,HIGH
0.7785477149606924,-0.32081202834673117,0.49326330693127735,0.28915951033403503,0.7653487192480112,0.29591260564306415,0.3622317613104435,0.744465446767862,HIGH
0.2500331006407615,0.10131210769693791,0.5349407064477065,0.6357203857177041,0.2519566045913012,0.6754978147352051,0.0913548288946138,0.6104657918318364,HIGH
0.4352603619971849,-0.15991240167112905,1.0176711704817951,1.0217146602730418,0.49236743166524255,0.4410265837390481,1.108340682073808,0.9377325426705058,HIGH
1.051948774917288,0.6897255005852264,0.8240395784476554,1.6609156829309573,0.48623067880843635,0.791916491646176,0.22106115688899555,0.5889604542918794,HIGH
0.10191458890586798,0.5437165638047519,1.0117925370326202,0.40346414451939994,0.25116435182660435,0.027250184741038602,1.172378979037066,0.772798592708809,HIGH
0.2976744199741009,0.24579243558767547,0.8243858074106204,1.1042389624275508,1.0647881829780674,0.421735117063661,0.3328937918340491,0.7050603906716181,HIGH
0.09115464730508875,0.13895611450305395,0.13533750156222116,0.45721114063290363,0.3675244646274234,1.4097569167276764,0.18900884749343505,0.82605520436208,HIGH
0.18816952311451782,-0.05694280141209439,0.49588351596628116,0.772750342338855,0.6034757221451211,0.06524591516710868,0.5081507183013915,0.9552796579164048,HIGH
1.2582230326330528,-0.5496719671657967,0.3183747831481372,0.31405136106836756,0.489002454485423,0.3755925976659173,0.2512392337291899,0.6686534736801713,HIGH
0.297592333436741,-0.11079233379522554,1.1744514277862745,1.0803250103928113,0.8638167283159227,0.29074987966337074,0.39962306103902095,0.4651469047596046,HIGH
0.05222918525852991,0.02258801403020781,0.06633753190424793,1.4731967766731469,0.6502118985504686,0.2641782085613071,0.4961432306292162,0.5415070573658691,MODERATE
0.1636425276694851,0.07637171926675816,0.8771386857690847,0.6579699956296587,0.31137196650726706,0.0447444392579337,0.8486143294828737,0.7692652910974708,HIGH
0.08083396185363101,0.17720527414664694,0.1282230388730776,0.593542763007855,0.45460601773907056,0.9361780033042068,1.6068537732351846,0.39714649606318253,HIGH
0.4478402279227606,0.3669586831086277,0.4392760029489565,0.5495364055934755,0.7368213304502911,0.1989408485792175,0.30194923959838865,0.8098736080186915,HIGH
0.5437925446895437,-0.3107047101110042,0.38214650338596806,0.23906649341313232,0.7288188125954228,0.08835056901390127,0.5428135898796501,0.5017027163109129,HIGH
0.7275524564103364,-0.30689175502778476,0.8863331815628035,1.235508181102194,0.24630293591823846,0.15411557613310523,0.15071107703191536,0.6661982710096364,HIGH
0.6298697704294418,0.5893598054921266,0.7257325138934274,1.6321442134675672,0.20661152942551203,0.12155018780116596,0.7530625785922131,0.9204862176891335,HIGH
0.10714399462552687,0.3038122674611224,1.3919433239592514,0.38376282257235156,0.21576460773551884,0.0857234428590111,0.5740682982665359,0.8722789801602542,HIGH
0.5242188826855806,-0.18412379569599488,0.42173753661389823,0.8529113390336716,0.12515733774832857,0.3283953934927466,0.08936317652148348,0.8200497669864805,HIGH
0.35788740861415436,-0.06502869095993943,0.7075028305897549,1.0593620999282358,0.3548641234555186,0.6930488764123225,0.598812640755562,0.5790986028680518,HIGH
0.800413644961677,-0.06313985760345739,0.30997555722502884,0.45057143920096726,0.7457073688748896,0.5969536251796864,0.24264716884030976,0.5553630783471256,HIGH
0.6803375145948277,-0.006738868641819145,1.448867656528965,1.907398891251908,0.67875773930907,0.19121102266684822,0.3947613276762708,0.5514564972320093,HIGH
1.3667955320469298,0.17852689874021752,1.0977073053090598,0.8646975800889738,0.26961217058642556,0.34652880772389255,1.3553889153635692,0.5972946180810396,HIGH
0.17612476789501122,1.0,1.2318579820033755,0.18752553149455528,0.17403973860889219,0.2713567345465779,0.10639797812545605,0.44965106573051977,HIGH
0.15353963526061595,0.05969775568831402,0.5995669765375714,1.527530137883848,0.2862800116896614,0.25969400349087185,0.8003060718155469,0.8804804770560056,HIGH
0.26747771674598636,0.25829122317860526,0.7810078562811246,0.6785426257571262,0.4065585272244727,0.08285347297325982,0.21125009390355964,0.7693341126968329,HIGH
0.36910495536380244,-0.7283202165998599,1.308330814263021,0.5173045731117086,0.44360383564129285,0.1931796892363217,0.17726339979213637,0.7829918627399786,HIGH
0.22535775410769368,-0.2236579969671107,1.4870231072491993,1.1704653273971803,0.3881832640488958,0.32225782325153,0.28990300869283137,0.9423673819981409,HIGH
0.18469258126035293,0.4961023011409741,1.1201306121055767,0.463498024040249,0.3070284763984208,0.311938328908453,0.1622018928845295,0.7614618491104097,HIGH
0.49944277540305254,0.14897246436977868,1.6844190517251623,1.8272790013055233,0.35938079341353535,0.768676644321961,1.866193212139802,0.8977815584335741,HIGH
0.2667951480390048,-1.0,1.161470990992148,1.5642834696054382,0.97773762498209,0.6483173143179466,0.0963941362646351,0.6301464205675981,HIGH
0.2171446099928312,0.2630897449728026,0.5864816282475998,1.9969941447206292,1.0069621379693683,0.6610221133505372,0.14754949757201358,0.9924004162734413,HIGH
0.10693532941790196,0.7856290457440829,0.5871669625061053,2.0,0.29121183243911614,0.5656533977065688,0.06762979756526492,0.7192505701434759,LOW
0.029446850961933863,-0.8582811861703131,0.384592092752563,1.047773977231217,0.2509577766812678,0.37949880778414663,0.23663242584240718,0.7026514229944224,HIGH
0.9669781144974067,0.6181428237711151,0.7265844376362836,0.7281399639952061,0.24636192929862855,1.0800383716940032,0.5151889279675053,0.874283178941215,HIGH
0.9479109353912296,-1.0,0.7049486867021022,0.44814790043517655,0.8151300563286565,0.6464884979114898,0.5600848315066701,0.47694561702311217,HIGH
0.6947585463787771,0.37395955692243354,0.5507896493979536,1.1215456282019092,0.5783232188534196,0.11360676359742468,0.6137555318882002,0.9681466363863165,HIGH
0.5852925981521077,-0.023632422925140884,0.8193567733803139,2.0,0.09828807652040417,0.2190161002075101,0.6443263586441706,0.802097637982982,HIGH
0.24661389621354707,-1.0,0.8468339142258796,0.2408015147636024,0.5577664044449427,0.6774184742519546,0.9667684738093004,0.5598353345870701,HIGH
0.6023220434485721,0.16737788744071033,0.7397609317057539,0.9192042092390916,0.7427594471244692,0.058719698337117744,1.3740275283063987,0.8207055952125276,HIGH
0.14322637533923074,0.4633526946438646,0.47588825476858837,0.18468271790982552,0.6653934811241914,0.35108755843470507,0.7480154774855646,0.7253948511784244,HIGH
0.42740587568581073,0.13283254160506072,1.1061741313552198,0.1767328638180112,0.1543837358462774,0.45105180877863515,0.49926767212712203,0.7463659699549469,HIGH
0.20126523907423963,0.22562760756503747,0.18597671356972942,1.668934023526508,0.4480816404982494,1.0564576339871197,0.21675657323321965,0.7384472603769908,HIGH
0.6040941534731529,-0.19290396718240588,1.5512936762245855,1.48986955746324,0.23803086489262643,0.9926924711244002,0.5410861098488364,0.8459331484052504,HIGH
1.0992324475720665,-0.8017836971928292,0.8921531374968649,0.42857471390058977,0.25029829097014733,0.31395828353709376,0.7280078487963633,0.640343688806783,HIGH
0.16305594525199785,0.27058288938156694,0.43792767849474407,0.2839239138577834,0.21874417150585593,0.011687478817315997,0.3829864063706822,0.8234852779860463,HIGH
0.2570070913938115,0.7148966461674441,0.4142823097897539,2.0,0.04398327689456815,0.40125441440845716,0.8424108512748635,0.2751423270715812,LOW
0.42143682382528813,0.45442395877553277,0.46863836332571923,0.3039649878561462,0.3678879375739897,0.0071108530799079365,0.6355460657095117,0.7222296324628449,HIGH
0.06065463768767291,-0.8549078484325654,0.8522724786675284,0.22110011909076444,0.32414871248961263,0.032135989001362754,0.2540730479341982,0.9256630116727578,HIGH
0.08526837608684201,-0.6562556510285922,0.7006403156912587,0.3133385035021432,0.38050120014016464,0.16926449381951425,0.29226758732915603,0.43966386074635977,HIGH
1.0780409353433058,-0.375306451554883,0.7938688311450198,0.9899737905526901,0.5272540545991408,0.14118846461135223,1.0749124958392717,0.9112996722454164,HIGH
0.5010467098864606,-0.6890496895376602,0.2437190978795083,2.0,0.6847876199533608,0.2587175102584,0.06640871513111181,0.9196644516615919,HIGH
0.2351613163162023,-0.0014402337864635774,0.9977210196868694,0.4540524131883545,0.04579012668379597,0.15742914191957078,0.08300054297270584,0.6593919470225681,HIGH
0.3881777780114857,0.14523463817581958,1.2540098817857028,1.6545281491580994,0.12008333008422452,0.8610793990610917,0.18438847067760686,0.132640664356624,HIGH
0.2684174507200665,-0.6207063789617944,1.0753912301191373,0.8018908651178046,0.17012128309716137,0.33136139191313596,1.9507122844938058,0.8433625618373782,HIGH
0.4309479566496936,0.3063939528957218,1.2638430814167076,0.09557286118096028,0.7664013182246338,0.18911948578365548,0.6527450267299546,0.8560981397370337,HIGH
0.2768336556179986,0.23246365648840586,0.4102271204970124,0.46614508570708507,0.5763680743075009,0.25115731036721645,0.28899524254899966,0.7571238460942243,HIGH
0.3652705718476891,-0.2502268324343553,0.2807889462476286,1.501321861534362,0.3864413133679946,0.3422028191553619,0.6602235765554152,0.5609276147054207,HIGH
0.642204902721523,-0.09245923411327334,1.2362153177359878,1.446128197262151,0.3518197944808946,0.931739422673466,0.26855155358589217,0.6675640573935899,HIGH
0.6135305804419069,-0.8389164937742732,1.2886261753061656,0.4104830933341768,0.042491227676904664,0.504981509897247,0.4965457293368373,0.6004005293179225,HIGH
1.0380733577447947,-0.15955010564057112,0.9571487100521804,1.230964307154549,0.5424042007103068,0.7867657628423388,0.31856738568875,0.5396405263473967,HIGH
0.5270769399260762,-0.01689831086526318,1.1254621488726582,0.6673308646836335,0.3409020700721106,0.10679168307637837,0.6429947099291434,0.401702671875518,HIGH
0.40728010540814125,0.050873989995839614,0.6373843752127649,0.9623879497505461,0.1115109959603222,0.050951549091349496,0.41194279961199004,0.7338507069753691,HIGH
1.1412075238427855,0.13912830304847307,0.21567264494160893,1.7182678906478972,0.23724262141646305,0.11196087717945727,0.2939038925738823,0.5354004923611858,HIGH
0.33617771954376724,0.08258153215684033,0.46954979559398335,0.42509316640172484,0.09942719417173228,1.067805281046674,0.49539949040751996,0.6905053428529392,HIGH
0.03396904953990801,-0.13102435285158162,0.5590037291952921,0.5373296399793711,0.5158295799036966,0.1966276552856705,0.35025157931707,0.4154716010155223,HIGH
0.7007208709375958,0.10020187587281301,0.7823513852173696,1.7399855384213008,0.2593674490585366,0.14049894255104614,0.34994967081205086,0.6616362204712951,HIGH
0.48272397601855993,0.4008534371903041,0.9340370353373568,2.0,0.42729197101061145,0.1244960000649633,0.12307742232740349,0.706561353623622,HIGH
0.392844396056784,-0.06010919079005063,0.39647745780731164,1.374612110865493,0.625218358383293,0.14315505753902505,0.6312776157835867,0.729252783503333,HIGH
0.7135682772249312,0.11338985414930423,1.242579119634612,0.9189508371205637,0.1448420761353102,0.21319584703191113,2.0,0.551324725026148,HIGH
0.2788028458812211,-0.09819184631892974,0.69390120033215,1.365798377426748,0.050174901351102,0.06290377763093778,0.5130962861339139,0.8629527368582398,HIGH
0.03650919497186781,-0.29163874492141995,0.49066501806944457,0.463960227637827,0.056315469560863356,0.9831627612157022,0.3683510064653502,0.46604069066173737,HIGH
0.72331207994238,0.1996094601053938,0.4523481725252545,0.7671996333536548,0.4042291927115209,0.10096429558348571,0.37800383533859155,0.8932445576842842,HIGH
0.22807298226794717,-0.2531948965514862,0.22677332128087063,0.17463476156630445,0.7276727366513497,0.255838755522145,1.0466876316896503,0.4952078958370483,HIGH
0.1692549933709361,0.14218169841672004,1.1478597279391667,0.47288304612347376,0.46496740932640707,0.06143363538902392,0.015571778043416227,0.6643162045258463,HIGH
0.0393957235198495,-0.008132743965780887,0.30359870983588366,1.0063953155702856,0.2071649256009782,0.0866433538450917,0.5247659027309108,0.7667013249022983,HIGH
0.6819870078251999,-0.14765256413846015,0.6572708365214707,0.8530606284765149,0.32451917673799435,0.13833104837720814,0.43231340605361573,0.5720541053925581,HIGH
0.01858223825904058,-0.15781998950159748,1.112571470324693,0.06129784253935636,0.055640957308044414,1.3313436760652497,0.4109388782441716,0.457600999753652,HIGH
0.9165080019987762,-0.23341081681458847,0.1941575130027329,0.6062397662957877,0.20603128645774085,0.2114778977142038,0.48389239963614794,0.7413649205682331,HIGH
0.3016966257310146,-0.7112364922773857,0.6331101167590485,0.8401294260318849,0.7921136383984927,0.07777815865431127,0.19699068596094846,0.8579688784199028,HIGH
0.7046596996507505,0.14081593996791067,0.7152642672818955,0.8646889746672245,0.28859785706808166,0.5382440790484184,0.2039645067354488,0.7669458128441387,HIGH
0.5386687405293189,0.0772496666168946,0.6135474716690907,0.21644705621321872,0.44408565808556216,0.6437682947482046,0.10708431585458149,0.7678593723531942,HIGH
1.2813004256079403,0.33686150602836734,1.070375295725823,1.2476399689752935,0.9786187131690887,0.47193847857988647,0.6439215625306842,0.7503094542930803,HIGH
0.5281919701774184,-0.24321189896885384,0.474776619891993,2.0,0.14901350142013237,0.09365763164602814,0.030710681283033014,0.5933601669111858,HIGH
0.8938178414119987,0.7760611227002002,0.6449862301652329,1.3548905946912364,0.5332652106321857,0.06177501169233429,0.5467196596394859,0.9557252102779107,HIGH
0.2501982341718152,-0.17948909809684588,1.2028322598997319,0.7676209753768108,0.29566695222670164,0.5753834785184944,0.29006291544396456,0.8923766868747527,HIGH
0.08488185842977049,-0.38754604972177226,1.0495475131636645,2.0,0.20982804127517315,0.5985971123326468,0.19301341737097855,0.7221895035581282,HIGH
0.7808726561506737,-0.43734766633391925,0.6257773798947848,0.4650843821699081,0.15611950901618474,0.04831722643802724,0.499978542478539,0.796232176744,HIGH
0.08204655188852818,-0.7482474093564582,0.9481047934282987,1.1350740791428406,0.503009201330288,0.03625511199326742,0.32857371373126376,0.7689022442781327,HIGH
0.6767709006969725,0.6237037148051137,0.2830958209451683,0.7058842094917354,0.04928473371530314,0.39851345153969336,0.4908822265480822,0.7425054680895586,HIGH
0.15085768179535589,0.5558483041228379,0.7435433000788988,2.0,0.07353321334278196,0.14315602671059077,0.20796640625282378,0.9315658932593481,LOW
0.4896578001589428,0.23231296841159835,0.8032769417150861,0.3252830563534758,0.13114383577597216,0.41759126183160844,0.5904807064101961,0.7632450030123832,HIGH
1.297030915101921,-0.3963572992658275,1.6440883979306296,0.32454496283121564,0.5078007185124982,0.4153927384625824,0.4218583442452551,0.863461103952909,HIGH
0.6404250303327745,0.7407324262548303,0.23898940506090094,1.7673034656298734,0.2273173415161378,0.6040396635985046,0.815147881888692,0.8613241702167189,HIGH
0.33734477806460333,-0.16772204783909547,1.218361889493598,1.0768601249065517,0.1662049362064219,0.2675792520966887,0.1279286983577586,0.806703658009156,HIGH
0.5477277034785776,-0.132990849115194,0.9932564468986016,1.865680019875639,0.6406566233055546,0.5790731730023002,0.3273883884043011,0.5293270518843147,HIGH
0.2579914099061848,0.5836488137831519,0.1735307181311925,0.35456074360075546,0.06459061449637497,0.36142574086939205,0.2945010885612184,0.7642898849303936,HIGH
1.6273634176006841,0.25674244548196634,0.7572242325012926,0.4153691615009641,0.7837861788891944,0.39270680748408693,0.6985876720005028,0.7879438214636634,HIGH
0.21330528798381257,0.9044633182769292,1.2563493756904123,0.9448412644848906,0.34663072907411724,0.25054964039224925,0.9563993568512676,0.750552603749972,HIGH
0.3671266724459208,0.0844633493339882,0.8021236232639882,0.18264201048533152,0.24703051303837564,0.09217912841810831,0.5218537803733879,0.6670083186526427,HIGH
0.6007298924195893,-0.1867529358230644,1.2615038740874949,0.8966264198399801,0.07162693266612917,0.4041759973391522,0.4101068324502836,0.6387054301377721,HIGH
0.5195071238158514,-0.2769580510531142,0.8960744513190133,0.5303937484194456,0.32145820410042747,0.8379742527558511,0.8159353664450092,0.7310146420182619,HIGH
0.5625231482185747,-0.7957383944200633,0.6893464957098564,0.7026401492188342,0.10750245663402401,0.27850351636585097,0.3517392050748679,0.8119279606834596,HIGH
0.26255375841231127,-0.13701022457860587,0.09767890353855152,1.2423296081131396,0.6329715734170834,0.6024082036226577,1.365300314277565,0.3247331778844113,HIGH
0.32635952535278356,0.4607292023074998,1.0452625800153639,1.2880128940983946,0.44640728068974067,0.49709696929108654,0.2478863318875261,0.8488945260097379,HIGH
0.7563761225768388,0.23151035251554905,0.9357850006890652,2.0,0.8265317314770835,0.33806382607614965,0.05633178817929041,0.4575350334543376,HIGH
0.7309345389830262,-0.01147063724462956,1.424519980238078,1.5869744115283013,0.1422155372679532,0.7484736476835278,0.12504898025577263,0.5647387829028141,HIGH
0.5285289497952276,-0.43787246640285826,1.3390750187060136,0.09914510020927815,0.0940288357386824,0.18276375286832766,0.3373487864622828,0.7195555278622169,HIGH
0.9690307739153243,0.07528666756534963,0.5506257521885234,0.3504093293468523,0.10233822514440515,0.3670246750310204,1.8185541981428255,0.6152207086343416,HIGH
0.7770672526520822,0.4053817561820567,1.056609314867935,0.3779296305576322,1.1085619279315497,0.6995614394544839,0.20397765860646014,0.5843456214636152,HIGH
0.715813541425477,0.16090208771739348,0.7368622127970477,1.476477260217625,0.3750992293645487,0.1840098154064732,1.353963297357126,0.5899753309259899,HIGH
0.08029469528388807,0.050028771246010836,0.5568199445930426,2.0,0.39222070164183953,0.5645682801859173,0.5174794124076864,0.605917398456065,HIGH
0.5239112450331056,-0.3547222143781065,0.7952005679917009,0.2468314259300698,0.28622715910655255,0.4267522013566395,0.20310097036568084,0.9545631492914932,HIGH
0.45747450314798,0.3442163619270453,0.796994022285947,1.5026333249036203,0.6685091647090381,0.18000040995314145,0.3627671962785968,0.7254101368636116,HIGH
1.0523371510844934,-1.0,0.513808351492667,0.7687664964162757,0.15182368207194563,0.1484138147851027,0.8771112215538075,0.7919508098403946,HIGH
0.35112280804800633,0.1407951977233609,0.9856699774142229,0.6868808384344979,0.3279199673294028,0.28528579431531287,0.39816405069375593,0.4496496200030595,HIGH
0.42989694145813667,1.0,0.8495195976035492,0.4588379323698152,0.4041570227148583,0.1481197669477929,0.20805718133500997,0.7663446671662816,HIGH
0.1489569353105019,-0.6535168226793757,1.3385054254706776,0.613096436372844,0.6119285597075694,0.43015120213835795,0.3415697790891642,0.3667817984054947,HIGH
0.17805226973261545,-0.12137517097457372,0.7710437617999589,0.8999086114506593,0.5369741948556734,0.06898215142910989,1.0188578639770647,0.7133764210796639,HIGH
1.0545720371250287,-0.02332261585238509,0.32218257521934346,0.5054899685027275,0.8593335060380393,0.31934694002502906,2.0,0.7481522124413487,HIGH
0.5609824374242347,-0.21428478190376235,0.9610162058986093,1.038325108468695,0.14891944723114933,0.06382358444753128,0.845041565324179,0.4959098182295449,HIGH
1.298947888144717,0.41527718187477136,0.9264088659800145,0.6892633469037962,0.2548912582070985,0.03167522611185195,1.419436569112677,0.7669997912496171,HIGH
0.3460771358464246,0.17842942602922643,0.5378483496407258,0.6302626938152454,0.6832507550001067,0.4866765904090447,0.8292901732005827,0.6613106631083105,HIGH
0.1028970786076796,0.04396615646987409,0.7392661117321623,1.1824746969667994,0.3623156449939864,0.040073214466004176,0.8242716614092954,0.785042334558873,HIGH
0.30778012810470784,0.31485447569109765,0.3454549690923793,0.9646241454407518,0.5250996445421836,1.1715811682596897,0.6970677448288708,0.6697940065318362,HIGH
0.2661858109225861,-0.012964702189868275,0.6238373092922352,0.06589532180385742,0.4104626854766627,0.3461676218727998,0.6120220993340459,0.5426813438211683,HIGH
0.656149325444988,1.0,0.5297244089403722,1.070985138028938,0.3962245227652301,0.5697686521039348,0.2550993966114883,0.44611961193579613,HIGH
0.6378250008395379,0.04356571213583127,0.6225607795436056,0.9250977067850531,0.4339585148689148,0.5371057211656223,0.48039375078079805,0.3919194828280827,HIGH
0.5810097112373627,0.06201848136567582,0.978165768745426,1.6569489312650945,0.04624758312888281,0.36891595639118874,0.8433068502078375,0.6869275851240395,HIGH
1.5649209649426206,-0.7383965808207756,1.3989188877811236,0.9527773421834617,0.5767318810248135,0.04555164274325909,0.614547853724374,0.863581105460607,HIGH
0.9316881322530957,-0.24824913746743799,0.30867039357851117,0.5856394930964455,0.7766404456047659,0.131234836567808,0.10673803931023973,0.8341159210531657,HIGH
0.18980148449892373,0.46189862635592,0.060851954432439036,0.44393967743427415,0.3866094770686518,0.5842170194770281,1.0122228065767929,0.7782205206808348,HIGH
0.7945140261185163,-0.5808918771511464,0.810821196014702,0.14967000050475524,0.5160028326217302,0.4471956830867238,0.7254506549514993,0.27894042369901,HIGH
0.40874532803707364,-0.926174013206821,0.4265091156913852,0.7603350899442987,0.0357169647434652,0.9025555498187148,0.9728454138306826,0.7666891426814714,HIGH
0.33856198477577565,-0.006427502101218575,1.282427113529058,0.3817928489414742,0.8433552226704766,0.32518704997757075,0.1999512236546305,0.4166504375293958,HIGH
1.0101488680109831,0.5557126931394907,1.2274286102281489,1.829457434156061,0.4488209080812414,0.6269166890148913,0.10891723827389498,0.6119625087869277,HIGH
0.17884458256552438,-0.0021998839476272333,1.4445061898734524,0.7857771776639555,0.15773609161909077,0.27431950569631197,0.3983743082331545,0.7415478636828697,HIGH
0.7586712630678523,-0.16117233310306428,1.351460338693335,0.2911883955286437,0.128909514021943,0.2951733225798238,0.636282097341449,0.8237623709421569,HIGH
0.6782986303030625,-0.8005649338512115,0.2168824681378331,0.10753329805791487,0.21881888375091407,0.7133300793515995,1.2744209983967316,0.8955075503307793,HIGH
0.17568470092243751,0.1699467315349212,0.8652487564565731,0.15918538592050274,0.5144826430024082,0.060617976531725466,0.576794352936829,0.8253237930626138,HIGH
0.07713010764206131,0.2577355457308788,0.7853192704190999,1.007297718616884,0.2036317738307107,0.466225895623906,1.6531483157808837,0.5266973842594914,HIGH
0.3746974350036344,-0.7683276496224621,1.2620432564902977,1.9726649890607866,0.3196434787112467,0.4278779111031841,0.3267375466921488,0.969170981129331,HIGH
0.8574776296745146,0.4565036284528319,0.7655453096661629,1.1628008295425392,0.4608621105389986,0.2478330015040151,0.6956669906256573,0.8606707858184153,HIGH
0.5224501808873471,0.3015921208746858,0.8563685938214978,0.7010094318296908,0.34886047875783527,0.21028160102769092,0.08243899265213296,0.5354442545563631,HIGH
1.0318604767468467,0.4555726958698851,0.41882476423696635,2.0,0.2798997351466381,0.17400417644357402,0.8869504275941974,0.42396343647096635,HIGH
0.49676360040964146,0.2250805385700036,1.2573182361418713,1.346091993793701,0.9683402340464806,1.0585889522698175,1.2221452120672913,0.64560740637966,HIGH
1.0778293984268212,0.25454673770075376,0.06808425024932556,0.959272902475652,0.6222968847362751,0.20968347232002002,0.6078527376505176,0.9030528449607305,HIGH
0.2429128857216889,0.19870277745473033,0.6668793237016941,0.5726632670546119,0.9101550194870763,0.6234954588969939,0.161609711037184,0.49172588535502115,HIGH
0.5796986877359588,0.34475837503050216,0.3749392944463697,2.0,0.06097998470974106,0.4378795497630342,0.47737408463736697,0.7526761157972884,HIGH
0.28961038769563635,-0.7838782630320458,0.7911533839350912,0.6182384948107599,0.07652794139401468,0.29211627652486805,0.3190631938128687,0.8121209388462344,HIGH
0.36564661391571385,-0.6504449621210361,0.30755669571769545,0.38058704265513216,0.5582072816738605,0.12307382585047727,0.350971399304726,0.8346763588738673,HIGH
0.42877943674123997,-0.32912331807970413,0.3245841434385861,0.7245502168128511,0.34546368412410144,0.2763921102366723,0.4740203249981591,0.9457538471808115,HIGH
0.5212396655710573,-0.07452447210247236,0.5306674353014321,0.8401232630843014,0.8758515506087122,0.2267442644503256,0.1546827213415267,0.7058024649224196,HIGH
0.21487275329484556,0.14301750778943534,0.9621336643041559,1.4284701323863669,0.2611157784211188,0.560754813834926,0.5687318742466537,0.9977735594033816,HIGH
0.5600099493759144,0.11636629435611702,0.8938100154864117,0.37266450055858485,0.29246427790830015,0.2719774980537525,0.3389533658905665,0.7778394551656025,HIGH
0.41260311701338137,0.4491844408115331,0.756530368732767,0.43635340193235705,0.37611308883314926,0.6373814148615963,0.6569525933148888,0.4260873135020671,HIGH
0.10923403453548955,0.46236802540374733,0.6312677771665982,0.45668310581609234,0.34818094999395216,0.5286032175334501,0.6576109772339734,0.5604039876366944,HIGH
0.0642544141699003,-0.386401745483393,1.2103389004890799,0.6949488538097589,0.6261949131443525,0.6766495283771434,0.19896575070383768,0.726682365236844,HIGH
0.8596446532331509,0.08020196622119792,0.6357274247023097,0.2971014149948116,1.1595182195682376,0.8592241352438205,0.38072018808160274,0.9038926062997462,HIGH
0.35164914851297996,-0.37608925004317206,1.1969417609466984,1.8144070539623112,0.24218118135285915,0.37987514618251883,0.3687656951416263,0.8155893275785714,HIGH
0.09708017181329233,-0.09906375610849799,0.5033607657537325,0.16109250513175752,0.2785296314591344,1.0363309175894495,0.4601297947597648,0.6388515704001554,HIGH
1.1955118718387021,0.11515237500036778,0.9972374111346685,2.0,0.03978506213715293,0.5943732188504999,1.121228172245182,0.7565364413561555,HIGH
0.6011526594912732,-1.0,0.4765979741543306,1.3304662496158015,0.13259685330205037,0.28651455101521905,0.2782141248806757,0.6961283878462473,HIGH
0.5111855957047854,0.9927224966486674,1.2212334897114312,0.3522662459650292,0.0705278172784866,0.32827085554527835,0.37816089681739523,0.8363271407187346,HIGH
0.1979591099446492,0.21789164450693957,1.0123631445148134,0.6512741599011902,0.4357025868198152,1.0618276853755149,0.6632150829942248,0.966742640991065,HIGH
0.10758033127433912,-0.2701953756736305,1.161121325001705,0.404954452538118,0.49456382787979314,0.5945531589993526,0.49988740382774205,0.5656377351452645,HIGH
0.45797604684309423,0.7894952971966958,0.4009523956122303,1.3467205873102368,0.06207335068073927,0.4420159913115858,0.8706620397017312,0.7834369789886885,HIGH
0.3930123138727547,-0.16592109160420163,0.514952830146134,1.9368173773193134,0.6314893814955702,0.39029972617330244,0.647784802236307,0.7873473008167083,HIGH
0.15135389569670388,0.03565814204778425,0.457395147207444,2.0,0.4056364590558465,0.511097557934121,0.3755879835872307,0.4763123508602811,HIGH
0.14618051288190193,-0.22458864036700343,0.24513353163004403,1.1098737629079227,1.060208028031483,0.5803797971947598,0.5330650553633296,0.7394565558914034,HIGH
0.13900075230302467,0.6738365717262025,0.3368051854772175,0.16604040332878206,0.251196778165395,0.36559694018241373,1.0272489107480027,0.8266866265649109,HIGH
0.13424815511881533,-0.06409357664846975,0.7374125833830261,0.3278415807562011,0.4243929856952535,0.6333330938057907,0.17005114610008734,0.6672209295758201,HIGH
0.23600628116514638,0.04278332231059387,0.5398399147415357,1.0700533611201637,0.30391617332347964,0.455780165676105,0.18686576846077865,0.5250292001607597,HIGH
0.5113120025026963,0.48558850427068734,0.6643004940216504,0.6738039150939976,0.22205561798158135,0.7852564295237073,0.21064905653245383,0.8132173358741994,HIGH
0.5752743207570925,0.22575857213365214,0.5227714675348851,1.3174107474019217,1.32931054181428,0.5445953801450312,0.3876150012620783,0.4558810158864167,HIGH
0.3867838340292439,-0.04282618735631021,0.5451154755072504,0.9720435450603776,0.4435310210812789,0.6778833046022315,0.42408033008495466,0.8934830864384764,HIGH
0.44242327405519455,0.4463642083901344,0.8487405908568975,0.35704209869261483,0.04014806234550068,0.2849973889755346,1.1335605598182228,0.6099496441048327,HIGH
0.5950008320220017,1.0,0.45258823458034014,0.591059638749244,0.2156255071913531,0.3956850563775482,0.31738503940382223,0.7350657951864842,HIGH
0.045424052484272295,0.11331238849575694,0.6428980725077411,1.362598313951086,0.7050785285017294,0.22913529720183978,0.11983599014578523,0.48310565212657114,HIGH
0.4687581981374358,0.029039236906477885,0.27957168673748894,1.0131770339563675,0.18174360656788063,0.01037503484600668,1.0252869813195609,0.7202700909640977,HIGH
0.9597796734161614,0.051663375120014246,0.4424447046600598,1.3278966724629058,0.5610869252371868,0.6265712304538533,0.3061367054568039,0.8624196672846798,HIGH
0.3444243677504396,0.5303803903492373,0.9663901504600951,0.22957287950639368,0.07727569623863553,0.19960537907605905,0.7789307056403467,0.8790997311165921,HIGH
0.8360433629032993,-0.2716630487138274,1.3176208654805002,0.3800305847145821,0.17636426549741907,0.35814237114904063,0.9136332117513082,0.9332204015069697,HIGH
0.3494955952025313,-0.13689337507889762,1.0485383872074694,1.7252572238205632,0.387815645478007,0.527189328013708,0.5619119267519229,0.35796278518092267,HIGH
0.6233600970191341,-0.6657260386331894,1.1495653958941496,0.23892328565010765,0.621017574599994,0.42303971710654537,0.45962190160573746,0.5851736908854285,HIGH
0.5037232380875614,-0.5172245023087889,0.1501493987906554,1.272450778952669,0.34715222353046005,0.09639363997493944,0.24957688787475976,0.5674674782901499,HIGH
0.1367551766995693,-0.23747600113314757,0.5542688362746716,0.21202356165241598,0.4390139146471591,0.239043592903297,0.24311897279368272,0.7665104436871745,HIGH
0.17029152329548436,-0.04349353750537754,0.32613471476002626,0.8302087408094021,0.12916003375998444,0.16447424048256357,0.9381760566950621,0.692799597124138,HIGH
1.0777865288759263,0.7230149968234502,0.5426002285761669,0.5225400841233123,0.3904482189171368,0.0915998926298292,0.6276152452704379,0.5947160135934028,HIGH
0.7207579186999807,0.20511697806859425,0.1080780647410877,0.3524760461782511,0.39158796886977293,0.6651108768616982,0.9421870152925883,0.653673490359874,HIGH
0.3683532408675618,-0.4030729742797134,0.45779378449627833,0.8813967592010685,0.2722273640255494,0.4086848249059126,0.32401441809918813,0.8280263113390354,HIGH
0.33106327475547553,-0.32575180385292846,0.6164128758571819,1.667566109015344,0.73576479059578,0.8936122998544006,1.0703382296665789,0.8183270166230096,HIGH
0.19917244915961735,0.5573944469568748,0.8381407446959377,0.42777241893994344,0.13144669949548718,0.47263304035886006,1.3421469949899953,0.7611322853819703,HIGH
0.5354841941257531,0.45317634642426075,0.9146200719074894,0.08226978985212019,0.05205499938464703,0.47592689785537673,0.15674064525501616,0.7107908641264001,HIGH
0.2149277389984244,-0.008177037705834715,0.3937515530910384,0.6892529782182354,0.4409567588644825,0.316626547594975,0.16629968711690438,0.7173551396676706,HIGH
0.2971127233571064,-0.20586111552630953,1.2694271748217916,0.3492254932807399,0.5778012502826079,0.7530145784683037,0.8142717573867327,0.6100341206124761,HIGH
0.23518602315880624,0.45247179099595,1.309659605101008,1.382554810306569,0.30556658143220244,0.40187600532208595,0.5391999438685121,0.8236259184058158,HIGH
0.6898341064069806,-0.43719739322436835,1.4483213916507138,0.5212523537236122,0.4603165924394783,0.12470964304662431,0.40587305058585366,0.7055431345958029,HIGH
0.35650179245024993,0.14465276718415968,1.3553342998562294,0.44175712996613553,0.8817800176724973,0.15236874684491425,0.9016926175863595,0.5639441518268029,HIGH
0.4449391301158053,0.934516776175199,0.6812091498685959,0.5701588894213995,0.21169485807483546,0.16284490574892047,0.2876474853119868,0.6095617254138604,HIGH
0.13949959650059093,0.06624938654561213,0.6620571582295719,1.666975601432591,0.08226208104044296,0.22096336959282553,0.3033607370434754,0.7727215355204146,HIGH
0.23378794359870061,-0.3457559812898738,0.28211187910090596,1.050633228673085,0.5604103433516168,1.0500729401085436,0.17754679117291586,0.8262566085675387,HIGH
0.4523426872822792,0.15235485512204588,1.0733663837723475,0.30351739279092416,0.2015927962788244,0.5376383925669574,0.9836676553947719,0.6088086445592934,HIGH
0.0822405984650745,-0.21740366198644595,0.7472489064469938,0.22920355038719017,0.39772463921401063,0.24211357718905335,0.14501408551037454,0.8944209247191026,HIGH
0.3356518759946632,-0.6055286543764341,1.5016085691468832,2.0,0.4693466132550357,0.17926517574013426,0.90603261437109,0.7195705750809095,HIGH
0.3960044473524859,0.27443513128628483,0.4447107711175757,0.4325842386192891,0.5221035576411394,0.17667431443831152,0.7222959003212056,0.9038266709060212,HIGH
0.12250142282446463,0.4494904482308833,0.7739348899051943,1.701592626968438,1.20021420475391,0.3788995070835299,0.9261142138157019,0.7600436639085126,HIGH
0.8109243981344906,-0.1505808022704805,0.5891129100587041,0.6672395138454308,0.42816871152257446,0.7615499387750487,0.19054356837429046,0.5036409863195125,HIGH
0.5169661379536823,-0.1784389831204348,0.7693704184564488,0.385422199704893,0.07154225722585437,0.7813736065960929,0.44782341193214353,0.6873223703492624,HIGH
0.3544353471366447,-0.42385746427116844,1.3858689986593202,0.4124299532802513,1.0651278621417513,0.5645610353565147,0.25032023491826966,0.21545721788801628,HIGH
0.21931364432091752,-0.08297295219637797,0.3795711321711907,0.6926523096015545,0.8308633437168761,0.47572838077729385,1.2603131127816967,0.7464743410309457,HIGH
0.07864455497535046,-0.2561947208277402,0.5495134885971669,0.07738417437343831,0.47445774806838303,0.03963333103006077,0.5116012007358043,0.9479840645534654,HIGH
0.7689793402600898,-0.4446337284153673,0.7223755317932118,0.3968846176407841,0.5219425127978464,0.179395038821505,0.31399894061215344,0.8667385436658009,HIGH
0.2748094783215703,0.7747109087678344,0.899186304717366,2.0,0.1495098387647694,0.4943193871852156,0.23815402012915893,0.4082050842452756,HIGH
0.10287824694226674,0.17592698303479307,0.5491528266913092,2.0,0.5521287855706081,0.9328080956179929,0.5566305188273124,0.8364961803637974,HIGH
0.21385755591895045,0.220405945372328,0.9142583091307102,0.4341017807461694,0.1329936483070525,1.2128876821563204,0.31640525092630206,0.8706326162433436,HIGH
0.5572352835338794,0.35102781895161933,0.6029823630223796,1.225022738044801,0.34080579190532595,0.8018659480720658,0.3466563739423652,0.7773252673047135,HIGH
0.47857570554093076,0.30383521103911826,1.1479876963361257,1.0295455706934666,0.1876155046502388,0.07201499779451821,0.42999421024389545,0.8454728196190833,HIGH
0.15202066925067867,-0.1935061801746202,0.24766272182675805,0.26241903490368923,0.3134234357436839,0.03671784509549375,1.7680622721466317,0.8208273700136268,HIGH
0.8635959018155738,0.09447210164801621,0.09533736918055732,1.2399748730692095,0.4660402676618741,0.3063717347499304,0.4938228226523501,0.7412172362194965,HIGH
0.10140743924997753,-0.1329928033894773,0.5611658579842483,0.5594968747162812,0.05918089827535564,0.7457076447961718,0.30566550556628236,0.6785085624223415,HIGH
0.9856058576372752,0.16415472240619722,0.7834119831233166,0.8042401142458964,0.5285714528874105,0.21732087144004758,0.49281282725222264,0.6669546487438575,HIGH
0.4636015101820864,0.12351017210242897,0.30840489553105316,1.4201736417628674,0.09544430305840428,0.47836175821258525,0.26299376697322824,0.7377719367591078,HIGH
0.2924786233287021,-0.18071730956296478,1.1104828504720503,0.5909937759699367,0.6017999996300705,1.045345316396944,1.2510614769233708,0.8319109500201004,HIGH
0.32678947621900534,-0.5783054636271556,1.1458527129705312,0.5856226442546476,0.4094268624622786,0.7483057916499348,0.7957015667409914,0.5119511313927418,HIGH
0.42485048216698146,0.04141956392551323,0.2910268487312853,1.1442514409709361,0.2065481118191501,0.6387963747863127,0.15293360968833355,0.6361402188081282,HIGH
0.5885646581078608,-0.10579318487906554,0.8509256077237854,1.7365968882430978,0.08870646270895786,0.35909576851587877,0.7906452941399361,0.733544442920698,HIGH
0.06340082230022454,-0.8139563440376785,0.3917768913025144,1.097798638819983,0.5353418177149057,0.29937966137266453,0.5671231923464928,0.5984080834372737,HIGH
0.20767008183732527,0.19321794293326136,0.9320131280324112,0.6091642177817289,0.6661521108358829,0.45098532873627933,0.6928349186047621,0.5965127341297252,HIGH
0.4145994082234385,0.38544368714196564,0.22962420191924748,1.6109272309447327,0.21130695099979302,0.15232709340541112,1.0017208589150082,0.7718933031591331,HIGH
0.8859466776471281,1.0,0.3845530614691267,0.9987502687742583,0.3620159528981297,0.5290683430191948,0.20612982030987834,0.5339185917051511,HIGH
0.8632659761633261,-0.18430295139467762,0.3516458799160735,1.9961195038558632,0.23683189741625998,0.9207958340619316,0.44498346422052454,0.5795481012391911,HIGH
1.1228470385865439,-0.24625899655060843,0.7347389239607885,2.0,1.253806548993435,0.03975210388498168,0.6670524248048936,0.8053410500185143,HIGH
0.8355188965612333,-0.4859568327844814,0.41041901071271464,1.0846375707952047,0.2199112945125175,0.04416867045225011,0.9292031965820851,0.6452668230863686,HIGH
0.19386176178338482,0.06762960072454297,0.9200317761667778,1.9002514443916771,0.35727650596715477,0.49660344441008747,0.7526030627263942,0.5333060395828312,HIGH
0.39474419218698026,0.06497363583450913,0.9584235289879831,1.939316376469437,0.7904510114840698,0.11316764872955716,0.43391509889764474,0.8315083582910611,HIGH
0.8389013224776355,-0.36074446061043464,1.3873956569366765,0.7230035600714925,0.2182177224744494,0.2623633554617825,0.9776524328331606,0.5860677419183644,HIGH
0.783951238159474,-0.09347055044161284,0.5567988553821929,1.938932049843521,0.3903027517623766,1.008482861353815,0.40529109604328223,0.7161677411334628,HIGH
0.3401243968024461,-0.8510395800935299,1.0390123026243412,0.8332007422084595,0.37732894599647654,0.2731101157113072,0.35157462244720183,0.5296755218912241,HIGH
0.576985068625549,0.3690782340899635,1.2033174445222963,1.3261712630869225,0.48196189630776626,0.7106628269741546,0.06849094724907225,0.8072467223852743,HIGH
0.2735248360310616,-0.34368528906231005,0.21014462733930042,0.7705208708214902,0.2745998438536643,0.3199170513127155,0.17606156182536467,0.6296904853783143,HIGH
0.09292536189039281,-0.0345556675934513,0.5569758499488311,0.19107016928046486,1.04375014067324,0.4715820676541746,0.4090438064537572,0.958502462617312,HIGH
0.3642013308665975,-0.6192112369450672,1.2159917622292822,2.0,0.43432889820828813,0.43396989915021766,0.18648999356913717,0.7269886966689489,HIGH
0.3471598722400744,-0.26458851177386083,0.9429441656684098,1.2887213313548607,0.23357802384353046,0.6135432760323417,0.10114209114306483,0.5151404255950791,HIGH
0.26267138757751385,-0.13742828447736144,0.5872073182641254,1.3710347594672085,0.12961837654798372,0.13262050605656067,0.21615658680472521,0.9147437678475062,HIGH
0.5902367292893684,-0.024742155723548657,0.23628279818130288,0.8962914458203634,0.5705852679419782,0.5921641693239599,1.3380073704766942,0.6349019791401858,HIGH
0.331121292266179,0.18148765651945495,0.6721650673536463,1.9293973241726918,0.4287660040876806,0.030866418403139247,0.14749661880147563,0.6662392831216966,HIGH
0.5328409595652688,0.5844115350642125,0.2805712490853661,0.7100492785269947,0.3976710729371795,0.3871351348252098,0.16378192569195524,0.8820849543902054,HIGH
0.6810771100301966,0.28773859596312956,1.122110626377733,0.7479043814648874,0.5841597531106961,0.1890589490331057,0.8958874369524337,0.8355466310407079,HIGH
1.6890114911935026,0.3841091081214228,0.8698823461432337,0.3071207656963158,0.38381296368692946,1.1968860180185397,0.6571817191915811,0.9323493921353606,HIGH
0.3690270249329045,0.587363726176118,0.6626875294820936,0.9674940074568764,0.29002120766587913,0.48258737988588407,0.44898111552179604,0.5834129853514017,HIGH
0.8943348480234755,0.21927731023953292,0.8282238158630254,1.8624862620220841,0.22497495699448336,0.09931640047099509,0.8446547296772852,0.6354733785671431,HIGH
0.47348403542705547,-0.035417022159978044,0.32639821603113195,0.7170704443049887,0.6416649464883247,0.47139872065322963,0.5079128212012607,0.8316543828155452,HIGH
0.49387509493659515,0.4038270006271232,0.9650723897224294,0.26803160805341736,0.5102172731615704,0.5730273129328192,0.002232169136314659,0.661652844212733,HIGH
0.37295842963869846,0.43066390010389577,0.5619164901960828,1.6006145541186154,0.1344811209844172,0.27682594163782975,0.28611132109947435,0.8748930054722244,HIGH
0.44334412502656595,0.25239765194573477,1.1263727943719064,1.1521670419679202,0.49610757234597236,0.67775401465473,1.9845207583812874,0.4618486675801703,HIGH
0.33359325410959484,-0.6309435907551633,0.7148698965797228,2.0,0.3385014139784314,0.21072132597159035,0.5082837070876093,0.852483445823686,HIGH
0.7911121400183333,-0.37341326429975197,0.8130943785587122,0.41310065820341174,0.32461610186869433,0.5575207540194642,1.0536773150530452,0.3953693072235697,HIGH
0.214585407912341,-0.13543872369280327,1.3764850246684073,1.2921767526887606,0.29955925714968085,0.3108388483206396,1.107483204831691,0.790901623196201,HIGH
0.09192625911158601,0.30744082870907763,0.13068876934266901,0.2566524688616372,0.1022202955367047,1.1906426142279565,0.7414264450527667,0.6219524454655598,HIGH
0.2554334745275885,-0.02896549600963509,0.2165921454161265,0.7875074178628142,0.21945312230273673,0.32900316999630885,0.46553725927350137,0.6696013346081746,HIGH
0.23277354565842545,0.45748482604923657,0.3361845613479743,0.9077933399673368,0.3661361504862961,0.9858380045499908,0.2320115600234472,0.5745544142231539,HIGH
0.2553174945439295,0.532399384072598,0.1795654168804317,0.16912736385096094,0.23333816101618204,0.07794214954796724,0.1488574352817511,0.9540369086536452,HIGH
0.3577701571386157,0.4836515968444266,0.4947705403861516,1.7694502523103088,0.4463281862898769,0.3837124542398768,1.0830520755573978,0.7474722703980068,HIGH
0.2561233867747531,0.4863270370817204,0.11066374163023479,1.4454197253772836,0.3347161475197856,0.042172946281561034,0.6289945076159824,0.715941226158344,MODERATE
0.35379999846951127,-0.4555374399566616,0.3142084983853793,1.1521034020879892,0.38158590996245834,0.6741256889188598,0.6344809075227916,0.747346231076951,HIGH
0.25679928370461486,0.18270690977142584,1.127283480304101,0.27377316030503834,0.48679022052997434,0.6496193024486654,0.738357665095046,0.557974691286645,HIGH
0.5410367348080877,-0.2751621972012748,0.33256673512226015,0.4496701866847743,0.1923322101359995,0.5265797892147202,0.357758978492312,0.6512977138967769,HIGH
1.6790384608010513,-0.7126078591708633,0.9880154187377476,1.5655040052694673,0.1652973916661913,0.24383820608373347,0.9465483748211103,0.7301535803199356,HIGH
0.4664688896642244,-0.14073787546345118,1.4079956748260989,0.7814469916660122,0.23701827300946623,0.04720314955699889,0.5346162894089305,0.7764723431573594,HIGH
0.2657737413126083,0.5363895255634455,0.7114205431352935,0.6634549871083468,0.14097029439176004,0.9688277906291359,0.3899288010912983,0.9527217014738819,HIGH
0.02552168500534254,0.17351164424975468,0.20118706191318494,1.8988870778461036,0.5650931333357024,0.06869081051022478,0.6414906163403405,0.7651940960047361,MODERATE
1.3267222910305594,0.8274799360744746,0.9512638680969163,0.8827147063291375,0.7157569830563403,0.3088833481695712,0.9693602099344938,0.9437096834973168,HIGH
0.4860192780057302,0.05443666101260684,0.3160875356277327,0.2973505911870803,0.11270769484063613,0.7939824390308299,0.37723494884490644,0.8192762054697829,HIGH
0.3513209811382346,1.0,0.5679567914947196,1.5519048500853252,0.8298159786595773,0.29937244311144706,1.9734019990494451,0.8976693886688277,HIGH
0.028056875119638818,0.05455891471716151,1.3849596722324975,0.26127893530867513,0.6094724689937274,0.1314486804118936,0.14326792065446256,0.5665589172856903,HIGH
0.3659506385518141,-0.010558275615430728,0.27938819026425354,0.786679131844911,0.35875510548795575,0.4417531219198564,0.7042040985747876,0.6670687978993981,HIGH
0.4405206640170973,-0.5573438369270285,0.7585284469681267,0.978903406397234,0.18037991370419518,0.37589044195540244,0.2591139085450746,0.4794514658760979,HIGH
0.2575959271622923,0.44643635092296247,0.6101017395864641,1.3276979013129295,0.29818724192736024,0.1387920212406662,0.5437661266210054,0.7930200441683186,HIGH
0.11211194185530793,-0.23089255415500112,0.7021939248486537,0.20481610000686992,0.38572148925390887,0.883382403549177,0.816498491843272,0.6973837058233733,HIGH
0.1044251590847748,-0.29176000855166534,0.42996398538869923,0.06087281256886014,0.13683188192286874,0.3535337471065189,2.0,0.5328005430851456,HIGH
1.3405789458371695,0.5181168367802802,1.1618234142987944,0.0644125600011121,0.47553136999081763,0.4562463511067047,0.09071691235824693,0.7351875642221721,HIGH
0.4310100162948288,0.466453520894302,0.8145067585555261,2.0,0.11881955725561488,0.2071651356865596,0.19725478952973063,0.6780006883636133,HIGH
0.2574004607122632,0.4554615742284851,0.974013852229592,0.169780123093246,0.3483813862737115,0.3841921753077924,0.7261443587105693,0.9639138287574949,HIGH
0.41173915152043317,-0.17212027630309207,0.17866694753376447,2.0,0.8608179403529859,0.24836031367887462,0.9850622853871664,0.5362736814059296,HIGH
0.3905227446150375,-0.041409863428205684,0.042457329566707745,1.6705229102455765,0.3542959623483949,0.2933116710622308,0.3432250547057171,0.6532744195284333,HIGH
0.09891916695022059,-0.04513884703225761,1.028931046496327,0.3491869825550078,0.17232492594864507,0.6453463810761617,0.18496106315378136,0.7717734255251867,HIGH
0.7555769341323972,0.3086576358824072,0.7870473147547602,0.09517852927412682,0.6079074351497249,0.9479944136111403,0.7444685161164629,0.906698281712886,HIGH
0.3440959805789147,0.6324971607675766,0.19341993236266092,0.8340898258694932,0.7683320261881418,0.17499054959814175,0.2948707361307336,0.43098527412997195,HIGH
0.43550208816380254,0.1346215531833309,1.0391098610471745,0.5125672858909198,0.5272856437446981,0.46494528632630033,1.20440866536611,0.6490646426519269,HIGH
1.0545720553400286,0.8094542558500905,1.0963618565121915,1.9206866132790188,0.29734056222859245,0.4918052535933531,0.6838623552163744,0.6264107661765482,HIGH
0.11567606321812285,0.3568216555738858,0.4714340608827313,0.9714583034708909,0.164387353594079,0.461589044020277,0.7303495038906292,0.9073319050507344,HIGH
0.20478905678824214,-0.11861574552805566,1.126324967434901,0.7937873655325688,0.5718212546185176,0.12131529311259259,1.103123090119823,0.7882268505420799,HIGH
0.5053246520183945,0.3280587905741694,1.200081204253917,0.6663867452736074,0.27001399063821324,0.03383734150095747,1.6832320984425189,0.583555699527833,HIGH
0.7453173786230851,0.6964949170576847,0.5215737633247935,1.3251450394833038,0.2333786226391371,0.2079126423356567,0.22020876653389285,0.8360563077495771,HIGH
0.23724140120790566,0.8192813730033605,1.1876620557090234,0.7376348930128485,0.5314633825542143,0.5705999603179494,0.40129031033719104,0.6829794307638456,HIGH
0.24909295469649448,0.4784943647316139,0.735215410470096,2.0,0.7716425662954093,0.8740802391321502,1.203675005167134,0.9980687487670218,HIGH
0.6281679881737229,-0.009216729463640327,1.0696043700503153,0.16295980608997898,0.6434468198730582,0.03874250788673731,0.5229603136474762,0.5982603634211454,HIGH
1.5942681612278031,-0.1110111667034866,1.3477843119504245,0.6098544825437361,0.4086660580312298,0.5750284921994638,0.3253181017290525,0.8737474553498585,HIGH
0.422217681206151,0.22194919149578415,0.3105217831644293,1.1914619360627299,0.7014216439521216,0.12199367479850026,0.4795881778104074,0.5531920382079866,HIGH
0.20420385319936524,0.6830692880138394,0.40345791023408223,1.0798376854272174,0.5258226055988903,1.0574997698052386,1.5912884658553226,0.8496260560226943,HIGH
0.15372400497436323,0.16218303133006967,1.449379038447014,2.0,0.3680491244230766,0.2626105246092241,0.4980744172352223,0.8077418543105068,HIGH
0.3569398774878981,0.17090338618490059,0.6626563378986842,0.41983122999026745,0.1612698694385618,0.6790089076786694,0.7928241820170908,0.8714123491495538,HIGH
0.7217697459235902,0.0015870988131787694,0.8573353659294751,0.025476087209308603,0.13483327512120014,0.268940579307131,0.39291273516498587,0.9030999724978493,HIGH
2.0,-0.1577142463051092,0.7380911864475354,1.5810134050748024,0.7867411189978452,0.8814573817681104,0.11943238054221816,0.7456487272107858,HIGH
0.3111736518981312,-0.08809649279044547,0.3506469446580068,0.9371593039328905,0.05790005978617388,0.3916324884642185,0.9641386162900943,0.8587463204336266,HIGH
0.4227313452974221,0.036878913803122595,1.0287942424534697,1.5908465844565307,0.401638039652273,0.23361877531879982,0.3924844949856979,0.9042652383468777,HIGH
1.1956655772010605,0.7016019984207253,0.8914862848334923,1.041137483343382,0.2946877982114963,0.010341109691724696,1.04220243475919,0.5747848815674651,HIGH
0.4992289689968682,-0.12067978698293674,0.7300705433143388,0.048960768534086124,0.30063669224366496,0.38096649885503225,0.7676918082678041,0.6969904841358383,HIGH
0.46888756159662326,0.0020970718827798655,0.2667129363931861,1.0908861194462938,0.28933431595229087,0.8827547631022966,0.639028323029753,0.6077517740430837,HIGH
1.045704711424267,-0.3834586173707336,0.33396111596836314,0.4170852263674842,0.5345730497793517,0.18236497971572324,1.2654965256039847,0.7981790967901727,HIGH
0.4303053788481698,0.28098504791872514,0.5478487205232782,0.6102649814224567,0.8626966945242384,0.5668951529203466,0.3936679094243135,0.6955545161392735,HIGH
0.1661198671067096,0.5540052550616786,1.3203859854061752,0.7179415114964485,1.1296272415861484,0.22019297648768105,0.948765326816761,0.8580520755323036,HIGH
0.9057703681723241,0.6622890953018374,1.324589676445266,0.2610440006037945,0.3086390690202643,0.16118377089710512,0.5014767003549745,0.6529621190005079,HIGH
0.08171128103661202,0.06541310037219837,0.690668467025923,0.4043172443883067,0.29572545096959457,0.07324783108864777,0.369009773993873,0.5316016313623106,HIGH
0.8043583568002164,0.22122879897727893,0.22464672731532553,1.3907813504025868,0.15384912271095638,0.3654245781898094,0.7150488640262797,0.7459727098941307,HIGH
0.39755587059648456,-0.08449113531141597,0.7148620919589384,1.3892056432574604,0.3626939602281329,0.412306910810371,0.3332886311985847,0.8969496560628912,HIGH
0.31386092036664226,0.20176784547169946,0.6886956932026901,0.14214860529551107,0.27200100577138914,0.7575485399114126,0.407422103025899,0.4191868277705586,HIGH
0.3073345862518297,0.11186536404967005,1.0193342037271582,0.9450652793969326,0.2783507538034796,0.1826711549257128,0.5732049971413922,0.5635952877244323,HIGH
0.3558531249135836,0.004471042645624677,1.1066776130573102,1.5005279393035231,0.5560162958809648,0.8128726124654831,1.2194409883838329,0.9765450851949826,HIGH
0.2778398401836957,0.03785655075639438,0.4120829263585037,0.8729527237269686,0.3366228531669261,0.024301304865830025,1.308059982943791,0.5799072705761186,HIGH
0.553347220017815,0.16980735902533248,0.26154186842576144,0.9869666239408528,0.12868997088578038,0.0601905647259532,0.19173597871546683,0.7606212427443656,HIGH
0.2860265773220348,-0.14354402263513696,1.0882225540749437,0.15494340261852277,0.5956122682250168,0.30812181889928614,0.35517959007870176,0.7228447648387661,HIGH
0.39982555610267895,-0.12184865267277398,0.9314410750946379,1.8701609005353852,0.20430567420431017,0.024010797215473396,0.8374029584293274,0.6178015657956708,HIGH
0.04716290493578175,0.6970920457420524,0.969747308767794,0.2850907522400164,0.2902965256728544,0.1718755449027396,0.31554607200251744,0.776747626367172,HIGH
0.3977989725770263,1.0,0.1498915698696777,0.5841973706715144,0.5653502926467058,0.5460375893021925,0.34869459689267596,0.8887365296323148,HIGH
0.2732205494301983,-0.5258341183842984,0.553797011733421,1.51038375025524,0.6095440546930253,0.15655784986751126,0.4857446498671557,0.589365440473834,HIGH
0.7641383133310279,-0.5489779058379447,0.36602671865160213,2.0,0.2344625189156144,0.6680458926209704,0.8089696693597428,0.7247198046807415,HIGH
0.32450560013014507,-0.42200418767942294,0.47276378410944075,0.625291847952528,0.41902157522093014,0.33347049044650423,0.6276688542543895,0.6354537943657627,HIGH
0.6888110929084819,-0.06338113431619313,0.38198354489108827,2.0,0.07932359048989683,0.3251739745342111,1.320196092979663,0.7674454819839195,HIGH
0.6347893469257235,0.3562278146356479,0.846368859608729,0.8970670787885947,0.3465925928503918,0.0533245643864238,0.568926104017993,0.6725009800038976,HIGH
0.6471936955459701,0.2283262356602742,0.13445870508669733,0.8204031750136116,0.6125970940422577,0.2637515059858327,0.6354652049751165,0.731346268517701,HIGH
0.333858188705504,0.0522530774477967,0.9755127695302395,0.3269898331903645,0.17620025340654544,0.27008798021584274,0.5007196247301671,0.7227578907915819,HIGH
0.41805283617981026,0.20215292972231755,0.5594553665919865,0.5949187449116119,0.4437228769367885,0.43362031477345137,0.6914597739341565,0.8572479206880358,HIGH
0.5427074425674097,-0.3106761857839152,0.5130347364800131,0.958007878679126,0.025552144946540095,0.06582654191146399,0.3724696427483008,0.6864628684328002,HIGH
0.42787799050552994,-0.12253156413609993,1.299951901850256,1.2030136263343918,0.34534708910318823,0.3441781825427489,0.7180631735513016,0.7071532774485596,HIGH
0.3250779895051632,-0.02843971031783466,0.45573556070885185,1.1621384437870064,0.43419042840926025,0.1657623979867155,0.30857566191226926,0.6155888960670007,HIGH
0.18079947012680295,-0.685370862326178,0.5606298975516402,0.5428953796176976,0.47582881461907417,0.6473653976567652,1.1506711766403854,0.9029305570332429,HIGH
0.4034134005241085,-0.5077502859834904,0.5260929437617913,2.0,0.39712838119520244,0.4823852649233819,0.5254756676952372,0.7718937180649312,HIGH
0.09230997504811138,-0.49105774573661676,1.5660445843785935,0.8418001084815755,0.3534775811235375,0.38675647400587165,1.4862358200881245,0.5800746727269256,HIGH
0.04256104042039591,0.3009254539471852,0.4621421977064923,0.7994180195413432,1.0041766580809426,0.2505197686769492,1.136774636033979,0.7922565018134218,HIGH
0.14392472280957835,0.08304907840041487,0.8392612883801703,0.30559876446676604,0.7004573324636152,0.7087924284499381,0.6488887486107083,0.581944681284617,HIGH
0.6419061497571605,0.2366457040310561,0.38815663602732764,1.293595369514927,0.5214538096048008,0.3362776775353944,0.8623461931815974,0.9531614545176393,HIGH
0.47602460588920115,-0.792655095717035,0.40321078773502483,0.7637412785760341,0.7901633507730175,0.8425811003705432,0.729062624360922,0.6715281892775158,HIGH
0.6464765275273849,-0.6430980081416734,0.20050533318404257,0.6322804170382459,0.25290612164317927,0.9457687261840247,0.19572067841600024,0.7575468091251379,HIGH
0.22163301054206858,0.25855048490772803,0.40046321051239525,0.21829034903537717,0.3571487363813909,0.541808197322263,0.6289356823642817,0.720752405066861,HIGH
0.8183730507431892,-1.0,0.18626266493747937,0.2280396544504661,0.24759865960903926,0.4241633648633725,0.6045971002299556,0.7595859640519332,HIGH
0.10451682921713557,0.4943443301919179,0.513538199422891,1.0352498176763423,0.29649343605438705,0.646383930931613,0.4974728767991352,0.7081793284351378,HIGH
0.14927104734897087,-0.7857932002795718,0.1260075632627989,2.0,0.531110274798237,0.2682391935322099,0.7713987234672907,0.9080114594855002,HIGH
0.8086028744169453,0.3342048546084909,0.7599667514707757,0.6731151357311658,0.2939902741362674,0.08160092214303614,0.6400737828454152,0.8254883150786664,HIGH
0.4507213522090886,-0.3932055423979243,1.250686442875125,0.6693935961501813,0.41884925319548066,0.6902802551599899,0.6728430347122902,0.4926719336066878,HIGH
0.6492154295403,0.42053956037206464,0.7757856373808866,1.305230872916579,0.488154458310441,0.4794115668136111,1.4356203824171472,0.7148894450850469,HIGH
0.47751811623792834,1.0,0.22798374041664146,1.8235044306732735,0.7228735539430192,0.24269916511269352,0.5718175289585771,0.9295816105294499,MODERATE
0.24995982691204752,-0.9747346046508727,0.630762268759286,0.5006249745683095,0.2896345882286239,0.4476109852910078,0.9599840337399737,0.8880347305402865,HIGH
0.1323291083162381,0.2720584021014723,0.2715347414111923,0.3103389653443489,0.22123978979418468,0.38247413711056827,0.5221485610117708,0.7631923729651516,HIGH
0.058849197843167944,-0.7794283397093706,0.2901570455219148,0.7474432275839841,0.16935095199933514,0.3473286282597332,1.4541431601176538,0.5422930979339077,HIGH
1.2630000753482609,0.15924294733135175,0.9631372498902816,1.1501542922375718,0.8228743922041319,0.7252407972519123,0.8382718666910091,0.6803534693819261,HIGH
0.0781040713475699,-0.10684430869179545,0.3954411335807375,0.06494272491036707,0.3400476793934626,0.31057215219433465,0.6498621672930117,0.85960743230353,HIGH
1.0222169228530793,0.034508575433974176,0.5560396605740809,0.5619243013019335,0.2919632504638391,0.45321111856349616,0.3375893680899876,0.754880377559751,HIGH
0.43226285188081687,-0.4029082360578595,1.3945621713349694,0.6881254878904194,0.5286332014841936,0.010100837778393513,1.475559606246196,0.8571705153606798,HIGH
0.4884677014511194,0.3078272659885301,0.1325341058238987,0.6164183248482982,0.16639448563908377,0.10627409228586823,1.085380625678989,0.7567741841546348,HIGH
0.4650977606237081,-0.62831029194756,1.1636429864132174,0.19676229216746444,0.8290140888796004,0.8285740842077747,0.31690585502976204,0.6421608955218953,HIGH
0.5928755677610156,0.5014876504174709,0.9440930677821702,0.563716844388566,0.30507882750301446,0.8120209548789727,0.14682008553373976,0.9002842434996289,HIGH
0.20310269145333967,-0.1918851287762767,1.21814686446494,0.6972830051073815,0.626132746080175,0.1349549431490396,0.449108573614131,0.8415771842311799,HIGH
0.03485008693032994,-0.6091300845092976,0.7230027629624809,0.35995686450713205,0.280617790830027,0.22250370444679146,0.25826536713480064,0.8041446368717938,HIGH
0.24550531907775233,0.6498734658030932,1.3928683840302059,0.9634704096022475,0.5269150829126732,0.19906138126103617,0.4868290355747885,0.8134052840162778,HIGH
0.5574209425006036,-0.04828391417984431,0.3555103593447968,1.4460347805714822,0.38148571791334907,0.46130540611171167,0.9200224562375496,0.767505599056546,HIGH
0.1507008609735183,0.7812071075856509,1.0487082828304668,1.4833357709082622,0.38138875435984554,0.2402743584250529,1.0805353791100503,0.6404425374539744,HIGH
0.8322127259910036,0.4929695743116037,0.7414480746564432,0.44246372171842524,0.536504131205846,0.12950794751861291,0.1327454305740444,0.7033272908217265,HIGH
0.3610503043611905,-0.3552211960103027,0.042083296793534335,1.1340154301725789,0.26344015418972183,0.3554478769861914,0.18447950455677875,0.8204009376639627,HIGH
0.13734930132279477,-0.05569571639343454,0.3774108035325138,1.065021123336134,0.3793467862482502,0.1596372790366269,0.2513206386068912,0.3286199941887383,HIGH
0.4474044796394052,0.030835934658701217,0.847567061906187,2.0,0.5170913469609029,0.21503798100901247,0.621922004294735,0.8295589017698508,HIGH
0.5506602901307196,0.6210473439943045,1.2043927713730571,1.1382790230038629,0.24560848235667604,0.2433454667085733,1.1297257669345284,0.4837588564973287,HIGH
0.5796679206850598,0.1637574396141883,1.5643866942623512,1.1889539621756693,0.6151157402915212,0.16064507649319115,0.5241459323125163,0.9081209347644357,HIGH
0.8092218306725876,0.05404290086051289,1.04194236610412,1.6549295393002086,0.3978051889190814,0.5061882197414402,0.128980687233575,0.5708668029121705,HIGH
0.0959934684839551,-0.10394942658128924,0.755934385786846,0.2503889007742542,0.19309357650526268,0.4864944842550251,0.6765278072967953,0.7462914653880022,HIGH
0.8099940949883596,-0.04123395505894842,0.23978159406954677,0.8248048380258507,0.3877524640186776,0.22007195525732323,0.3905291207317031,0.7940316527011743,HIGH
0.8616829686402128,0.5279286759848962,0.1303663449029125,2.0,0.17356746516716548,0.0960310907271236,0.3954631431726852,0.8686567808970572,MODERATE
0.13262131128474583,-0.018443752665060775,0.8363482673318864,2.0,0.3524265415378171,0.5481227450887649,0.6177750109314734,0.9415802682636893,HIGH
0.16035694269101763,-0.18589885394523337,0.6903405564731921,0.563573934087037,0.38414334473714273,0.33794088243644127,0.793393372021288,0.8567479854167401,HIGH
0.6725558098598705,-0.2570930095577485,0.6856151520506666,2.0,0.0319171187517549,0.6012959605519965,1.0486682969604404,0.7125328313219225,HIGH
0.28752984542909216,-0.252581364611188,0.9851455854555483,0.6345375219366777,0.421713090935042,1.2774034723668868,1.1507194352917895,0.7083834243113494,HIGH
0.9495344326134492,-0.6088803183379613,1.0853992513251152,0.9896264739679259,0.24424779188472787,0.1516205677974242,0.9579949699140003,0.2908530282770711,HIGH
1.1313627171739424,-0.3351576294971212,0.1211552076997261,0.16409677901902747,0.22240546286677848,0.9309957701719593,0.886763387221721,0.6748052810791898,HIGH
0.13719401795936,0.6093365157731356,0.8371996436207555,1.9875695431371132,0.44022439387030166,0.1597357521674537,0.17499833586241065,0.5734298280713171,LOW
0.1994881880792103,-0.10677168943834857,1.0866169199364362,0.6091799649059828,0.12863970461165428,0.4239286374376664,0.8397460857866983,0.6861593878213629,HIGH
0.43010626961614984,0.2758529007935613,0.2706693598172933,0.20364948368631502,0.20924624322320626,0.2748431246193211,0.4940595310162249,0.6642692566634198,HIGH
0.03338868415672925,-1.0,0.07171447441407083,0.711051604952859,0.7793108028807096,0.4100287252376683,1.139549026526157,0.845889386832147,HIGH
0.06108212906198902,0.21869074976566924,1.0270588792200144,0.04234799229779268,0.10869977507218581,0.8702890111529276,0.37042359183126067,0.7053227556417955,HIGH
0.17926898205791494,-0.08776813583502777,1.1609268850823393,1.2646343980195638,0.32030030142461824,0.42693339204007785,0.46524222915559194,0.7363092988342673,HIGH
1.3954460513226377,-0.22220480961401365,0.582789905575477,1.7411646727067782,0.21701460425540553,0.21591835390286995,0.3334500213559033,0.6018544002843467,HIGH
0.4809436979204443,0.056003182116875314,0.48252322838911427,0.3195807898280949,0.41809252563119287,0.254616281053568,0.38229198172406875,0.95165190962617,HIGH
0.22966468176673321,-0.22824660660105167,0.9122758120631578,0.30849413127465813,0.19722676401194644,0.45402120189993456,1.2982411841077803,0.7570685492367202,HIGH
0.15912958569801106,-0.9120274663531095,0.5493420421508289,1.1993983299407496,0.26179039625688255,0.1385501158609623,0.3457211702981617,0.6136334094191421,HIGH
0.1310982245524832,0.36734413529221366,0.6787508269397288,1.3063418217113925,0.21381981529085448,0.057376230449850595,0.5808919153166195,0.7637926389348249,HIGH
0.2445091662687859,0.08206737576624107,0.13675728603432574,0.46069868091450833,0.6871029029637273,0.265797410315767,0.3704821382270984,0.942010998888832,HIGH
0.23256052146719236,-0.15185583099409775,0.3081342013617017,0.3616289690526063,0.4311687736306589,0.22001069604366202,0.5802014113626061,0.25699401275497824,HIGH
0.33120770863824756,-0.4257978562704237,0.9893245867244574,1.532028297909497,0.14269232671558957,0.4962640384616851,0.6768902554407897,0.6413744634835054,HIGH
0.5699120828495032,-0.6373401567649967,0.6413883238070505,0.18270845591367293,0.08528041077376475,0.10167187944763277,0.8320774382187717,0.48478192718483254,HIGH
0.37316737673214107,0.0740349369685842,1.0933015984360142,0.5377168925738175,0.04569813225424235,0.5560050493973596,0.5413730209601506,0.5780741823669242,HIGH
0.7010385180060653,0.6576452032946507,0.5773508910510609,0.353142508778583,0.035754753889392345,0.3189997000265699,1.3778964339331108,0.5834387459927174,HIGH
0.3122997453732728,0.06532992023123603,0.23827550816769202,1.1861596739472113,0.3709818837858801,0.22935846804017182,0.14475410655155105,0.30802903920161584,HIGH
1.1895648134101122,-0.6007598745589869,0.6033371923823736,0.3793688104303455,0.2550851691221358,0.03743336206931507,0.3353109197814547,0.8293934733259043,HIGH
0.6890874210010461,0.07454902535612906,0.852683343290236,1.6765475320954315,0.4311749141718041,0.7094942940980279,0.323788076761584,0.647174828844519,HIGH
0.47116685810966563,-0.042404044143625724,0.7702964571685122,0.520628057393875,1.1989974999913842,0.051767423441006495,0.26615040494522096,0.6010368838453679,HIGH
0.571315622304012,0.3428983229511767,1.5194726157146874,1.0362909985288429,0.29361301751223157,0.31830588289908957,0.7882908730784841,0.6497596726515209,HIGH
0.2502672884833411,0.23482793451292513,1.445163912128887,0.3859421468362351,0.7799398824627444,0.2459234480115014,0.3261094041759844,0.6837989590721737,HIGH
0.32687377814410096,-1.0,1.2542478453079593,0.8950959359244542,0.38326349953408534,0.14104856682554887,0.02797430560240557,0.8576486521780705,HIGH
0.3167398456101255,0.20900172585995186,1.2805014954903464,0.4311249202876274,0.2870896684182751,0.27798899367698005,0.6323835725233974,0.5505005188914225,HIGH
0.20626683892902914,-0.44146135199171516,1.3205447770017857,0.2921050198866938,0.3066904551263516,0.31700794098725177,1.4008828206201345,0.6059759242032585,HIGH
0.10923598150324987,-0.6171260714084535,1.2204562985047704,1.3009670046857618,0.4076942263562181,0.5127624097724804,0.04639102998932116,0.5254524189065857,HIGH
0.5938689977480774,-0.09915883235689676,0.4855067571021104,0.3761973572787693,1.1871923263723072,0.3906926669417416,0.7614172144690633,0.38190617044223424,HIGH
0.7797621011473147,0.15260786579260485,0.5369726800539777,0.38243660905528604,0.5472559252242206,0.8567518805457712,1.0128711574200304,0.7855063556995987,HIGH
0.534168732412224,-0.7091085363204662,0.8320140198857133,0.8367037726561113,0.01628413909550835,0.6000129942097182,0.3592730232804607,0.7520814206805813,HIGH
0.372302446869308,0.2759220951641716,0.9121278559413429,0.9500251005875369,0.33243953299294277,0.16455574329595146,0.6892828801938332,0.7917880145613245,HIGH
1.5529665789561322,0.3006023159632719,1.2116408995377936,0.2817278152605394,0.31630424110171185,0.40563764168103383,0.596340642617239,0.8658459240490941,HIGH
0.22712393160115385,-0.00026999755421094895,0.8168772821321104,1.117851389992377,0.6417956653067161,0.08646598934332654,0.8211377392916828,0.6017116820260604,HIGH
0.4832186829214601,-0.3844019246953604,0.5998099836629398,0.4048439586872177,0.2868535387551348,0.27705307039995963,0.38859323143107644,0.897380574057595,HIGH
0.858424569430938,-0.43133876175950264,0.4017598346301029,0.21551559937827292,0.48521832114003494,0.3054923552592259,0.3991231369387282,0.5583751068960475,HIGH
0.14508375020615072,0.4108914952636955,0.7919459179885865,0.601054482376933,0.29831302112210833,0.05750982506459867,0.7019324776162209,0.8326951188633699,HIGH
0.6268625184292154,-0.65471352832828,0.4667088344386991,0.593471915703439,0.6055883754756904,0.21365516583347288,0.5424792006873875,0.5904478674516184,HIGH
1.2419575960364002,0.4270775935440549,0.48039798088533076,1.051320431309593,0.12770663842671617,0.6697709289015867,1.097639084313436,0.8102148197413246,HIGH
0.39684915868256754,-0.08938364683478342,0.5948265330915543,2.0,0.6526110517500808,0.5829766074962002,0.5753498273288742,0.8112181353715165,HIGH
0.4514145083289924,-0.06025048984999999,0.3758320999453484,0.8255008793280133,0.19267791151268865,0.23434502316473213,0.7201949910012847,0.7459539912900411,HIGH
0.22831099236265093,-0.7373968362735965,0.5533740076596633,1.1588635832080076,0.05987767148795721,1.0415230647997755,0.4058813282701443,0.5004245248756245,HIGH
0.5665874662555084,-0.08162098465400637,0.7495611939447279,0.1590151324880636,0.3343025730460122,0.6721740670204054,0.4046282610698945,0.48784705607370416,HIGH
0.20176340841296708,0.2377059167247779,0.4984242275402426,1.7315341361537107,0.49630272610284776,0.5615648939539989,0.9015969177160152,0.6844927583645327,HIGH
0.3787610455001565,-0.581292236897832,1.3475128003724894,0.6831177321910646,0.12948908088169236,0.1122668612184082,0.9710854087753139,0.3938093377711241,HIGH
0.09532182939090067,0.1894270642457751,1.0211492142556107,0.2345806901446896,0.3237032724982226,0.17977390433037896,0.16934125124906627,0.6912409704882316,HIGH
0.014140252537689725,0.01738514654518952,0.9147453227764141,1.6860609013746086,0.05766263981974823,0.15774285964919627,0.47051108376125983,0.8408461929114717,HIGH
0.2694040822130732,-0.29037735780956886,0.7712501350669714,0.706867833701747,0.3629310840981972,0.032803051036181856,0.7253916935768879,0.7116933670751547,HIGH
0.2657579657416959,0.3389626963263478,0.26937944133702446,1.4986223454868772,0.059089968505729056,0.4144581724031493,0.05521070545334952,0.7303368413145502,HIGH
0.2891934536872591,-0.9449478429709935,0.8244070245896383,2.0,0.020631294200001846,0.10372653458371303,0.4654446777492145,0.7168765197401885,HIGH
0.674489155424003,0.1256059144723578,1.1804577002927574,0.1787222069406572,0.07411152794095578,0.6614939186442438,1.8288662792051626,0.6677410074184168,HIGH
0.7950353553314864,0.6601627663907826,0.3789229352969799,0.3899633311795668,0.0491660508863645,0.4634503763700505,0.27239065480287383,0.6798405889656765,HIGH
0.498395080492779,0.5847761184222778,0.2767658074323037,1.3157537886918333,0.4663398030629046,0.6340560231703616,0.26326265412954086,0.7416330738756816,HIGH
0.6413369309714129,0.14371882262617947,0.5933259093397483,0.7451903316570058,0.40510900266217087,0.20100308449974888,0.5179954079907725,0.6899581759003037,HIGH
0.20702044329605837,-0.14670592597495524,0.3846319910456,0.04907355055186975,0.05352344427047926,0.5047237550139844,0.5476634474727046,0.8907874545192177,HIGH
0.16424376753091668,-0.287037073750005,0.9231654105040179,0.5476855832763434,0.6289803142591549,0.7830078752697285,0.42778962564758577,0.6984074146253256,HIGH
0.5749599399870179,-0.14722883344036966,0.6308057634663511,0.6232416881949853,0.1585282231850449,0.27911740599893015,0.9855353216182854,0.9520086574463155,HIGH
0.14319690885689756,0.20839904412552057,1.0530598890649625,0.7075748322876615,0.07488211946397458,0.46585763125600604,0.10171993306605973,0.6578922219781829,HIGH
0.12788337834089955,-0.3590423982929548,0.09911860599562194,0.37716142433907934,0.9387582319745683,0.4590820913873083,0.2551065526422887,0.9085671998595856,HIGH
2.0,0.29811800358116,1.2759099435914625,2.0,0.08008861378000626,0.6620498886437494,0.4675910776217544,0.6639730142288925,HIGH
0.41689730749417075,0.875927417561396,0.7257427912424952,0.1592364360034432,0.2786238138768305,0.30763689237854164,1.1294989354167235,0.7948554964531624,HIGH
0.2659015309741875,-0.04599095875350591,0.726887432847135,0.9957206634773197,0.2631878625791036,0.2615312449174926,0.3391630006277842,0.7328902944008616,HIGH
0.24080834708498305,-0.5846458173789882,0.954572313768989,0.46519942122971275,0.49226969590799285,0.07511300760933878,0.23293388010405003,0.6027641188923483,HIGH
0.0983069202100914,-0.5847927934528934,0.28874054362214363,0.4363647532293428,0.2806315690325449,0.20362487485687986,0.0726024337851313,0.6948363467403749,HIGH
0.4906395550676675,0.3061575317188617,0.9396313312996916,1.8563608611015008,0.2108757555240343,0.025724015230913472,0.21053889768956122,0.6726291008073364,HIGH
0.3116893222948759,-0.04509339516338631,0.6982372982385063,0.5963500381802888,0.9913707987106538,0.6056150641779504,0.08153941505447417,0.59072547279673,HIGH
0.7794624561798891,0.34826897634690224,0.8493299625181187,0.9999398207192662,0.101218738473975,0.042781496750354524,0.32046848457997695,0.332982502220006,HIGH
0.5879894822165215,-0.2441263846469268,0.4485359848260199,1.3796997704772178,0.3087650633602471,0.5417624461692576,0.7775727429725868,0.602601037505194,HIGH
0.3030774989176325,0.3288618899667292,0.45030705838926377,0.7722820655996524,0.6301206786717857,0.9052792400997884,0.6848762507063387,0.8766142253149372,HIGH
0.046871819720786405,-0.0864856528488847,0.22351521099491253,1.8741937704436022,0.4875352225070704,0.8149580235311588,0.8051001149428938,0.6354194330938912,HIGH
0.41776145150284033,-0.32765170323605863,0.5949780709086018,0.21061216213502448,0.0835202582280562,0.2437900920608028,0.17952106935872955,0.9248733982555062,HIGH
0.38941315293616235,-0.18841936109700147,0.17426339171523456,1.045778872901565,0.4372613926294694,0.11753559101263256,0.12686847984974398,0.6522149612131857,HIGH
0.0348510025500901,-0.5227628292777593,1.1289254584592336,2.0,0.5796716699277334,0.6077975434760976,0.6589221953079804,0.7250520476647648,HIGH
0.5399203173762924,0.8155310146042768,0.42093394036700005,0.9811033782832189,0.21954886554631084,0.10228858234664501,0.9309535858485589,0.5353583088029715,HIGH
0.1384517691996085,-0.06048036169456457,1.0832490491856028,0.12073316138202855,0.08401168485209566,0.13019167324237488,0.5179321037007619,0.6494811253013195,HIGH
0.8077652091490943,0.2506959172465223,0.7698738776339032,1.0733370206866206,0.5272532585718261,0.4989129903371369,0.6955330608471705,0.8704371946603894,HIGH
0.3711971724737164,-0.2454850358057357,1.1309643005689791,2.0,0.11997845658850002,0.5254827114929791,0.49195632421075886,0.6117030500430563,HIGH
0.2349744208523005,-0.4618096852315257,0.21443562117923007,0.5536706838327697,0.5939409227037897,0.9909960624740465,0.35788985123681744,0.9678416699511331,HIGH
0.4635471353025879,-0.11822981458553278,0.6844816202113875,0.5480077162862704,0.7532313194941734,0.1960199580139022,0.4071580477244617,0.6200965429306606,HIGH
0.4422666533743969,0.44250086401926336,0.46560589509246525,1.2777865941000963,0.13214353148105926,0.31701684819469256,0.9202116442906336,0.9438825166538152,HIGH
0.43003007182174385,-0.2387073523872791,0.6715592951745459,1.1148595360326228,0.039509884750074005,0.2408391910577753,0.4856440891468188,0.5617609785166128,HIGH
0.7350280196600354,-0.38562342854635445,0.5674050128090307,0.7945843726015062,0.7077423144328058,0.0839617948859543,0.913462442062557,0.7453431824962525,HIGH
0.48490910575261326,0.04529498263504027,0.7104638775592335,0.40210537931804435,0.5164283168506312,0.2677348998162419,0.5770829260312478,0.6441314518911939,HIGH
0.2170898686295883,0.18958949230145253,0.4888517902441599,0.5039060408081689,1.1569655666834535,0.27539560277904557,0.3159457132850511,0.9058198014841229,HIGH
0.31945221020201187,0.6699962309183368,0.7502083542591433,0.30153550945061686,0.5432799814980273,0.14980381691299804,0.7259255227260858,0.6229959406277877,HIGH
1.0099739666750542,0.12857520091644783,1.4136406276312812,0.105354791459234,0.0696039762249795,0.4955730445637812,0.49868527913942423,0.8544708163372637,HIGH
0.20016421000992185,0.2504769249831187,0.8089218473859314,1.732513590885308,0.832059145522782,0.08773964576084588,1.0633837993434991,0.6000071519684476,HIGH
0.5335843005492064,0.282095599506535,1.0117193262913657,1.328076387761401,0.21794984025827616,0.17593610234667184,0.2616919027240873,0.7082883768739255,HIGH
0.7539749345823921,-0.5042664604117048,0.36175084009511516,1.2343434028727238,0.24794779402943432,0.42128518206827664,0.08309965810886855,0.7993501844080875,HIGH
0.5715967964008164,-0.4245994695972086,1.0868682815021624,1.2175914718853915,0.3520688243733844,1.1735034976077456,0.7802724089745215,0.7084857129010896,HIGH
0.4197425419537012,-0.4752364416343731,0.9205995939923324,0.6396061517811463,0.8805924660292246,0.2528321578017109,1.217983374392926,0.7722690169196818,HIGH
0.4704156189440101,-0.5795012173904912,1.1729711166007653,0.5713892037955043,0.005433827386938535,0.0375347178729802,0.9295564053440368,0.24624498365926975,HIGH
0.5978385332285706,0.3140931474455695,0.902417998886439,0.23699330893305123,0.40416352623473695,0.6115456648412148,1.2861914261487988,0.49416483536321903,HIGH
0.19802897106563333,0.10182103849877723,0.4068037755261495,1.4088664628732024,0.40085359887348393,0.22622040622289272,1.4724461385899714,0.7174654997467542,HIGH
0.39138165512334694,0.013388346498408806,0.6857748017247004,2.0,0.5540347185971549,0.5957650498513818,0.44778357039921873,0.8136278868229178,HIGH
1.5471361918647517,-1.0,0.9901179702908179,1.0393212475544558,0.39738703562235816,0.8658702251552092,0.2188542597949112,0.4489093752267668,HIGH
0.5456262127490604,0.8433002806198198,0.8848558576516333,1.5550769467229286,0.07301392248209719,0.0887946014312499,0.027638984045306014,0.3565195952469378,MODERATE
0.43113961328215045,-0.39559424174449337,1.3365566710233114,1.5594044092658743,0.48657989825856973,0.27117184362687635,0.09219081027968963,0.793909549606447,HIGH
0.2939299137219031,0.8417613574943622,0.35840503671933677,2.0,0.2085670057754254,0.818753355385088,0.7558608110789865,0.6514034242807435,HIGH
0.20003683042883957,-0.6286814218735528,0.4668979024597882,0.3558534702420431,0.020438837722685253,0.23055723759088936,0.09979490367062278,0.5289015625667536,HIGH
0.48219301089716254,-0.3612084865937455,0.21484423076042516,0.16239700366230797,0.28399340274898693,0.4140934320426565,0.6221534902974152,0.3795113155580772,HIGH
0.5072373477581631,-0.9451967406540445,0.7531047733035797,0.8879542069598837,0.6730421983057894,0.4350732815179444,0.7928705493333055,0.7050416051557538,HIGH
0.371291650682992,0.13209248989593295,0.219539658885701,0.6882460065669065,0.14538154351742585,0.7890842096488558,0.533858307977994,0.7396168723943048,HIGH
1.9588463831317158,-0.48252786474071757,0.4809532732528674,2.0,0.7990141864480789,0.11260665042178664,0.400612293751175,0.6207855811831031,HIGH
0.21592471373834013,-0.4706600647213088,0.8920473954602969,0.3060758662511162,0.8722202328672002,0.13425068478987073,0.2497359031976497,0.8816006579261672,HIGH
0.17324506959736652,-0.5964559712132469,0.43254894754912293,2.0,0.7111203078538098,0.2553433891697607,1.34544354017757,0.853650257335653,HIGH
0.29739038812791657,0.30648912634990244,0.20850696859721246,0.6938101090669033,0.5990428175792604,1.0644309990191638,0.24884380455049754,0.6732868017509431,HIGH
0.3806434613732038,0.27881473365836973,0.5167067642491918,0.2720203501095573,0.9086398180186575,0.2717405844351601,0.40270153706555806,0.47438209439990325,HIGH
0.1908239508666455,0.7410542342530898,0.9957411506828168,2.0,0.7787592217948061,0.09916744518149877,0.3656532517705318,0.8285610024801908,HIGH
0.473598416781285,-0.3079967808506488,0.4250099629784231,0.361063412232828,0.3323171490011394,0.7194402223276988,0.8287434686279981,0.28875746538238095,HIGH
0.512130765237462,0.07190413583965614,0.6247146577961228,1.5618376159541751,0.980824144166001,0.10655513628783835,0.5762955486811238,0.692419021583836,HIGH
0.6487708833155663,-0.5615207829088197,0.45321884702748955,0.9078783914077329,0.7902513224867072,0.17558049840215925,0.16277769937543904,0.5733028978436632,HIGH
0.25919061766480783,-0.16071638954883358,1.2298703128167994,2.0,1.0928142247275596,0.03839078926121782,0.8903163649047472,0.7833408568604825,HIGH
0.953757697600399,-0.23791503157809454,0.8519492160342104,1.8041902603058544,0.361716609472682,0.13043411340489253,0.24846282775943282,0.5056855199993602,HIGH
0.6182563671160692,0.17506898214807676,1.4021458510779043,0.6792366681266884,0.5855787290834583,0.34758967652786493,0.6301212981958629,0.883616977997168,HIGH
0.2120666141463841,0.4071491586956402,1.0529564461710794,2.0,0.3113683657263603,0.42167920761786964,1.267300568667298,0.8018939631738057,HIGH
0.1900540232285925,0.39624801014922995,0.40856804138944536,1.1373583237345186,0.20464511836439103,0.008995329521205837,0.30239758949743195,0.2950373197363858,HIGH
0.3141539915845281,-0.37398115433139656,0.45435670416950835,0.8115437612150488,0.4369027977750348,0.15598353286022432,0.31674233373348054,0.8132706610842456,HIGH
0.5130483056239186,0.39935651994165977,1.5831935591398392,0.892799259890258,0.3019468638663709,0.2319708503703332,0.44795445336941825,0.5151018129348165,HIGH
0.5683187322698506,-0.03851575758527477,0.7381215203243179,1.6056221388361198,0.028791276525455392,1.2256323415560786,0.46071158183630956,0.3472493324435226,HIGH
0.617433918491288,-0.15633069627674626,0.8825137036189691,0.651336391553246,0.36296602340134193,0.1257244547409496,0.5929861508858445,0.6636004538151696,HIGH
1.4828624539585444,-0.31757482446394575,1.2127228734705564,0.5076546346416467,0.13817777684339433,0.843390440047603,0.73496528967494,0.5532508745137482,HIGH
0.06676951492426789,-0.25517303363185184,1.3287575421483462,0.41004603053957644,0.38220922299618815,0.6622754242778282,0.23597392725363875,0.31284831847233063,HIGH
0.36343450979123054,0.711771815402418,0.5499716385248509,1.0286083991468158,0.4323270769874258,0.16180201032437702,0.49940588705090505,0.7190804995413891,HIGH
1.40255869969053,0.1091125219274899,0.6180059399858912,0.4367275015009125,0.38675574317447314,0.2325428661574338,0.20258522904215623,0.5905534131183139,HIGH
0.6697866372760147,0.05333697595050606,0.9971931562888001,1.6225123944421969,0.1595239774598518,0.041986810215707035,0.8044392291634467,0.8699503592719232,HIGH
0.16342186336657427,-0.13014368058551762,0.20500040104229852,0.6383929296319031,0.2850581333255397,0.425288069814249,1.0325323953084489,0.8758210110345985,HIGH
0.456034473849643,1.0,0.672476062643753,1.2036306079607064,0.8058704506056826,0.6725823933128874,0.3633209289847951,0.681290702226052,HIGH
0.346694401145552,0.5281044053154983,0.7003176411457409,1.876264471796225,0.3199366378606027,0.31466542727754143,0.5559501042504817,0.6182115362391731,HIGH
0.33697303094835357,-0.32284608821549293,0.9738539464275957,2.0,0.4993593204535019,0.43824301550848305,1.2205407686481349,0.859070071425799,HIGH
0.2550376049071898,-0.13491832297594217,0.6889559247486307,0.9499161963059302,0.12608117272855202,0.7696667172809142,0.6585528135006865,0.7006319281307656,HIGH
0.428798084319211,-0.10998270821578235,1.0122653365512353,0.0882349130071324,0.29693791957540366,0.23939958106369477,0.20373526097723213,0.7034031181114526,HIGH
0.8370452020551769,0.04126623087869177,0.8638526695866149,0.0955852445926962,0.012606844084344327,0.35952256417040895,0.11875754019870455,0.45335995281511116,HIGH
0.27465792249833054,-0.31451491690520283,1.2910540588225228,1.5918240078478716,0.8106340086939346,0.03768937539467046,0.2683692547952356,0.9234683835219021,HIGH
0.6206832322287771,0.1643029398119126,0.36819524565895106,0.33795923383234433,0.39735147266959037,0.9848859849419599,0.4208690689087751,0.8986545803182082,HIGH
0.6982720079755788,0.589877015456512,0.5522588265272146,0.6141814469729783,0.9745100315819992,0.017278869321977475,0.8714189162613666,0.508781813456216,HIGH
0.9485293789675852,-0.5717238057817485,0.8038179631963205,1.7613021723289723,0.5620863589025803,0.2072503534042327,0.39188923824272015,0.6483849792014049,HIGH
0.1871267400281193,-0.49382162957866815,1.179031403453545,0.5134247509861533,0.11847920858264614,0.046792292251494755,0.18981359081208773,0.7826574044966166,HIGH
0.4035044512863674,-0.2229265932248689,0.12355433676890566,0.23781942984349286,0.901222044611417,0.38071265309961905,0.40921639158020073,0.34328138157176985,HIGH
0.23067217786896266,-0.20345413524528844,0.8324028071215526,0.6309447801173272,0.052857478842821715,0.844852763979727,0.42782566579795406,0.8633822612587052,HIGH
0.4294083156292783,0.8193556673932909,0.690576972738635,1.3795833317183963,0.45051386507571256,0.6813148543710161,0.2782052042061837,0.5352515091048312,HIGH
0.42724007424679317,0.40071787240623225,0.7252011656541977,0.5047180612866693,0.4323255184359182,0.4926321168394201,0.39418953399788653,0.8110662929683583,HIGH
0.14686739868216625,0.37661538788967086,0.45765488277013316,1.244893174725917,0.3383337685257279,0.5158236392002722,0.5611405975093424,0.8933266939280903,HIGH
0.4486071781963573,-0.1310335912756282,0.841237683994192,0.24565400076088953,0.13520116371412372,0.49938573429370525,0.10304796615904498,0.625656819544356,HIGH
1.5314156607862768,-0.1402516308504619,0.5448554696978771,0.3989665185206155,1.1017196566120537,0.26598341694533967,0.42865900240615346,0.7830405579228278,HIGH
0.569907335296819,-0.6297162737814674,0.5474974226248279,0.6385562192006238,0.8124244005702167,1.0961849873562903,2.0,0.9658794727594328,HIGH
0.11908221570487461,0.3083308957800832,0.4386092600510834,1.9256657725404331,0.5730993138531366,0.327665126332337,0.6423426599291391,0.9635929210950357,HIGH
0.1766728763073173,0.1862429340196899,0.7544135134819994,0.5612149495349187,0.7877827774438438,0.19893089257603325,0.8805677273134707,0.8455183133252326,HIGH
0.3880075288480204,0.5201188931648791,0.7240903379331339,0.4938901848608377,0.28378848381031724,0.31858863584210556,1.2140992656695158,0.3023750715330479,HIGH
0.18046858558840412,-0.10854847960959026,0.2973549231550758,0.4956562747163161,0.31470165071480094,0.10274981957374286,1.3660594238400605,0.8466209513430272,HIGH
0.9146104422287107,-0.07954724140416669,0.31852396534557087,1.2439198489504306,0.18614040131896814,0.42220476720747435,0.3223824696203644,0.7795619581493822,HIGH
0.10493395741514627,0.051419121995467,0.36360030320028486,1.4770499802097794,0.8429617597590916,0.8536356578881978,0.112507184827404,0.5915907192457308,HIGH
0.5727426133450374,0.35459698171298004,0.6875929307550775,1.8666810495749386,0.6498879579807547,0.23393051357791542,0.9817797600416827,0.6378443291049903,HIGH
0.08277399447241095,-0.6374905612809412,0.857226031722702,2.0,1.0670768369373829,0.11684702451277446,0.42532117757157545,0.7702509062588301,HIGH
0.3832887290289412,0.2891435761701173,1.278472498302205,1.033765538078303,0.44277482473005886,0.9926928647832377,0.4422331342353049,0.650987715512031,HIGH
0.1571180797894634,-0.028608136112588826,1.3658189300366586,0.44201908727722283,0.29642210958452775,0.12559277330185586,0.7282626522658211,0.6127951272951695,HIGH
0.6477704622482389,-0.4646276525405525,0.5405432122236038,0.7132928194615704,0.1972038434938974,0.5064710459184666,0.5059102065251845,0.641265954327278,HIGH
0.813411068424697,-0.8955344161147079,0.4131486219116557,0.35456482250520927,0.7791266365457323,0.1470925529102727,0.599252076394498,0.8757227951172054,HIGH
0.5119346750661345,-0.07731895898890842,1.0957160697965647,0.8959795999626697,0.05928784943575571,0.5413654599131071,0.6351940271853813,0.8628027642534812,HIGH
0.8389374836066217,0.5880394529751094,0.9814962069657167,0.41120860957887057,0.7956199043563621,0.1664638390297107,0.9906314736446317,0.6295609099790218,HIGH
0.023038296289821535,0.6833675600313859,1.0268178389482643,1.8589254986196555,0.2717928676696563,0.023200850210027938,0.682254293944892,0.47297904689570036,MODERATE
0.4443675216559332,0.12925800848144048,1.2530210598139275,0.9745362019004059,0.4237460284719472,0.29278609157191493,0.19850477224367885,0.281121591224458,HIGH
0.5669813781070959,0.804042378813744,0.5291120193040187,2.0,0.2914709654231833,0.04015390335310607,0.19483423935151892,0.7168475122398722,MODERATE
0.61968991986803,-0.03803525484183285,0.5854885056516062,1.4396716223797854,0.4066106738929673,0.3216521091754854,0.2991950010074819,0.6931069971041622,HIGH
0.5433729461701837,0.38038749168996805,1.2847831195954604,1.3474210090168848,0.691224263885542,0.09050958192431892,0.655733685125674,0.546924695557582,HIGH
0.6292060654831139,-0.20951697334069944,0.3841118507114942,0.23591316674778467,0.011044413503917699,0.3638279985426898,0.2139263839823365,0.9286602161752032,HIGH
0.4406099727515926,-0.23613151249934242,0.8334842699648645,1.2423009333941604,0.349269525710714,0.018068612978563624,0.21375551207561946,0.8171832272318122,HIGH
0.12030466334033377,-0.3045538290898673,1.4867324520450766,2.0,0.10672473841153461,0.6880590442444541,0.6227811320215634,0.9457262787698051,HIGH
0.25343369809673183,-0.8854221577922112,0.793270939625914,0.5754032696498328,0.11904713255277999,0.24841020337088376,0.32081372738232455,0.6671066804892211,HIGH
0.9177716115641015,0.5205787491777029,0.8759760069849402,1.6660220536624142,0.5318880605653202,0.8258514664269693,1.2953106229247033,0.6186460474325111,HIGH
0.8493131432646734,-0.2894856244379668,0.6770846359189463,0.1711721262349901,0.29344189732118353,0.4376897427156606,0.3348677947266356,0.8709673048539377,HIGH
0.5595653802515196,-0.3566042874971825,0.870778104147443,0.307507004937134,0.05040341870677359,0.5349661792011731,0.8229837408263304,0.7316858625794508,HIGH
0.6573643734156907,-0.5155881062773237,0.8527074667750002,0.7536029673970946,0.10178814670851964,0.46128156001765863,0.4523484077517398,0.8286960134234961,HIGH
0.7825871832095144,-0.10583096334523887,0.43354897534152265,0.5008857006110189,0.3474678434125215,0.2458510180142348,0.17703117325254047,0.6200562945803966,HIGH
0.5549670919013848,0.7206667704350919,0.810522353543889,0.405703812575829,0.06391544968529528,0.3484032293460523,0.32622628989391106,0.8369335953529006,HIGH
0.9003406738919606,0.8593871173455413,0.7549891265894318,0.503045827774892,0.6278604877312757,0.33226077390013875,0.4764172544327867,0.6842477964701736,HIGH
0.8803977381764619,-0.717564087836875,0.38292043402872783,1.1449923607638632,1.0460378356963114,0.4222236456345218,0.3310155215729505,0.6860660219006269,HIGH
1.843712071857247,-0.16886815831003857,1.215202658352865,1.6801834390087402,0.12687494945944333,0.837042850837399,1.2009801824965438,0.8890395092931783,HIGH
0.2624846611984032,-0.4544302634393534,1.680588163551457,1.2163172334182115,0.16676411344207398,0.5532142444197002,0.23836477720229562,0.9353970351880774,HIGH
0.26652449132039124,0.39510185130883824,0.8310898996121306,1.2675505560690652,0.3164569860742914,0.5098090298040393,0.36349951539442876,0.879164321214354,HIGH
0.5257023883838522,0.10036928986344922,1.3428181624335414,0.779542813587999,0.09408217666500406,0.6704074264206551,0.6765049730030537,0.6192988239728683,HIGH
1.3492259845998815,-0.2873591174995307,0.38421895146252116,0.29926727690308036,0.1011353488925026,0.8567733505944176,1.558833532980402,0.7605732721056307,HIGH
0.9481672103485049,0.010480693848227977,1.1349934753205668,0.7319658674805304,0.07522548876858881,0.07079981121712223,0.7455089112756371,0.9634277034364682,HIGH
0.7145748878851476,-0.22051582099123757,0.8985901807619187,0.9134937086733379,0.1297350905808002,0.09968927574325141,0.6469674043765862,0.6406135526834789,HIGH
0.9916455856741487,0.6579833596374566,1.105866391571697,1.7324128567679495,0.6184133421613449,0.5824168976478757,0.8995710497872464,0.8538500328899425,HIGH
0.574249025181488,0.2097229963067361,0.49727054741485766,2.0,0.4526552049070519,0.7315014216908433,1.0672529756580327,0.5644559320764322,HIGH
0.3171617333571146,0.2613258367849039,0.6552952166482514,1.0759714722343907,0.6417804385614259,0.3787597539630891,1.2177018271820785,0.5002689197986867,HIGH
1.5685042874443447,-1.0,0.3532387148709055,1.6105501592115543,0.34005067276849865,0.8998923429534069,0.7443511172358174,0.571603513764296,HIGH
0.5445506783482585,-0.04805124510810055,0.4629004580621915,0.06655061157768714,0.32594728031729425,0.10338971143857366,0.5849993825226418,0.6560692734404366,HIGH
0.8675164420964133,0.8549486028047943,0.5719366476796612,0.6297471242944065,0.27769168241785314,0.949835368768056,0.24546089009253913,0.9570837980073311,HIGH
0.022757649707547387,0.5369742094154074,0.7736688926854789,0.7766685161238329,0.3257637792824355,0.1274973187580271,0.6163507197033294,0.8151884381379741,HIGH
0.03112740103930972,-0.7957776260865274,0.8808712315794679,1.1938115336258128,0.32868998624844115,0.15748462899710472,1.3717368052122747,0.44972698015408996,HIGH
0.454840784293853,-0.1516388497271095,0.7586070090090922,2.0,0.6338282063936895,0.35573164669254526,0.04924943051730282,0.8588657362947334,HIGH
0.18054065588436902,-0.524638175685863,0.7368160558435705,1.028849462777431,0.190044339799349,0.31922744205464587,1.1341641712205226,0.6348918573081097,HIGH
0.48635329142030126,0.6986626553524055,0.37427557866025096,0.14699649453787997,0.2844374501692649,0.09119768828831824,0.5830069019202218,0.6127289068186343,HIGH
0.2662129211512441,0.08259687855588156,0.14307058667767306,1.2783595139920214,0.2780014698316106,0.1690457859806704,0.9650956974579584,0.7673322881178958,HIGH
2.0,-0.34247413508720315,0.7143935276871428,0.5922021105931115,0.5771749512386325,0.4447094024785611,0.7665536123313325,0.6377278976686992,HIGH
0.8212502225450191,-0.005653663712868618,0.13450536615700043,1.1901511255874722,0.7190044322829922,0.9408895355849044,0.5212947699234074,0.8110050463802574,HIGH
1.0557956346029251,-1.0,0.6218100515548717,1.3544240746748424,0.35638614400099855,0.5926540934282801,0.5822451953311439,0.7967311665061003,HIGH
0.04138699125523599,-0.4756837474517622,1.2942608215525684,0.13534077259535066,0.7328907209605452,0.23742961818909827,0.8105544636311903,0.5554472312629736,HIGH
0.70790300601547,-0.004693635152949981,0.9356618166489131,0.7447010621264325,0.4796378284522958,0.3352233990838235,0.25865679460601504,0.8757668389902209,HIGH
0.34780563298305095,0.33518365475039535,0.7388286212429962,0.7668165277405166,0.13994224579086775,0.7053937826568051,0.5246839325649858,0.5579791654010673,HIGH
1.0692064309290046,-0.8353519306508831,0.8402391927424703,1.0194559742691498,0.26619495555068706,0.46067967606118143,0.735375644209593,0.5814432492989148,HIGH
0.6377372458921865,-0.1800852292350203,0.3946077321943243,0.43417363745197296,0.529507310421584,0.20721983348466402,0.8673312932182565,0.6443932452751125,HIGH
0.3885693859045833,0.4040680101779051,1.1967762042057475,0.3322982763949108,0.09606815250697885,0.32570241096387226,0.8090222241093299,0.4597148332110346,HIGH
0.1336944420783963,-0.6296103962367743,1.4220343277399932,2.0,0.4060101789424062,0.9064713555701176,0.4177807072725906,0.9532481302994001,HIGH
0.44832616075380416,0.07625679060935268,0.5098901427728976,0.9435643221777489,0.3438818107533918,0.12058290333395168,0.5533746443733694,0.6354306472323002,HIGH
0.9038380944033444,0.007709291304521453,0.7607440819631318,0.36560031140160093,0.6491562449974849,0.8216299207102907,0.1943313270074601,0.7499887233168552,HIGH
1.110283169868237,0.700039734549773,0.671622622732961,0.5130208729869913,0.09440917520537126,0.523821998142274,1.0950927895351268,0.8913828085050491,HIGH
0.3004809473859837,-0.11665720110688782,0.7909588800901777,2.0,0.1402355268179518,0.10100081240985549,0.632206369689138,0.6180375372740907,HIGH
1.8090798109479467,-0.09207225131752951,0.26455027042545226,1.9659232734975745,0.3935326966829776,0.22556084158675366,0.5516201498051866,0.5771571479848139,HIGH
0.8567342702002368,0.33908309632916916,0.10461183927947149,0.466063010026641,0.6916184725355511,0.6121226881572905,0.5497032517140739,0.7827191221636944,HIGH
0.18401042093187353,-0.5770664405807248,0.966811177586743,0.30361916859213245,0.4263614571787464,0.5949024150408293,0.45932012808128947,0.5773180306298106,HIGH
0.14670812118523013,-0.11277094675136062,0.5099651251608727,0.3254619295291268,0.674885310165471,0.432479483022656,0.8779899635124134,0.889788016546098,HIGH
0.36548086026176335,-0.2114045045530144,0.5971214915702441,1.823995819521663,0.6861583563347029,0.2701125675356781,0.5603379295284873,0.8143362334563641,HIGH
0.29985862090829496,-0.07834296133614209,0.2450957277827691,0.559796193223401,1.0235559653158484,0.5013416489184447,0.24195759851783621,0.6938611279308147,HIGH
0.5775374294227109,0.33633070856439196,1.236910051578795,0.1937177311745559,0.14626911570858478,0.028633311656399624,0.3062922667032188,0.8493326682161905,HIGH
0.4133546656121192,0.2127478237345127,0.8259134561707331,0.5267771658240132,0.5073445625670435,0.7701751049006687,0.16776559826844598,0.6873861968296556,HIGH
0.3210478509442433,-0.33444656958204405,1.288525864310047,1.0113113600621078,0.5226760361552166,0.8207499817823339,1.3365552772765141,0.889477957732005,HIGH
0.08823413546789009,0.03741366539742923,0.5470963538167809,0.7342043821506051,0.2892031630301903,0.28050078925710253,0.48707750374054004,0.7665163113507416,HIGH
0.6515777815648278,0.6059854779222201,0.5874697152435149,1.9892353483937981,0.1390423689625325,0.4597612992673915,1.429389807372749,0.6876257796062555,HIGH
0.07991973167329361,-0.3691735934948682,0.2705246597866488,1.020728598388324,0.8832999573535055,0.10513984997243817,0.6021898007284637,0.21517750328928786,HIGH
0.8586392299326,0.04097004776674529,1.2335547757113958,1.1269174114160334,0.09533168048924433,0.6142961674605333,0.4027671677687648,0.5928154481793765,HIGH
0.0481371781443196,-0.101127484314224,0.39034395582745646,1.5428290277232624,0.4957321760774589,0.1443723749945345,0.4675495123928299,0.9141841548346208,HIGH
0.07463173660512212,-0.04646210665144632,0.6313016676014807,1.4858916828766164,0.10938182803867232,0.43568565122303776,0.5885818221584899,0.6092772835058698,HIGH
0.18322420606408846,-0.7048762013447483,0.6149512367085109,0.5245515994220729,0.14247625483529366,0.17021479556065278,0.24807864612432398,0.8255336292584631,HIGH
0.2781077570760248,0.5725203988111258,0.6058280038032596,0.3088278097871337,0.334082010225747,0.6150885512747136,0.18852247357261562,0.5174554269451709,HIGH
0.231758935302259,-0.34522779837303696,0.4279790231440959,0.9604182065089645,0.6684565299440064,0.7156045765902889,1.0227206697510218,0.4475241777919008,HIGH
0.27709756390807966,0.41095022746448373,0.8098806736853371,0.8627947015251549,0.6370207489614501,0.22820750917569518,0.38720622786950876,0.5719245288184983,HIGH
0.4935960409718554,-0.2809781753799547,1.086509461571036,1.0264588059138935,0.030404160130638458,0.5404847432862512,1.4517579541811012,0.9534827934676886,HIGH
0.1872156794645554,-0.2827119537962193,1.147796129289129,1.0913935270500998,0.7395184474003274,0.21362917806576254,0.7530884876913327,0.7041835337507002,HIGH
0.4970116454866211,0.489511765195496,1.110865560367741,2.0,0.6123022740418675,0.12488274864936591,0.36427220775505775,0.7333573263530956,HIGH
0.023274533789592343,0.3974315334607282,0.0363316513741461,0.6487717850416298,0.22757431380360538,0.6175120001066146,1.8094796036712286,0.6256281535551325,HIGH
0.18073709563368878,0.0676396775648728,0.9809338813635272,1.1237048316309757,0.31839710010800765,0.44655370041624637,1.0560296465824086,0.5338117797550122,HIGH
0.07037610427201567,0.2996832309186543,0.13731613284177688,0.3075512723979258,0.20601108706696195,0.22111153909626605,0.14305581706130166,0.6471142760208282,HIGH
0.8518899063474012,-0.14119216770768797,0.4139164242121749,0.4050905717431425,0.6422056939930322,0.25046575959419914,0.2860679962586733,0.8034088740455088,HIGH
0.2107286115261079,-0.023514403641933766,0.7853515564021925,0.8216279883880039,0.1779076358282789,0.13226755903003748,0.43497757879004867,0.4276655102321028,HIGH
0.622924489721832,-0.297882244834804,0.7621799228601345,0.35374771266597,0.40351497609082926,0.6045108859569726,1.661581204292096,0.9515318358747745,HIGH
0.05606228809875054,0.359707278706109,1.0558535881711366,1.296201694052125,0.5183285311145227,0.5770975022309012,0.0988501995137435,0.8097340811602753,HIGH
1.098023469495025,-0.311233599090288,0.7974512903300802,1.1595473125721292,0.6569227271814545,0.387148224093529,0.6631006779982499,0.8695178017704986,HIGH
0.4320962605718264,0.6037656648738982,0.7425377551884712,0.47168911519485435,0.39762581569929817,0.21866103463735675,2.0,0.7815884627288832,HIGH
0.3948059771092043,-0.15265035069432623,1.1771775072575255,0.6872634356700551,1.0961755645664046,0.18702885297220626,0.45711989897614846,0.8510169117582472,HIGH
0.08944608170594884,-0.011386403113139579,1.0311066667738369,1.836909837309712,0.483805814455517,0.2279026936104233,0.6358511001494457,0.8924902093488868,HIGH
0.16017319478836847,0.29866576867482036,0.6975640094233215,0.9518756700318207,0.30693243768411405,0.28725884011349145,0.38248807017716785,0.6793101800288603,HIGH
0.3294380251097369,-0.009976943100375555,0.3440191999613257,2.0,0.22268700407572686,0.48614631140054027,0.27866410292907595,0.7554372570295325,HIGH
0.16617403692608876,-0.1451214919998303,1.4642461789491488,0.6877614420071538,0.30274620887613996,0.2467284424332285,0.8590694514346479,0.471432432716242,HIGH
0.7945380382680948,-0.03260984807955802,0.18891958445033138,0.7530248712637214,0.6401737430493958,0.3146074835130213,0.875554259688238,0.7884161646504052,HIGH
0.42211940922305047,0.3554037084941852,1.3041765277461637,0.8216684783926241,0.12010233610627402,0.15735766613979604,0.7099877360995722,0.7780467843389485,HIGH
0.16816283263443776,-0.2983979332974163,0.5793651997050394,0.16803947987557957,0.21646471782014254,0.02660211921177254,0.33624866232465106,0.9104017570195407,HIGH
0.7113572421398485,-0.07301954305477121,0.6999124803361599,0.7256973878033954,0.6228996265462893,0.21022671016270902,0.7177322098148008,0.634734399477675,HIGH
0.29441841862855145,-0.01567957451826035,0.5732795698608508,0.7058615780190326,0.21433806729074398,0.7794127054990044,0.13450379580943855,0.7589898883761867,HIGH
0.6886907625951636,0.34312578212161565,0.7906508295527771,1.3817429435182873,0.3055205843288007,0.0977406959697543,0.7694575229475973,0.7354859226655038,HIGH
0.25605990573579335,-0.061935057026003354,0.47646712185594625,1.888498083718278,0.17196474331966932,0.4069330022498814,0.2633854452651713,0.8637119933638758,HIGH
0.592180077765339,0.7394856196873633,0.5913255254257122,0.6409586039174119,0.34629669686397324,0.1271903470148417,0.24687395795595599,0.8473065963720983,HIGH
0.2858073499559403,-0.08574620264033994,0.8238594835329502,0.08748682727243463,0.8022721775374955,0.36507632965724063,1.384344701005764,0.7737292098383162,HIGH
0.794733578131038,-0.11982712813021756,0.8525867339027624,0.9209598036689546,0.777464281909647,0.06293380883523297,0.03302044204661098,0.6508421411301125,HIGH
0.05764949832504916,-0.09183349107944733,0.44387022489347566,0.34983823187723134,0.09606679009557072,0.34635865060251664,0.44705495066269463,0.764981962593549,HIGH
0.12292087734146044,-0.5729894000363642,1.0724484581215226,0.9832371201161302,0.5374751662929217,0.7891302590064989,0.14824796501462845,0.8374883025442923,HIGH
0.35398252014129244,-0.4554252756386477,1.0330891646318165,0.9641634803814005,0.5115685148507344,0.15436951758296547,0.5754122302884225,0.9061169106183716,HIGH
0.21937884911125152,-0.24288009369041916,0.5499149314942032,0.44107734307409585,0.07007208135069935,0.34798092268444764,0.2881175706683411,0.6285975237312987,HIGH
0.2784488543371769,0.45704853651705446,0.605344409176983,0.9268148177724973,0.09726379502322842,0.4136448996789049,0.158932892303115,0.6661334956603489,HIGH
0.6421480009828751,-0.03391294493204425,0.9533932883360245,0.2007456472792415,0.5914525318985648,0.1557453281109871,0.38675411308926727,0.6078157352707482,HIGH
0.27348516636620956,-0.22355055963859674,0.8564847528643301,1.029041493239778,0.0413666423760386,0.10869766192155038,0.2303684407615877,0.7005235141883599,HIGH
0.5103843520200946,0.49514459315477,0.52626087836894,1.4748637696556173,0.23315293412243557,0.11666152153982917,0.2391113991328622,0.8310738155409065,HIGH
0.17953864524383725,0.6314943958147495,0.10617639840981882,1.197439813918104,0.3860928372746834,0.3255450076192954,0.7884349108557142,0.7938344020073265,HIGH
0.042987470393687964,0.5072606335812593,0.6856299646342626,0.5346378107821298,0.029736007160726274,0.0495418612973124,0.12719877479057937,0.46209146593801426,HIGH
0.6856612210407231,-0.37829779883876624,0.4876085773433495,1.3980870112622326,0.2812508687351431,0.9507997302924546,0.6002539994311392,0.4960947680166622,HIGH
1.268083280262637,-0.2280044204813354,0.908919429946384,1.2866804623374328,0.329576973231302,0.5357906124606301,0.443500555509389,0.5443667054730691,HIGH
0.47122466075320196,0.7417691495321819,1.0667050292842721,1.3286885543179692,0.3780616141382836,0.8122118070557921,0.27806507550337245,0.8894663681660393,HIGH
0.369721727140971,0.08127867064000925,1.3792668850075003,2.0,0.2131046409112253,0.5779281801107481,0.7827724168813602,0.7405241816445441,HIGH
0.43411145845402427,-0.132403367256353,0.2990572176845482,1.1020777367455068,0.15821158164945548,0.12151798465001637,1.4658667250653707,0.8636283233448645,HIGH
0.996734700818907,0.2817061437589516,0.7163867373679683,0.3175352614648084,0.5295144782856535,0.44758527057571307,0.49152091482721216,0.9302028124289746,HIGH
0.47550916791972603,0.40306560829040716,0.3082776693275575,0.37021730341523684,0.4613268281046618,0.3498151320373424,0.500206818735138,0.7333384982019846,HIGH
0.7095273211606093,-0.26000881978987106,0.5100961136900535,1.1027423170053186,0.24814634090723803,0.49203831126624764,0.18147425705627904,0.8079234545220765,HIGH
0.6873517323992843,0.07216478262037122,1.4703554065812297,0.716789084848912,0.039392061686926674,0.41712371122390846,0.13431717466155074,0.45317123930476705,HIGH
0.8420246226916007,0.36915522907116455,1.1954958584203654,0.6135209034914767,0.15602985756539856,0.5801302983622408,0.4570786294740008,0.9047148190239901,HIGH
0.363353520386427,-0.5073206013031383,0.1623650959781687,1.2600670905814515,0.5779260854681395,0.9526941530265016,0.09230009000594298,0.765665069031954,HIGH
0.25308298433715826,-0.014814907881021277,1.1355895678270258,0.2637914748350638,0.3442637223217501,0.7992193225903337,0.07559465050908608,0.7383526820858459,HIGH
0.5970009646059146,-0.4880436542813005,0.6542072003966763,1.2780418170933825,0.17731190045175257,0.08239774932473927,0.6702797761930978,0.8107261783779992,HIGH
0.800983320836424,-0.4331038087092606,1.0221818249816874,0.6834312228038047,0.5827367037609007,0.2702012057621596,0.13538920310274188,0.7011633182330392,HIGH
0.9083595781739424,-0.2565020325417277,0.8386174021451075,1.049913152420733,0.46191336133548416,0.5841848636907416,0.690670707539436,0.6979975491162652,HIGH
1.0809885292824375,0.18039020590937754,0.33850689860072103,0.287042540350399,0.3254503449599537,0.26365125269085965,1.1150948776590657,0.3375925046257642,HIGH
0.7511518318104213,-0.15524950402801654,1.0628360490458506,1.3138376035070995,0.06627543256917438,0.16784082791916702,0.6335565813398548,0.7569123621161101,HIGH
0.24108647724650123,-0.29233561248673057,0.9157710527443347,1.659289906118702,0.3122214907339772,0.6206941958043839,0.1126602917981394,0.39413193474573943,HIGH
0.4707977112626067,0.0016529165964828813,0.7796044869872223,2.0,0.19804280324949564,0.6958767109717231,1.818447747855601,0.47383984230653037,HIGH
0.43957741378484494,-0.5017243458719004,0.631367056934923,0.9995391922432489,0.5602602830838344,0.7616319961763492,0.525668719426152,0.7833035741525672,HIGH
0.40341258384119216,0.16009735149024226,0.5487691975033254,1.6186506014906878,0.3729636962681968,0.27421362478530764,0.4919785156369817,0.5887771091728647,HIGH
0.5978767655683003,0.45518244002249014,0.8608905900080313,0.3526955228290823,0.5083245926266201,0.6255368869976495,0.4346924780160481,0.49121898797235264,HIGH
0.33694669602448835,-0.05326569721496485,0.339383472735965,1.971165856898439,1.2686429000343837,0.3037462789533068,0.27083712620485323,0.40252135179654036,HIGH
0.33734690665041406,-0.10511257718608749,0.5061946931935052,0.216234656941349,0.31330727002052144,0.21987621260112455,0.19572926234947527,0.7524635517200232,HIGH
1.31994033380395,0.13684494835053915,0.7181975719513431,2.0,0.1742930008897492,1.212766709522834,0.03325878937267044,0.7246470229262489,HIGH
0.37869709017483477,-0.8719571559092488,0.46134060291396234,0.9269967689148781,0.23917697041011185,0.45130917105446267,0.14693711279713245,0.6280341216251913,HIGH
0.8378036242908574,0.20546333177110432,0.802487950584278,0.23776152910453685,0.9057252471784838,0.016453270268044762,0.40164491743471487,0.7687380411760212,HIGH
0.8716777945214428,1.0,0.5727877539593125,0.6274042520447061,0.30631277541560387,0.19607385456463636,0.6643698988162384,0.8918084408578446,HIGH
0.48070232365291016,-0.07152401286818257,0.8194245391040652,1.6067321919489848,0.25439536178092087,0.3564886258059389,0.21624447232233096,0.5518439521191744,HIGH
0.34820036101593504,-0.0700325141608589,0.824929093827394,0.7274793756149892,0.4273012116257302,0.44709305510059144,0.6051775737473034,0.4300076824539501,HIGH
0.1864662876897294,0.292314940041867,0.5320845185998507,0.7198297290499007,0.08603440347890229,0.19907666470597762,0.37760599912614967,0.8195413270256601,HIGH
0.07853862339643655,0.671039720643144,0.9893367015247476,1.5049567956790935,0.7771367743140336,0.5836478302642312,0.4535399799573125,0.3446077740402408,HIGH
0.6291908104458034,0.38948649466233665,0.7441258790666954,0.7756603303319283,0.272331184795612,0.6397363387611547,0.9180368990886878,0.7282974114403857,HIGH
0.5400961066472347,-0.9253548890050912,1.003692142791765,1.8874532067739669,0.4532672449874784,0.7426662697652876,0.6084935722074474,0.7866223679266839,HIGH
0.6969652879469488,0.21662751181835369,0.9686134220354886,0.5207846197761603,0.39300555736364284,0.6003883812955496,0.7037927039465206,0.6469105123059874,HIGH
0.2672599349809519,1.0,0.9765126741433564,0.15304983534669026,0.3734612668433561,0.20500520534342528,1.9434588858912798,0.7189710781596348,HIGH
1.4095165117544908,0.24142523963897536,0.6267741803861038,0.8111000593378082,0.4375886315547873,0.30224698528367244,0.2185788214271198,0.6207309478473434,HIGH
0.5756963015060335,-0.5049328035741348,0.5554785168531592,0.8864160903792433,0.3290378240962747,0.27990673749305395,0.8644257899952242,0.7382926806798227,HIGH
0.36739355325601064,0.09836844225581787,0.29280796439357437,0.5041045316098549,0.6871731415488501,0.6876503374016704,0.6928567175346144,0.6768507987343395,HIGH
0.03935436335578684,-0.5578886455632481,0.4641019789660194,1.0283976279204197,0.237513739416894,0.46477208205721454,0.6908038631958825,0.970924959655425,HIGH
0.29342590350748426,0.49777754949292097,0.7395565214567917,0.18223447141698307,0.4104861792707728,0.16481602440965643,0.5538049439938094,0.9615938201890063,HIGH
0.7205952803106254,-0.4214706869717287,0.9764901546162658,1.050277980781271,0.11602109460186594,0.24360099846101688,0.6442151979960912,0.9636226921120108,HIGH
1.0621177215252133,0.011182326570649676,1.3009868747977438,0.3029772821296525,0.2695696421729325,0.45708268996869333,0.3877912398692977,0.4688676332211841,HIGH
0.41444097319590584,-0.380267600836576,0.07581317990315505,0.23696979221702716,0.2351898541861059,0.19175484233085985,0.4986073168884886,0.8937862692533748,HIGH
1.1804873858480525,-0.2495081841701562,0.14609228561695725,0.8678743064872686,0.472726795209747,0.11458369542156752,1.010959424579255,0.8832327220237043,HIGH
0.17344775556723682,0.6041832712614078,0.19502505389099875,0.2184918041254667,0.520720082998888,0.2719158815099896,0.29859535143570354,0.5309191505314768,HIGH
0.5522176367740476,0.023452009255352863,1.2167454731026663,0.10127488185833014,0.4793093317020467,0.20271975953127125,0.32789847726178484,0.5390670018575793,HIGH
0.5637619753650699,-0.25486503896480245,1.0055034336048243,1.1534836228870264,0.17628468904880779,0.24862081149707552,0.6595839470245685,0.8592212905377167,HIGH
0.6328428337610049,-0.5009957477724235,0.7328048391860544,0.33610453637099436,0.11899669261130413,0.6044156811336041,0.6164168096147135,0.8583906518522056,HIGH
0.45939281770178786,-0.8061146242877633,0.6014195300739669,1.2400897177356613,0.32501336191796637,0.10712010204016521,0.3757458227912746,0.7222679027493004,HIGH
0.5301436646455272,-0.5455378660795284,1.0244803423654074,0.6625302247878438,0.1405497051063372,0.4936264750146811,0.6734898176921515,0.8548947494077932,HIGH
0.16953036358344306,0.027022881406638725,0.47906527396564713,0.8672664693424176,0.08544752986569593,0.2885481306354113,0.6683903500612128,0.4359500954204549,HIGH
0.993666115840604,0.3916981828635187,0.23136481087286015,1.6242615799694844,0.32567383110282955,0.9141339514020607,1.7550492017169892,0.7525968689639269,HIGH
0.7811304122506028,-0.2553476268173244,1.373982395436016,1.1084450770902248,0.5122533094217389,0.6673918857953522,2.0,0.5777325752623688,HIGH
0.5147935885204438,0.639628312301986,0.7840914606242905,1.259103989969423,0.44251231892923165,0.3054888931730585,2.0,0.8080110929471227,HIGH
0.7939561180793305,-0.3213501773358553,0.43896254904814486,1.226715902063057,0.5009725547277498,0.21761641233182277,0.6632312061026472,0.6058677708691451,HIGH
1.0153149433641577,-0.1199649236095493,0.6176716603693513,0.46519883952815433,0.8093321631514343,0.48369397115097884,0.9261941876185014,0.7577318348572883,HIGH
0.626239312927595,-0.4734222225416458,1.1322814429862635,1.072666697415272,0.16920962850601745,0.5472400887424003,0.6517418088435173,0.8250443807147075,HIGH
1.51087957377336,0.3961199285184994,0.982647960936824,0.37629640236658934,0.8130291926161961,0.12244096707672295,0.45976315650878047,0.8748102923313503,HIGH
0.6640790676417638,0.8609544578987185,0.4776010556817561,1.0744030251392906,0.03851110825703789,1.194715580168942,0.696887658607418,0.7482294976433522,HIGH
0.1954082023249444,-0.7599631235932031,0.46265430710808564,0.63790076529926,0.695206600877512,0.4608945126055829,0.4529405598684435,0.4734136461652655,HIGH
0.4956370656966034,-0.16538806882657325,1.252374479306551,0.7449451444842722,0.9824942058921184,0.07927751212710975,0.5219742880741104,0.5589251325401027,HIGH
0.815652934049373,0.5112075357610147,0.9267862670421271,2.0,0.3859971001302512,0.6964287781138064,0.48733640537137035,0.5471149215913329,HIGH
1.015980987265074,-0.6277171189987525,0.9740787963492641,1.1902868690221917,0.15997917644929688,0.36142820403798165,0.4925501050286234,0.5759906827716748,HIGH
0.46683749655020185,0.21800724092785628,0.4577024101065884,0.4958332741691328,0.22510722918083245,0.3137781818564119,0.30291391556267516,0.7330184669553211,HIGH
0.18138390693682946,0.4930183240871796,0.20204416248004925,0.18105784774083383,0.44671212206166877,0.7205075806587621,0.86793460908371,0.839274360188491,HIGH
0.3421538819026937,0.01285610202987161,0.5693373162300548,0.888150293853388,0.612659121869467,0.1874671958246084,0.6828105007541718,0.5742994195677907,HIGH
0.11311081138676715,0.2111104897948557,0.7309980239053543,0.2066314194537591,0.3243555279714585,0.22043496312356842,0.29362531026999716,0.6169965375028708,HIGH
0.7133501389351631,0.719579002173595,1.055010883854682,2.0,0.6190881834585092,0.2767739212690394,0.4774341328827916,0.7917819666397715,HIGH
0.29036505140498725,0.7983391527224815,0.7610551911314051,0.7614711247952015,0.6298726862998624,0.6449697146305831,0.2077072389988996,0.7158212782052892,HIGH
0.22435176101391807,-0.04602622947448286,0.10564749350383591,1.5142398248189248,0.10626884481855343,0.18942674418029543,0.5847159721064179,0.6784449576574171,HIGH
0.7630602680282754,-0.2435986967056779,0.960497615092008,0.2521434364684027,0.17772080218153657,0.17737895221068234,1.0055473554281575,0.930658646827414,HIGH
1.1646171607812912,-0.4063916466509525,0.7202787949366638,1.1686390563864033,0.10218464781701982,0.05613070104021428,0.39345209083872856,0.4965798095267406,HIGH
0.2234862740358702,0.3903249431800592,0.381966524714972,1.7354306072008832,1.0902929012024376,0.48562318199489746,0.8551365573422464,0.6813703980805406,HIGH
0.46916086772017185,-0.5961457342722066,0.9170738521655257,1.237507292538758,0.9211940709032267,0.1809600657085124,0.49477886432157225,0.7246332779631509,HIGH
0.3538333542559696,-0.12608109595630498,1.5323347063692738,1.4359218721539133,0.19513640623506523,0.34175110520804797,0.40740924486077384,0.6662753882178859,HIGH
1.0479686594418869,0.023129703800875697,1.1847865691416435,1.0934332202159962,0.7605356478145178,0.08618762281315702,0.2786880121433788,0.7191652988576588,HIGH
0.386995888989866,-0.23126105534187688,1.2518135696494128,0.5923617622147422,0.6039098301080965,0.181808321972152,0.4405537552840377,0.7796597208559095,HIGH
0.16563326896428465,0.09752451130803202,0.4255544433821426,0.38995373301244635,0.050249720614672734,0.16298344471618392,0.8732636878261751,0.7152585592146598,HIGH
0.4016514956565457,1.0,0.855132488859483,0.4462341100817036,0.637357288249373,0.45347503933762245,0.6424059289399952,0.14975240481846508,HIGH
0.9028570060757033,-0.07107140794554782,0.12964612454248237,2.0,0.10661257450123228,0.3745635563402958,0.23826817182424503,0.8619951062082728,HIGH
0.33730368474727807,-0.20287036351950363,0.6648015418659213,0.9584880671140028,0.33125821172267744,0.11043469778012023,0.7054223416608922,0.5969148169675703,HIGH
0.24470185073010867,0.40643936624037813,0.7894451210936032,1.8475108320690603,0.1242059554694312,0.8837642420452105,0.5682247098204367,0.6963374568021836,HIGH
0.3733766979139939,0.08062513054111921,0.9532774808744899,0.5205568556165853,0.15626073937437204,0.5646416740303167,0.21052022529476336,0.46484510706192433,HIGH
0.17074625088054773,0.584521023908778,0.9529957272552645,1.3769464592575755,0.37171266907878137,0.4276733561515679,0.16193718268286808,0.7581966150099865,HIGH
0.3534656397138378,0.049168800324281725,0.9184048420750803,0.36585324536171776,0.3646610192329874,0.4314171025461568,0.1551416335744884,0.8572074743712197,HIGH
0.26102838373456333,-0.12433774734783398,0.47283906133976694,0.6766519418105684,0.415352864958983,0.08924365536607513,0.9133242296535277,0.5768266642318587,HIGH
1.6936497056502904,-0.7691644529997133,0.5585424412361072,0.5704746052672015,0.7080639252602191,0.16238489165781894,0.213796950643973,0.5763934812411794,HIGH
0.05305615627362511,-0.7002885714009308,0.7381503280076254,2.0,0.25772169883200013,0.01873230949695259,0.4146719928416858,0.8473621847794071,HIGH
0.19461993656182489,-0.7909934499793831,0.7214140873142832,0.4227028935478445,0.5623645745856839,0.2520154974400021,0.6707868600751606,0.6942024400654511,HIGH
0.24453894425229453,0.13932244983938066,1.6294797766740499,1.271744980064171,0.03573952534610122,0.663392891070556,0.6446375183051033,0.7186049078878146,HIGH
0.1718553655834095,-0.592144781544333,1.1073023946126723,1.1139881945884784,0.6767744838754016,0.90828126228365,0.644709005101488,0.7613841766348514,HIGH
0.5561835388930999,0.5073424936861408,0.4900406709247371,0.2750861806323829,0.9028407198299386,0.09023228051244095,0.19085916462795857,0.6724611292853181,HIGH
0.21993379908639102,-0.0072964427604994345,0.9980529612616208,1.8608582150649349,0.6777081503614025,0.15610524700669176,0.6790443607119085,0.8427964182977301,HIGH
0.10053475348797236,-0.12255850602270091,0.12820257178068675,2.0,0.9497092232539333,0.3122492787561784,0.4009629610513689,0.7525581238517072,HIGH
0.4379483145013718,-0.374419131585822,0.7440747118867189,0.961489051980344,0.4817045483334315,0.5646874295742903,0.5314687028713889,0.8695884114165897,HIGH
0.3216710782958424,0.24134867427348664,0.38639374309562974,0.8465524357117031,0.21513689499715807,0.4797370819209871,0.5128322441630954,0.5218151129132764,HIGH
0.2292838336909582,-0.3578890842078128,0.7993224602167226,0.14990207522908386,0.6836091364011815,0.16616150751656483,0.456697183397027,0.6163337754866812,HIGH
1.030271825119038,-0.4338587617093499,0.7979213248995622,0.23747901421792136,0.043938476777642954,0.4275095693926618,0.9838401918153299,0.9012434120400922,HIGH
0.5699530269253226,0.4791069666542464,1.06093973782786,0.6623830872707184,0.19698876544344993,0.7067151531993507,0.8955181736847974,0.9613093735877483,HIGH
0.5242647474306807,0.1289408875255095,0.9114681403875052,0.37640366876547626,0.10332834580238295,0.868804613100551,2.0,0.6819007918925555,HIGH
0.5792073171703577,-0.11867035986427434,0.08463414951853396,1.5154813439701027,0.1550860196474261,0.9685270898519834,1.272156110142261,0.2699748747585291,HIGH
0.5577986494117986,0.24940185358816094,0.28083764297521907,0.2283045956399832,0.5374316248494004,0.16815263748055362,0.11341735217486207,0.5196129930526165,HIGH
0.33519440484115226,-0.016248613293506582,0.6539375931912068,0.20802552504946512,0.2500444456463677,0.4937171943771047,0.49030296083535674,0.5577912343312025,HIGH
0.2220132562877649,0.14086552318970713,0.9088262825996228,1.192494197313133,0.31019705459322156,0.11979190449945647,1.204151832874149,0.4474181511873016,HIGH
0.4453532865859298,-0.3630761189976911,0.5639541852626453,1.059600156600013,0.3011587142743778,0.3155677359603539,0.44594875193593375,0.9644522197042636,HIGH
0.33021396964852223,0.8495674157424613,0.70723105729583,0.9112520991546154,0.09674153924149527,0.058562665569981624,0.37670005739966295,0.76109283013022,HIGH
0.052099109977037955,-0.2634403864240145,0.615856975165146,1.380652289292515,0.49617012246828224,0.22408739532311933,0.18502980136992458,0.6435518349508201,HIGH
0.15787536900364738,0.6335268573189904,0.685068841053783,0.48483787546670876,0.26076585427404425,1.270396817272074,0.16807309453447491,0.7815743447801045,HIGH
0.29704991085346444,-0.09932491670788011,0.7391661035161728,0.5916833146697021,0.6752851366865762,0.44635136044192214,0.8456739098142397,0.6583958867366339,HIGH
0.7745411937216312,0.31898078857508416,0.04909067238391371,1.0358333452294874,0.4033872340087685,0.40100626626747227,0.5396892029251698,0.6810045864446684,HIGH
0.4468398232893118,0.28837386959097727,1.248968558426142,0.9572971994161994,0.2996258300860877,0.43515885253490555,0.05358109888365554,0.8551335232180753,HIGH
0.18795582864863872,0.46167773716301913,0.42261029823579677,0.40478738487088733,0.29792598948435245,0.620440572186325,1.0284648969816184,0.8316920636527773,HIGH
0.1449084064300933,-0.37306195700894085,0.5698155011056151,1.6871650813525794,0.7316104331492201,0.32084649555861505,1.1250137097724124,0.8615993237635798,HIGH
0.8915578972570688,0.43176686853712204,1.2573333103393218,0.28279600882377565,0.681570316988147,0.08329092075328665,0.4200349287454896,0.5666668294454288,HIGH
0.34784879033056093,0.7555047373828049,0.3431274613462942,0.6308794966793227,0.6319677433770975,0.1745089129316446,0.49728246830699685,0.5155269879524585,HIGH
0.007124848761262893,-0.12865105128157997,0.29625545162753614,0.3023604853562744,0.13136519046704528,0.14692342212368964,1.2967361622325508,0.7784153702108582,HIGH
0.3658964501916206,-0.005423451800308591,0.9530503110218913,2.0,0.7951492902384731,0.2574022154354691,0.4066837220996663,0.7372145547880231,HIGH
0.6612745440990453,-0.23984758984166474,0.47283174102276126,0.8637948580921596,0.032782444148591994,0.4056352605264825,0.09189144168629286,0.4833652896916743,HIGH
0.14051912633378805,-0.16550322591774197,0.7670180650260595,0.35558788375323913,0.272229945123805,0.06691149611257823,0.8501536584334501,0.7737792357715368,HIGH
0.4212985234372914,0.6987975755516459,0.6048753047390908,0.574208095157446,0.21859580564547884,0.41297216041110213,1.0982609433826809,0.739749746534561,HIGH
0.45229554092688584,-0.44177850097468574,1.132176960501325,1.0249436120813857,0.13626241427201355,0.26555571940990713,0.5591017065888212,0.7688988587099697,HIGH
0.14904248060978673,-0.41568990517732424,0.29554420843666296,1.5079785499897396,0.47547496818860946,0.16723536187274887,0.21321299007531183,0.7860794190156579,HIGH
0.9475617788308819,0.6565783932940382,1.0358201979328787,0.38760838279175835,0.20137864893647694,0.39189261288422983,1.2003766796866973,0.7646855913949083,HIGH
0.45828324171797696,0.24231033887311218,0.8763272909979245,2.0,0.4277571248584249,0.179480285039433,0.3591262481936295,0.873773164167551,HIGH
0.2957829095359519,0.8705555045978601,0.5475765940556889,0.8391101031902733,0.31597573431399634,0.27457518606487064,0.2487095489461483,0.6832062661079782,HIGH
0.3497328677534125,-0.20918422788685834,0.05108138523871825,1.200377154269685,0.27021677745545,0.21177368636861285,0.5526547179555293,0.4967154757633863,HIGH
0.12221431851108197,0.03303807763977913,0.3336251343279533,0.5388932595377565,0.3734562635903081,0.33242641360078695,0.414966150682163,0.7251574462802655,HIGH
0.11701837159334677,-0.29748431638415784,0.11311549627292711,1.0810125740094696,0.4791427393401664,0.23656019940582562,0.7979033275826242,0.6814039804218603,HIGH
0.27316945549255145,0.040186490832032296,0.9846598228388695,0.5066959438987799,0.6907567795183445,0.6581673408145156,1.9247671162543423,0.5206563430100761,HIGH
0.2877310769219912,-0.7651206128594076,0.9059522031922711,0.5998350840217199,0.05856371044955999,0.13792843504084684,0.2359200317152982,0.7617129940331979,HIGH
0.33147537450594783,0.2676809137951034,1.4648195192430324,1.5475707469978892,0.03098734685946332,0.4126633137442786,0.890900825326742,0.8632956422717313,HIGH
1.004920390099414,0.115859115066782,0.814082462598692,1.1535896460608104,0.15784834215454935,0.34545051871212373,0.4016630343976106,0.8632668579800957,HIGH
0.6360614591955719,-0.04417295823568593,0.2945384994470254,0.649171902041953,0.24289159941943683,0.42536291024634326,0.7943069583276571,0.9699510563016902,HIGH
0.06345701045717335,-0.18395301633185918,0.8877936713756439,1.4898133800545126,0.20242453885741374,0.5534067889746853,0.5685338097497951,0.9460420351361615,HIGH
0.8778566789220195,-0.3957966746946018,0.7777772029571739,1.0006306893152321,0.2920588929276395,0.12637190984719218,0.3447691571255345,0.8435067253044776,HIGH
0.2713652071668373,0.28563942305375967,0.8857400788531861,0.12281850574703158,0.8391675252114732,0.10325387694007339,0.9094744002289665,0.5978975249207354,HIGH
0.6801802454071624,-0.5118577939954307,0.717755378367431,0.7478762108171734,0.5437917912087257,0.23547111580212896,0.3754069553517531,0.8642578456125364,HIGH
0.2900119627148118,0.19499628306068212,1.1278121537141297,1.524237298666247,0.23672350877019857,0.19004033492061106,0.25445508747181345,0.8292996820198103,HIGH
0.4363305106376011,0.851269585819972,0.47119425926587294,2.0,0.48762268250173774,0.36892523270460503,0.8667724427174411,0.8599388543959784,HIGH
0.13185204313178536,0.6039190252306053,0.8619685983303175,0.3250674383111228,0.19042142646704355,0.13038087263139367,0.2530216780423987,0.6577855079164528,HIGH
0.5117689500751412,-0.6521537359216744,0.5440767534993498,1.4560826288329518,0.14673164775572545,0.22394262708110035,0.8403943609768172,0.5718429480245307,HIGH
0.7355639780806956,-0.24542998534418717,0.6333901749942987,0.8346402771077902,0.026336060949844427,0.43486040004378146,0.5230867923390433,0.8068229890307738,HIGH
0.0790595281291222,0.15700931103324184,0.5920734349433027,0.2750202998450068,0.14400550893220787,0.34245405606731444,0.5484134920336966,0.4184962779219959,HIGH
0.7435694756603857,-0.049518407246027074,0.7570738376266806,0.29807467351927275,0.36043179854654067,0.05758703998708688,0.22724893235530988,0.679045305779282,HIGH
0.22119235116249789,-0.6077504016786168,0.8288059775073336,0.3364858410618106,0.5669030354560975,0.22886027009573795,0.5682647816415723,0.9062314213849348,HIGH
1.225848518382221,0.1418326996188663,0.9025123179597482,0.19758957653340284,0.29161783546337355,0.3640017620349548,0.3547011986109734,0.6652646240580398,HIGH
0.6891048254942135,-0.024207095948845726,0.6172875846865576,0.25160248035323474,0.7788852020603448,0.05192087338370917,1.3363084089495139,0.48640243272197253,HIGH
0.6066146156350173,0.7840166716135882,0.7319638475913751,0.8597486515263607,0.8399874425042477,0.5127537060101375,0.16429904676894627,0.7569223519649068,HIGH
0.35137480288322953,-0.1263560550993276,0.6720822450788522,0.1196868353977217,0.45170288904084926,0.02610627634113912,1.052754151251887,0.5107065903285799,HIGH
1.8976254666890608,0.4705614218371682,0.3182467502793068,0.393001925571439,0.45012527354643067,0.17013175442749057,1.1106266883184102,0.8719064693077216,HIGH
0.272818620654115,-0.5521771293145897,0.5133061230531192,0.6050142317951439,0.12613109010330734,0.26192260804728124,0.6984354407961908,0.6681250176358349,HIGH
0.16142993868097572,-0.45176390511653347,0.8260612491741491,0.39512903105634106,0.1624231112633932,0.26797800035565944,1.2889699989703114,0.7406296950082099,HIGH
0.22814708776440756,0.2830980231199858,1.3637079059174764,0.22414227709811277,0.2602972104121804,1.176379069262811,0.420267345678943,0.5762787507013599,HIGH
0.8295257785997107,0.4351669278550973,0.331598173321413,0.8142617488015474,0.19118643956459003,0.3228525210703757,0.46286712463707824,0.7974278356877834,HIGH
0.42999022778463275,-0.4221049449512448,0.7021751549070891,0.38797736516517856,0.5467051964531792,0.4488842516247047,0.7318147143618764,0.5993832364532526,HIGH
0.38276597556253333,-0.009887489276757078,1.1802066777775588,0.41572837898667125,0.22077930147534636,0.1884111042523314,0.4313543147365721,0.5790057328071447,HIGH
0.2762702161992918,-0.6002632528822127,0.430197268219828,0.7208779791155435,0.08994498572294769,0.5970852276593142,0.0648803311260132,0.38991854542434373,HIGH
0.36730476694890324,-0.09611232704830135,0.5002088772720237,1.265661292213705,0.18468196315875443,0.1522942974094525,0.16702342361042255,0.6077481249221882,HIGH
0.260408500710561,0.3315075699621329,0.9285508799295774,0.47406058030246284,0.38458348294684563,1.2321723176077455,0.1831236835799224,0.7818883492320291,HIGH
0.647967872942536,-0.20268256963718081,0.908778034413318,0.49518973033863817,0.9322088548485974,0.3833226403526311,0.8757856188369537,0.7416534973899955,HIGH
0.3253977605128571,-0.12459457649639719,1.4898463660424577,0.26492408506800746,0.7202991119863734,0.3370342582632322,0.49830071732119063,0.7113900932230464,HIGH
0.2318983136968274,-0.4945140672843418,0.753819734576385,1.5122748932045447,0.7110350516908815,1.0804421010798086,0.8279187094030594,0.9461426001702755,HIGH
0.7820048215584969,-0.29231053372246885,0.8548098267629597,0.8251817021354855,0.2291875179639761,0.05241132253730329,0.9185911460514469,0.6222681243054395,HIGH
0.16637976310578612,0.7184065848100221,0.6304300293575209,1.4463480032657328,0.23892925943558338,0.400977884883968,0.4240677849081039,0.8409151347308222,HIGH
0.4346342666175785,0.010628454521195804,0.7807634479393574,1.6107935501536135,0.1334100365820904,0.06872340115414743,0.6217794152312995,0.958705649440801,HIGH
0.051638540236962016,-0.44096926199325126,0.1390972537545471,0.4685698483512948,0.5264291993135419,0.7835849382655509,0.16066966225907076,0.8495115984787639,HIGH
0.10718831164826735,-0.15220421896555647,0.9857834479830967,1.3714353571402464,0.09200945100813139,0.35113967687551595,0.3029365511398893,0.8145415410365227,HIGH
0.2973773881678141,-0.6909196008899561,0.6484418667824525,0.8878603078241849,0.3091330522680299,0.32983485003247215,0.4095713425124926,0.753429765551943,HIGH
0.256357179190579,-0.44594707069888917,1.2413034843659312,0.5049129803242909,0.1104252059321159,0.47632126345065534,0.5100320296159859,0.7277920151411329,HIGH
0.25602114925238867,0.5513426903995103,0.5163590284843382,0.4402705912612315,0.4463409780535857,0.5448637107228254,0.13489731223196186,0.7979378293059215,HIGH
0.693555287065212,-0.07984261824237412,0.5428804544750018,0.8077753915092786,0.6942019633191424,0.1554599527339409,0.41368181005441806,0.638906957005565,HIGH
0.7222508253011586,0.7741066739625065,1.0611806293483896,0.9581177472718061,0.21039067426273977,0.06713014594531745,0.25537647435698513,0.7489602362544082,HIGH
0.4999484663581393,-0.06004609216834349,0.9906283370905529,0.08652678728639751,0.27439867427604586,0.06718299885588272,1.8022657211449769,0.6956850948087642,HIGH
0.15801381147037974,-0.03511105240042829,1.2737095077142055,0.5668703630679058,0.3898137909251254,0.3781026406554094,0.5335816192849886,0.4841216482522987,HIGH
0.36504671061790317,0.24917554658769184,0.70073981925617,0.9281851959494687,0.44488255267194393,0.279287330204675,0.8240354726063394,0.7482355042513769,HIGH
1.3416546537639342,-1.0,1.1115844659391536,1.0945498584895208,0.6476878996222821,0.6080777059067448,0.8249756773676479,0.6177953490768321,HIGH
1.7770895271158906,0.06607451593450142,0.5902657884298291,0.7166045815643123,0.45145679997965077,0.32825630030393094,0.5620658184450938,0.6777612722987858,HIGH
0.7872818745108228,-0.04057432498559971,1.4442855541575776,1.070704307473107,0.16106905500266822,0.2808596953183892,0.6759278369635687,0.8525841910924896,HIGH
0.1640119243533369,0.6041363352763619,1.1745099641668477,0.44089693050225703,0.3306485229519586,0.7360449222552535,0.6307694432564037,0.8176111479671414,HIGH
0.36759840678789446,0.38516534554871923,0.7118255111566316,1.0510911995767012,0.2684995995436358,0.5565598622417975,0.6311335945223316,0.8076156416145575,HIGH
0.47581248599410797,-0.49615050792965626,0.7355526352531084,0.9496509119617492,0.444471103440782,0.4274355780147357,1.2087663606964512,0.642830647336289,HIGH
0.423819452689811,0.5016982198235838,0.5862612001591199,1.59306766035439,0.1946882222519919,0.42581295256644935,0.5191626082904708,0.6111697005011364,HIGH
0.8447779475302385,-0.13017210074401797,0.3544410283112826,2.0,0.5337896322621217,0.05926025926922634,0.2456710320047448,0.36639910516796226,HIGH
0.6722866654551067,-0.39987035504433893,1.036406235360212,1.6199818180086574,0.290640162981507,0.6547558827158348,0.8453077569338695,0.5846723275636565,HIGH
0.15567991062906789,0.06278336536590497,0.5635151764018601,0.6490358987089433,0.36729126903000053,0.6093782909135403,0.20172415731574528,0.5218465360670971,HIGH
0.23683157319500853,-0.10516312937880365,0.8409664434973361,0.27972201198466107,0.21661777822768508,0.2908555342805005,0.45944963770998837,0.6094982005289723,HIGH
0.7850022378047085,0.62615543189198,0.4858180350425409,0.39275193173494627,0.18077012618949387,0.7039312605407975,0.3431100420656325,0.9041347418063871,HIGH
1.0273292784431105,0.12306125196630817,0.2163890933052566,2.0,0.021956244593717953,0.7250363359640076,0.425690455601147,0.6046842904364991,HIGH
0.480253122521449,0.06637674677212242,0.8651417535004009,0.8398685511934141,0.41309195055116715,0.6435063355335555,0.7138646634872887,0.6002107029326954,HIGH
1.1135776072359482,0.3582717747992847,0.6690162810138239,0.9774490019115445,0.21089803191662648,0.2916944124576054,0.6724448793788214,0.6900535625894477,HIGH
0.4403780963558755,0.439006079598939,0.7102204336978453,1.4451032520569402,0.13601952246066093,0.5099516317719167,0.42824643084235664,0.503654423183782,HIGH
0.18279620084774562,0.3091141396048656,1.0256356581552049,0.80202075992094,0.9080413808057831,0.37707487914097076,0.30995067656717873,0.9635417163891419,HIGH
0.6298741356285475,0.5761746585822805,0.9424192121732401,1.7897137038005841,0.662871559361435,0.22449805021516403,0.9450372223609405,0.33388496295948056,HIGH
2.0,0.23564661342379115,0.16972230478150394,0.248237066663957,0.5594540707572496,0.3737292900610332,0.7441405484731144,0.7883356956753643,HIGH
0.12320760706302641,0.050413615185214755,0.31916848274441834,1.1316020949625052,0.42267694208089557,1.0798456607434654,0.13270829922339064,0.975283631365903,HIGH
1.0855714928862632,0.5004522660769722,0.43818118639761255,2.0,0.1719517804667355,0.04496643743771333,0.14989303770316234,0.8222162548811173,HIGH
0.6047899585207591,-0.05817637883449826,0.16835807653290139,1.8882117163312884,0.5556022667806391,0.5335715746680831,0.3402017472223307,0.6140142083563521,HIGH
0.2246611981605901,-0.006036463135242139,0.6283676180774344,1.963368306694831,0.06397783660127358,0.7755512031969429,0.08704073779109271,0.5643435011665134,HIGH
0.053279580098418454,0.7030623052647041,1.075142061155526,0.2244981961546962,0.3099835563917054,0.1773118352293986,0.1722401027461834,0.4953882336304475,HIGH
0.029827055547927063,0.661208133741197,0.6528402157115543,0.9381588652966883,0.7753276739005136,0.09767019282607517,0.5755366337909067,0.6251647719654333,HIGH
0.2555753917219874,-0.023433838907795587,0.40571678113290105,0.7280795342457784,0.31535526796691904,0.17653240965531805,0.6688676168226287,0.5391984473531568,HIGH
0.5358227542262823,-0.21049166246835901,0.6018078105850677,0.3906430790919797,0.6997024427157008,1.1062765537901522,0.44887314281855734,0.8495687396058474,HIGH
0.7457598531960788,0.5945328700875693,0.8308452373315056,0.9492653438965898,0.1919482167850341,0.9630860782671051,0.4490145014476855,0.6292136155181259,HIGH
0.8678069352216226,0.3161757103243899,1.2542149724162115,0.2823018978706112,0.12403649488053568,0.5125597872181296,0.34904994410921125,0.6943643975451433,HIGH
0.501585576078968,0.11254412676289245,0.6367486062866595,1.0689406031961544,0.791376612773078,0.6496736216938026,0.2855718639675565,0.6566320617931378,HIGH
0.4455156239486162,-0.15518653827977671,0.849609352789967,0.36528327117999937,0.7609436333046212,0.6811615394263403,0.8096803691820762,0.8330078050270692,HIGH
0.3055849189315114,0.11931256306012943,1.1999099458972722,1.0305140929411496,0.1791922010284864,0.16880675397325318,0.8530414744118036,0.7164664856697281,HIGH
0.5453700892968543,-0.029117553152835096,0.6646380846880773,0.4070922189635792,0.13069579674869267,0.9023181678047225,0.43660946108928017,0.6902260831076802,HIGH
0.22769889121029535,-0.29902203542065825,1.4022785201270676,0.6197627637510674,0.7707830535915905,0.33827631847870365,0.17726361702709584,0.649022182043242,HIGH
0.12996707923735415,0.03419777800663877,0.6139961992917782,0.5741666521092907,0.8688523894188631,0.2399791452473793,0.28660858759131774,0.9188595248140546,HIGH
0.4248565986959867,0.09147809916863513,0.2610100703975875,0.7167366939317324,1.099566129122932,0.2674990173160413,0.4702605867485374,0.5509511298891249,HIGH
0.7064588011441834,-0.177665928106497,0.7768488460253666,0.7736374213074468,0.47129412475598953,0.33333447425153656,0.43576711801324697,0.2757542921137992,HIGH
0.10331356167151852,0.35960678921599737,0.4167924429578168,0.5762665570955264,0.3185178155739815,0.8734088514548025,0.7557694941636053,0.918229473404893,HIGH
0.2555976427232614,0.5213096047706154,0.36807281838443107,0.33145789929803904,0.6296627624494145,0.39624564091304204,0.2730616130107196,0.9726390969309905,HIGH
0.41289530698706034,0.38735703133527327,0.910407814574461,1.6668019971505053,0.19044390425163635,0.11091923514518069,0.6931694526974194,0.654920186924286,HIGH
0.4062405023394034,-0.13602432178987778,0.6900685298611017,0.7989483806705167,0.644262044137768,0.16145510644560657,0.481074512890799,0.3827067060490357,HIGH
0.5932860097389354,0.2974450317591162,1.4901636405981873,0.9650460946047476,0.7089064703254082,0.5661147197319355,1.756713332254421,0.7784233011452485,HIGH
1.3164239279135144,0.012743786933216868,0.299711546900001,0.576464751551995,0.13915210445796222,0.5434313792657516,0.4622300442687353,0.7924026720581555,HIGH
0.030256822139079573,-0.5390133109976997,0.376933158903753,2.0,0.2230838832566629,0.8329434566220226,0.298765202215717,0.6227574708877021,HIGH
1.3556589643767687,0.26254633896905316,0.9900991064977078,0.8518195488418367,1.180338504097088,0.4131525342236621,1.171842308118255,0.4884891362331595,HIGH
1.277754467376774,0.04137528920191823,0.28711676137049374,1.725313679673115,0.3581172728371732,0.08137750051277229,0.43712693678097786,0.5938470299128731,HIGH
0.7544073120278134,1.0,0.8356598999009309,0.6278405974950422,0.41014789333977036,0.6697156623761159,0.6682537028160601,0.8784793983558584,HIGH
0.4735956746472334,0.5920537625769952,0.3348651870536811,1.164312986331607,0.555119472469382,0.7234937383582295,0.10094847504639518,0.8898415342882531,HIGH
0.23170564020077633,0.2786830659125001,1.1975475834973912,0.6942025025599514,0.7425019658784711,0.1509940495854088,1.0015117781146323,0.9729348550588106,HIGH
0.7479945513427338,0.08465161054103544,0.5869604571953548,1.5393154610941553,0.21670200488636168,0.9073369031806187,0.28665642071646236,0.6783214872754282,HIGH
0.4920458433894069,0.048763347124367626,0.5465662577418556,0.528116523756249,0.2527434409917908,0.10598623064777289,0.1961334623585261,0.7236284007424103,HIGH
0.3110031922719269,-0.4415495495259052,0.6144706785999656,0.29676490968417746,0.36646272708095873,0.27152112554924673,0.8794490045614446,0.7564705324785448,HIGH
0.734494977205054,-0.7503746354239625,0.6182226698647082,0.9627283395960362,0.11040367066496881,0.001787811689122623,0.2640077948138561,0.598889299814604,HIGH
0.8247020488091784,-0.38647482581425735,0.2657469446539043,1.6108095955381843,0.4241740386934663,0.24850181821010728,0.23125097816364504,0.5668892950475679,HIGH
1.021939319823302,-0.04004114763158076,0.4971093589776379,0.710497133006056,0.7650022709329429,0.6994893167614241,0.17106267471789788,0.522066096715135,HIGH
0.2095703157171785,-0.9043264968477733,0.19392351766146926,0.5166184203373805,0.3167185823274232,0.2012347078191504,0.34069334350808395,0.815437508267779,HIGH
0.9339889489423672,-0.24861515275455462,0.3194409903655388,0.24820184326298447,0.2607249477297961,0.507331956598799,0.2638615464842417,0.5714086996808194,HIGH
0.3158053000366355,-0.1239974739122589,0.7666276063168458,1.6263324595356474,0.2354240928113406,0.37856530979275926,0.8047780360648487,0.8274607800543305,HIGH
0.47459276513286613,-0.11047915246389235,0.6180242877244919,0.3786628000106598,0.46184774408373325,0.24031114257162617,0.28025957418840414,0.8426631872682332,HIGH
0.5456942036984875,-0.2979239112390208,1.259316491618117,0.5701563150993075,0.0710029605627469,0.23587807840258448,0.3229353634319381,0.7919127692346883,HIGH
0.8826674663326778,-0.16343580204018815,0.28680414168516705,0.5599851486548378,0.030184295667036478,0.3400550586295278,0.30253893231433654,0.7340476550973881,HIGH
0.6824323157808441,0.7040354078120219,1.3444667867287594,0.7548362849779545,0.4150812399416921,0.23562700742474965,0.7121790781616166,0.8386936231509993,HIGH
0.30670573795322736,0.25810101822605325,0.7104893232178635,1.1574313509430898,0.22734779245042405,0.006737746218235811,0.853863391554972,0.5383201171839714,HIGH
0.0365738238063006,-0.2553263262972229,1.165767601039109,2.0,0.8612680709003668,0.3864027686551436,0.4764852918943716,0.6082832594812317,HIGH
0.5882015241131703,-0.0487060711120246,0.7046453915878038,0.993231866084985,0.42182022898816485,0.029581172135546237,0.4597240748865642,0.7757432229927155,HIGH
0.45988637052269543,-0.0318916009739521,1.2358911912419774,0.2495980131704058,0.32273220712482975,0.32036690327431383,0.5235935001102571,0.5738070351688411,HIGH
0.12156061006543784,-0.34254128217086344,1.0589677991488058,0.7260061279583712,1.2040080186653788,0.21705764489309687,0.5556875885976787,0.569648608440209,HIGH
0.5019346472870212,-0.34303469145241894,0.6140215927666773,1.0041738166553482,0.7431432584419405,0.04236892968107356,0.7565581015031959,0.820727073989538,HIGH
0.40884106981520063,0.4044200885372194,0.43130799040484513,1.8091784845452477,0.4552577386050445,0.15741998775596547,0.7243590549302353,0.47519605949640065,HIGH
1.015167484229432,-0.1963094385570627,0.16326346738621772,1.6693073923752135,0.058549994042980495,0.4135485985601393,0.21740891413577804,0.9123789406504539,HIGH
1.4172510222404278,-0.479772482552966,0.8456824342794064,0.7043762013729042,0.18985948506164396,0.2638928796901973,0.06981312167230887,0.6433798087050175,HIGH
0.8105634616418556,-0.03811894450916593,0.5076246165482531,0.8345890786263682,0.2770857662148703,0.8719954850187449,0.5844441046082285,0.7060371657424829,HIGH
0.39054978655330186,0.029564096314231906,1.0332136149863822,0.9249972329549421,0.049643332107517174,0.43202519544468765,0.1631222270522584,0.812281819767637,HIGH
0.43805607952912684,-0.8485357741614108,1.3305462780619493,0.8371248366951601,0.37056083554067804,0.26822575697513235,0.6568480474825668,0.6604315193561697,HIGH
0.2028900568827017,-0.03711347028322107,0.8916128323102583,0.7250249765635035,0.3161322521256598,0.32101124998545205,0.5513358980120635,0.8655129722837863,HIGH
0.23918183714756716,0.3445515724262693,0.30612272416508374,2.0,0.03100307872518354,0.17603552711262546,0.4589650510269487,0.9858140276648963,LOW
0.3728370922093367,0.1695163419191699,0.46455375700503826,0.4453102544886133,0.11474242404847808,0.30906962278215805,0.3948413965536615,0.7610944032020414,HIGH
0.34239854132342984,0.9165139483818878,0.7306811863165632,1.4743542463312957,0.6445993582792773,0.217988193549442,0.8394314010661815,0.8826958916715713,HIGH
0.11438543418279587,0.5054659825711152,1.1467598852520242,1.2916322388527113,0.08155079678338395,0.3760452289190423,0.6909388758262632,0.7719696967197761,HIGH
1.0223243096170747,0.5885522903953584,0.7387446515155824,0.7039793663867127,0.2975205024621416,0.6989371232380718,0.20221472498860446,0.8481248823353544,HIGH
1.1201065201484677,1.0,1.0254789210908855,0.42138597992779253,0.11688776180669697,0.5288454328994506,0.565272321173327,0.7538137650751527,HIGH
1.000146453331834,0.29842562994533106,0.371726396344137,0.7965978271081499,0.21206692895754584,0.48204522509433784,0.5104844295229606,0.6242624326812312,HIGH
1.1457827918244723,0.04848948733173443,0.45689180504853344,1.1926136505202263,0.10042675990342985,0.009663501214416963,1.0194965215961085,0.5382933876903074,HIGH
1.6916604772270258,0.3889709232411594,1.1812493716782486,0.029936506846856736,0.453816587424711,0.4422573083720498,1.1168810852618163,0.49159258093988156,HIGH
0.20641735027040237,-0.25487930202589737,0.596188389422754,0.28037392781526954,0.28807221940243727,0.1801656784483919,0.4871406764129839,0.9356468494298821,HIGH
1.6441451433982137,0.02522825418788711,0.8494405141849799,0.062285950084237214,0.3687628630759869,0.05782685003015283,1.6753652900905225,0.34527802783444445,HIGH
0.30515058759340363,-0.29204561009289176,1.1898971016829738,0.9724937668857854,0.5063123541848183,0.547380986283609,0.26464954675192287,0.891019473678121,HIGH
0.6531465381105228,0.1471535141764103,0.5155399240588855,0.9404649723975432,0.43021500165052484,0.38325364196980743,0.12656250441797504,0.6089464309445687,HIGH
0.08655184228743698,-0.29380181696832447,0.5450036816037568,0.3109091777875033,0.5147034158339518,0.1500182092942097,1.1961515469336057,0.651187589264039,HIGH
0.2731258041846573,-0.3085099699419214,0.38690533457277665,0.39369307879955445,0.3259341453586466,0.15789780388979077,0.2358386699816815,0.6243848325593564,HIGH
0.8266819742844869,0.15365878310431186,0.7129105841521483,0.902313904242783,0.14435419181066947,0.29175108874102573,0.13300726792626577,0.6224646793429445,HIGH
0.6757166135813113,-0.07783880512783821,0.5125496247958069,0.1768610968520011,0.39064991434662977,0.005211165482026676,0.2506093467546145,0.854884481266525,HIGH
0.3002304422459898,-0.8295588770010337,1.071363105921815,1.24396449889182,0.4713628140589807,0.3113337222084066,0.3212727848040465,0.7231964730078334,HIGH
0.4379047479400516,-0.6313339069510776,0.8440104589404264,0.6434593842977149,0.05567827439247115,0.6145633418169694,0.07570158041331705,0.7486983869934098,HIGH
0.24885030573436043,-0.5018519264138146,0.8744097123327329,0.7565306228743647,0.256965122196369,0.14791612357690584,0.37824575210621636,0.8795414493242191,HIGH
0.8251054927953358,-0.39084820056786923,0.6873326505614811,0.8063707763140069,0.29033806278807905,0.4969326418539673,0.2968242451453116,0.43475948372272966,HIGH
1.0687330346278425,0.15405779838102804,0.2741050753055408,0.2541836910851555,0.15843104965535718,0.880639571531034,0.5018324118735258,0.6375351563194553,HIGH
0.20726888099208143,0.07195431577008707,1.0399210821246543,0.8095910181853637,0.7424392452476467,0.3409513889029899,0.03833188571689266,0.8177005126174793,HIGH
0.4041152657944878,0.42741733611366356,0.8634668829917707,1.14150798981201,0.7988858498466985,0.7278355299638306,0.4019858169873786,0.9221956842439546,HIGH
0.10949441938665695,0.29617676563554385,0.5866709642899207,0.4281658821354921,0.965849660973063,0.2949402580247767,1.8762358496186806,0.3681661176147066,HIGH
0.4906726581140522,0.43019924159671624,0.8675140631970132,0.3878977893320047,0.12645090424586458,0.11186135420053796,0.9124307404795543,0.6007435893065289,HIGH
0.6046335492047654,0.23552640041283165,0.41819751089538465,2.0,0.08680516838898537,0.18891343254188922,0.14434612476148842,0.7817880619156908,HIGH
0.5211691598891055,0.06806530981842566,0.9652796101670407,0.3536574785689951,0.5746611225328107,0.2222924352826181,0.26607131893389335,0.5349113045926562,HIGH
0.5705889668427923,0.4417277317608153,1.3039938414899608,0.5464351887906498,0.7495788913337814,0.391132600005112,0.33199130841732244,0.9067836304231162,HIGH
0.37102097600134254,0.3661533725308418,0.7368198063553109,1.9340475509349526,0.235893342144628,0.28783472761456214,1.1687264422708625,0.7987740222824499,HIGH
0.3781041860523644,0.1379600543726763,0.6686459895124951,0.16423949853667297,0.06949037570048716,0.6592874597898466,0.38276040268097383,0.5623147516436477,HIGH
0.36424217775581946,0.5138501857612597,0.5592682786511116,0.6894267317278601,0.3602943290735585,0.6341146623073713,0.33755388727924834,0.4801890935926862,HIGH
0.26604614886653793,-1.0,1.3858733334234616,1.1243609661531477,0.5465300855140325,0.31999196594112156,0.16548084273582206,0.7277595023383967,HIGH
0.29507314441199545,-0.14199453313898894,0.47453625110776304,0.7231288980295401,0.24453954421424207,0.2977312552974992,0.3395186218744018,0.7354026226610484,HIGH
0.5848505613267604,-0.14843199557372702,0.6264448470844329,0.13838343049506835,0.4711729204065083,0.09645511213752081,0.3730171490954985,0.8311866178330708,HIGH
1.0230587295127205,0.46412680854225946,0.7422246667156582,0.27995720123057066,0.3031828499035032,0.8840330994605834,0.5341685175422768,0.5581358661539921,HIGH
0.1747465032589174,0.6399858987193231,0.22680384986299557,0.11521771307967812,0.5899679924455684,0.10652626501111143,0.23985268470029855,0.9454486120439141,HIGH
0.37697937671569814,-0.6290753354883103,0.7121647168429135,0.65387889854479,0.6436657670221944,0.8109913424374635,0.16808600766181728,0.4644772797213241,HIGH
0.1408093542259365,0.5726902131426959,1.2533537025922545,1.006472999041403,0.6692851059935205,0.3482822518107709,0.163462733302812,0.5316978966304464,HIGH
0.27025490350723347,-0.5120069781310329,0.245046558615551,0.42521463096571055,0.5782108388679705,0.09796358321141323,0.9304658342653268,0.5223155117636155,HIGH
0.30991721793369165,-0.49931040313554553,0.4802820901394478,0.5790177845988295,0.9226007351327756,0.4705015547294301,1.0322401678903652,0.47904314738068177,HIGH
0.4649617682887721,-0.11839999497749318,0.547503408411277,0.5765306009263641,0.35024760496211177,0.15434098146360653,0.9411023744108749,0.9486649454954352,HIGH
0.455190004277246,-0.15364671829568552,0.37333837926854346,1.7242405186925467,0.3232746239123867,0.7281674433340608,0.3426328787362119,0.783554502121916,HIGH
0.4012818937991047,-0.6745352574810881,0.3876243871347562,0.8925047650731409,0.279808991117236,0.04608675724504732,0.9067392564271395,0.8144690007835822,HIGH
0.5505819291235516,0.25294874886687807,0.5023280771118059,0.8072471329595221,0.2880034103533173,0.6541803976202779,0.8204382145474977,0.8574134151484397,HIGH
0.19109338440762025,0.26534901838517283,1.1947736993749531,1.5392372385723019,0.8595409375814512,0.4759767861579829,0.6421508954114725,0.7730727232364876,HIGH
0.46788373087184676,0.42269747038874167,0.4525180688878966,0.20932831456510428,0.3839075473876099,0.10691320686665337,0.3653133582704648,0.5807830409383221,HIGH
0.6894623468996234,-0.20205123850670334,0.4119428435478355,0.8837474663659703,0.6079934495008671,0.028631206662683435,0.6424336872732045,0.8435808923619915,HIGH
0.1888572722237928,-0.036624740288428444,0.4997926520063258,0.48702855236868847,0.20989433613176917,0.26124988550417916,0.14797915179016377,0.7350547196012752,HIGH
0.06820260030997283,-0.03277940925910993,1.467295838853627,1.8861289174513465,0.6261660861521794,0.28694162039906773,0.8480452345197587,0.804425926803937,HIGH
0.8205151788531495,0.688958085416755,0.9531245166924076,1.5478235951892139,0.47911842391420034,0.5837057235208121,0.055677638801869274,0.6349089260381049,HIGH
0.14541936328887786,-1.0,0.8765543273627545,0.4866430934463111,0.17124308061842444,0.05301078670419875,0.3676980125992045,0.5879052800747853,HIGH
0.25898794245001905,-0.42191662657542345,1.2462173936243686,0.6074896824965804,0.7129750491800603,0.02079174439274074,0.4229061296205913,0.777344106944857,HIGH
0.6755825023833362,-0.017672846027444986,0.5604947122473876,0.3347385342605892,0.10288633767579758,1.158002416722038,0.3527272143299388,0.9334966442342753,HIGH
0.17994805265986824,-0.47593949866451124,0.6696483623684728,1.3818944184716788,0.11228199810797879,0.5384735796648165,0.8599014514421777,0.6375507396176142,HIGH
0.7818136323920716,-0.1284945500538693,0.13865308505543178,1.1780160607079302,0.6498556540837946,0.8506043035887374,0.15198128004241698,0.6236858311860072,HIGH
0.22729733859975781,-0.07295172527536194,0.8557977019984735,0.6343403766003736,0.22982526727060004,0.5754745871539427,0.2095141671022083,0.5396970053759708,HIGH
0.20291295938774354,-0.2962281656928369,0.6953469369884252,0.6289291969098768,0.4403459563374315,0.10969259196551824,0.5042016367514401,0.8801216745050426,HIGH
0.14151425586534458,0.007076948963122439,0.987894957683209,0.5203376533293352,0.11687788048124224,0.44514033646086376,0.11273307787888767,0.8922351943523462,HIGH
0.22912509167376546,0.24382269665828163,0.3253890467627312,1.807666657640197,0.12641883656264605,0.7994149141090748,0.3318072692107781,0.5680571165520923,HIGH
0.6126104576932966,-0.11923190691302082,1.3775391962327495,0.6791843066004567,0.2558696567565956,0.8303095460003866,1.2401470801850865,0.4037177672340505,HIGH
0.2590282822444765,-0.21034178826686897,1.3934545947055526,0.5370923337802633,0.13588920435884722,0.07139838962811876,0.8418544517713981,0.49367493708668186,HIGH
0.8228257387270475,-0.0896212649946263,0.5051237899354192,1.28827508944075,0.1551099339256634,0.44544167299047266,1.3868561857627923,0.869225321012359,HIGH
0.4139970244780991,-0.023123265591147545,0.24617131367982348,0.055574656775521966,0.3849962355262057,0.21909635588692838,0.4667034909076634,0.9293605767826751,HIGH
0.4422416785996601,-0.7509342174404572,0.5870389399335485,0.5991159284201709,0.7802476588468644,0.018402527701395933,0.8846857224732337,0.87686211114407,HIGH
0.19728376664558708,0.17385264554373703,1.2654374101217858,1.4139849880471327,0.26293246151796484,0.4799517729656695,0.9199189813903241,0.671986635510294,HIGH
0.907159541834417,-0.20942051636765363,1.2314817169718602,2.0,0.20201078072633294,0.17539243160229573,0.1165476933290109,0.5913033693155699,HIGH
0.6934031710154734,0.5098447314206415,1.2715846018120913,0.44110340060164144,0.5201666980907282,1.0646770737499212,0.2807726359012677,0.821625011715781,HIGH
0.6797602535464714,0.22824245976983937,1.2456362249459394,1.0828398622900146,0.3676996667774424,0.3143572954398822,0.35227443984056483,0.5798269296855266,HIGH
0.3543767295069366,0.47142788977225514,0.3181775275415257,0.43873071699418403,0.32410763389238073,0.5267465593903822,1.0431914376691618,0.7790418991876453,HIGH
0.12443258424175864,-0.4446215933602615,0.2745523668688592,2.0,0.16834952537728848,0.461599478387382,0.18344500929895005,0.9020066087824824,HIGH
0.46027636975615865,-0.17598238929871912,0.4103464791920828,0.844863625759021,0.25314489367897375,0.07374618877936082,1.3291169813509873,0.7397678552846534,HIGH
0.5941870315104305,-0.5418325647321118,1.098667518634806,1.17195425361611,0.5508639015637359,0.464018365455172,0.3251636824428367,0.9537623040876964,HIGH
0.5984345205514966,-0.31618030775031697,1.1044704710425246,0.07362384919115095,0.32631222493388273,0.7841953048727535,0.7105885248868066,0.8220009299618565,HIGH
0.5420527167973049,0.5058842782936085,0.9767345026015223,0.5155835094357439,0.089963898181598,0.5642734830988654,0.3704899922363688,0.8234688396809631,HIGH
0.5258317195244203,0.6047460427274479,0.7474384837781184,1.2928213769322119,0.6542163224397041,0.09432043842467701,0.060559636519944525,0.6902681471532013,HIGH
0.2263167636829219,-0.5022159838178731,0.20788201084764255,0.20754406953942423,0.40243051641572913,0.6200005157508521,1.34045440725357,0.6227918059902111,HIGH
0.23622450484822394,-0.21247662069325907,0.49695385636415307,0.8432872466064772,0.17078331174217753,0.5105190929633678,0.9513917943262606,0.8211874598410083,HIGH
0.14288902931290767,-0.05200218225005866,0.9380293796666057,2.0,0.23969393407718936,0.3205466354611724,0.40152472596090816,0.24804477352212162,HIGH
0.8293784290152717,0.22595436956010811,0.44636765940518247,1.343315168041533,0.6033616690345472,0.19849410770689102,0.6363836666457763,0.772149174185846,HIGH
1.375044062772901,-0.7591203106853268,0.5218560834839615,1.110743921154333,0.1424439541989707,0.682706175459105,0.28208303841408716,0.9370380275806606,HIGH
2.0,-0.6932600342419442,0.9454068146701484,0.5410134445279332,0.3294456704195283,0.14493254055008878,0.25140365335260406,0.6396332334442218,HIGH
0.4843930875561269,0.185642980426409,0.8868492608367421,0.26597270835893955,0.5400102740607508,0.9534279061019886,0.9477390426029532,0.7917919875494633,HIGH
0.5268063402074223,-0.8385961989455282,0.8986354235223966,0.7188255691041857,0.35320680443576086,0.5525901600926174,0.8589145733496429,0.5221775953961362,HIGH
0.36573227366305033,-0.2076549105783255,0.8448290056649694,1.2063077620110245,0.33807100952208075,0.03848713207226328,1.6161556338058634,0.7854183692036021,HIGH
0.47876726001638353,0.048078559594713105,0.7919249720721648,0.3347443980468797,0.1476745205481666,0.47430342704798606,0.8797956574948982,0.7237657081912225,HIGH
0.1792880705875861,0.15457970737190926,1.2526636531872728,1.3348924069822505,0.4343541618087888,0.4045486352500972,0.6225930610066543,0.45752356270425876,HIGH
0.35989367128775945,-0.07952160012840945,0.46105079930126186,0.8782666903737073,0.3917655744735234,0.34176248647150764,0.8967431669122264,0.6932186217008589,HIGH
0.2044278760946705,-0.17361782199996284,0.7375448213768228,0.3891488551253638,0.043062070163472695,0.3007475266001143,0.6805909259977057,0.7900984960711976,HIGH
0.32379224399861667,0.33471976108092133,0.41842561938970363,0.15734185942449336,0.47408702278311515,0.7152901310428401,0.7246044481048851,0.28474403158595585,HIGH
0.22032134614026594,0.09978648907361816,0.1761285638643979,0.20372157542814687,0.7464282462332911,0.19729407357424672,0.8229808158938235,0.9327723518242877,HIGH
0.5944110152217892,-0.2917469812196132,0.665278543543406,0.6978276457999774,0.7828218910737746,0.2915779025057796,0.9373004468034837,0.8161670669888237,HIGH
0.6483987165308691,-0.0041563833934599,1.7237720468525735,1.6464389796416068,0.2951013281918491,0.7542732042217047,0.45070973965634514,0.46615251201252994,HIGH
0.5150252621322033,0.14093098951560099,0.7175238220832022,0.39409388327443295,0.25124320681508266,0.46055219791469826,0.04887509544198588,0.8619036137247214,HIGH
0.23708911027077337,0.7016596414095801,0.5626743849201029,1.7969653596846746,0.6301884997594711,0.33546024941806457,0.4699326749296689,0.6291247389761961,HIGH
0.13321685819439785,0.31025594068246326,0.46101390007117693,0.13735065624184736,0.3136071470756574,0.47094871864406374,0.210623199334221,0.6791271179670008,HIGH
0.6535416767427905,0.4901138795006563,1.3697096772013042,0.7912935090297145,0.2138447515326743,0.10410204189137533,1.099597368031782,0.6636552439199264,HIGH
0.41230476771714863,-0.2764551064458446,0.557444142426924,0.7319543234057588,0.9231083195279816,0.18555336304124762,1.2680369835594625,0.8215289550158057,HIGH
0.06483597177937676,-0.2401568206271011,1.3646756409672378,1.0125549355755807,0.06477556112974571,0.4427388945882453,0.2250028854104552,0.8154791267509568,HIGH
0.45742654509731295,-0.11885959698145585,0.7198581047924115,0.8675851238445533,0.7176954646984282,0.07390960889635204,0.36630517763888326,0.5340699479654873,HIGH
0.5296772091812049,-0.08030051158802888,0.22040552499304622,0.5352742968665548,0.2269292771660977,0.8464064800684657,0.4333122735044357,0.7374009868153673,HIGH
0.09223228925552246,-0.44337048227721393,0.9412919910165316,0.5386728824062263,0.48856282856748995,0.050942734192666046,0.24063047741752194,0.772242937507384,HIGH
0.6018050432164637,0.5116921231538636,0.35806459590116657,1.4425671224954069,0.31535940090413267,0.19929538897928628,0.6792944398201811,0.7600953764274151,HIGH
0.1082349830863751,0.35100768785869263,0.255637953573692,0.8234427373545479,0.5444352648729008,0.2851694471909161,0.15673395047461286,0.7026998594819617,HIGH
0.21515447764095294,-0.148384701746633,1.1362193002891237,0.06846522784210354,0.3342695987331892,0.2783274625926083,0.5839455944165145,0.7230260045077835,HIGH
0.10900043336874146,0.24951847258581847,0.3168041921524416,0.5796805297855407,0.2837059553157932,0.22008019318663574,0.8509245065272518,0.6741987365500692,HIGH
0.19557482331364828,0.07361764846161192,0.7358140220248142,0.6216626463334477,0.41095063318665964,0.8071178347965553,0.7374152696529004,0.9267504926611667,HIGH
0.1343805853430266,0.2823277519911773,0.8424958137412637,0.6188740864210839,0.47640414281375154,0.6157941278695759,0.698022017611605,0.5428915101882478,HIGH
0.8257902844794867,-0.5846089918807647,0.6889390215535386,1.2996898840001925,0.2250565190988553,0.3772153033391959,0.2673061360552505,0.7034912649410469,HIGH
0.33938412771990795,-0.08117765074292263,0.9099973433436921,0.47224721382665397,0.2370656478887855,0.21868057498130355,1.2277970532271805,0.6408185464747983,HIGH
0.2838963200111063,-0.044376181720434046,0.7948120060531537,0.9221722066871029,0.6564025490266165,0.27939881358023233,1.0279967635680136,0.44817944060401627,HIGH
0.8796384946662541,0.24192968183689353,0.4701105884142401,2.0,0.21185618748086676,0.26231345962960956,0.35880270769716677,0.7221742361396908,HIGH
0.8490851540207147,-0.283943792496496,0.6047078502968098,1.6544842962371449,0.28681742935279225,0.01956892726045566,0.7944194805532685,0.5679452823980595,HIGH
0.30289939650252296,-1.0,0.5929686924185523,0.43719167394955716,0.5529892915790584,0.25141999956972666,0.3145857325412512,0.3675481240183018,HIGH
0.5077292514728524,-0.4743138814268267,0.6384850004309763,0.8413799263571701,0.5596049751725379,0.009623005015991604,0.8049880217207154,0.5081176666203978,HIGH
0.2530207397116902,-0.04564015399858109,0.5029005708490611,0.02953067605038865,0.724711598526016,0.24440860560826458,0.1639806757758487,0.5617676183608175,HIGH
0.38124119529122075,0.006831374711399267,1.1157876044026391,1.1586226781091686,0.18944042177732984,0.27427483030073413,0.9780093674404284,0.6805349505745633,HIGH
0.15902062617836765,0.6871742115024934,0.26821597671097347,0.2477016924261612,0.36089886233426416,0.7797962623215142,0.32981191073902505,0.601824997518131,HIGH
0.562581919362029,0.22475350507640157,1.3458483989352812,0.7554184209627878,0.44253586825462143,0.49025603083071234,0.22046813120314926,0.8026744744640002,HIGH
0.9033037432666173,0.014242717277225519,0.3654659100140105,0.6792334665550844,0.5994980651139945,0.18622207412750155,0.19244861949046918,0.8859154159830033,HIGH
0.7976238621380165,-0.033604336248203824,0.8922167376190181,1.596587974610683,0.10706754921715643,0.42586136407254854,0.6054428318379099,0.5227667814558014,HIGH
0.4270387010631704,0.44375702051127097,0.6807262549126382,0.9274533570161309,0.08550147688389266,0.04144165945085823,0.7403676535034277,0.8876792155392562,HIGH
0.0575017684571885,-0.267846389906124,1.2270140850601978,0.675232279724002,0.09202457580805214,0.5597166779582495,0.4191210956584939,0.721905683032188,HIGH
0.2431888147785769,-0.07891919085105151,0.8703465641691313,1.2152895588394148,0.5345527670839645,0.15940774105325792,0.8551013118956878,0.46187893616899023,HIGH
0.3808719217794452,-0.47748841045808665,0.875251037884708,1.7754953104882079,0.5085215385357839,0.6476816671148415,0.06667481444727953,0.6839199861347373,HIGH
0.11755527290143018,0.5759405404520277,0.6512789962864544,0.04613158239294548,0.36198494474574305,0.8218997298822696,0.521799823824179,0.7959472973933677,HIGH
0.09760920178608692,0.14484955354067777,0.500546864490198,0.4590621663753787,0.0734601803192557,0.07313197528949555,0.41151704435832187,0.8903249569837889,HIGH
1.0738927525968767,-0.3171597843216573,1.053197480055396,2.0,0.9406755953340229,0.1994853829148169,0.24314918077807257,0.9128077653964458,HIGH
0.734534669736437,-0.06807110433368933,1.2968692659621723,2.0,0.39597078025339805,1.1020631848472249,0.2063340946986586,0.8177258713896106,HIGH
0.5940587382208344,0.1940533205466377,1.1636422026630933,0.3868682946375495,0.3457123247858347,0.2469065918131352,0.7783198820058675,0.8862243185909369,HIGH
0.6764422614533138,-0.12530194334335568,0.6125360884829785,1.4253175893761323,0.5028389750908049,0.30351918461234106,0.16739028436210157,0.7096078258959864,HIGH
0.13876992926504184,-0.24447766111929234,1.4151238032888922,0.3859147055654176,0.3172551570295568,0.5540687993856732,0.4949732398165487,0.9474395190677536,HIGH
0.18970078883691593,-0.2947949481134192,1.0032328532462693,0.29553971936324674,0.20064801537711158,0.5574787533263871,0.1247250888744536,0.5650135004434534,HIGH
0.4854685256264711,0.1223639976812682,0.562916473408036,0.6962244440181786,0.148590433875356,0.24273026474973886,0.09790869839983764,0.8203660379661486,HIGH
0.5137488096148257,-0.17038279726848773,1.0313114516065403,1.542895826880523,0.540979976499851,0.7143982289090685,0.46914780864260325,0.09324897923621302,HIGH
0.11059480353988818,-0.21057824860035337,1.4477158142645339,0.6290783302755907,0.3282094954843026,0.6465934591251165,0.5749917281329329,0.729828435246595,HIGH
0.46038568495677734,-0.5811459371232703,1.2696994802584882,1.5287139823234863,0.4817465225900341,0.029638044516676537,0.2459212339153507,0.62834118483693,HIGH
0.38629947378257573,0.012609042141411241,0.08585908275173576,1.6283049560317313,0.5602245762562855,0.12954548435195695,0.6965838861158389,0.802226239907302,HIGH
0.7802259683468808,-0.09611384429260145,0.10802453532688235,0.5196163475969153,0.5595582133830237,0.5102171667052009,1.027671580728994,0.7964093336399002,HIGH
0.5155986369106554,-0.15509230642962515,0.5798751515179137,0.5070876505043601,0.7207390908451012,0.16422918463833283,0.7971408441381391,0.8624550926381959,HIGH
1.1563768033116597,0.06348368454526174,0.5050301819406826,0.6426002919928404,0.41096165346763236,0.25185998489170713,0.47050776808548067,0.7698327457337693,HIGH
0.30429539270024586,0.2941609503490771,1.3695023807377587,0.7771488181356696,0.48185940431060836,0.6572929993694757,0.9808926640911336,0.7265236695770569,HIGH
0.14805832932410654,0.27465749821499674,0.8234809063728696,0.7067934618152698,0.798339079470105,0.3109227260698215,0.5358955835997473,0.653546856955441,HIGH
1.1361293455681558,0.2121459703779003,0.5282975254636252,0.8330951675185057,0.2040931659117712,0.146016121323695,0.21644349816445024,0.645528645607365,HIGH
0.5353463532503829,-0.12108151702700293,0.7307199903599163,0.5514693044600169,0.12204802288529515,0.6353569668199424,0.7440864483962067,0.9297676761558379,HIGH
0.38805906079030084,-0.2581393010953216,1.0888101404147519,0.27014897528514326,0.6210470810422314,0.0902127225568508,0.909385445752427,0.7748408128985819,HIGH
0.19621735186679845,-0.45844456935542366,0.6582448051078135,2.0,0.5819076860373567,0.1817535923104308,0.13512725414692825,0.7833349340838046,HIGH
0.30719280412094546,-0.26912573308199444,1.0526467532989454,0.458670391587701,0.05954511675135456,0.001194268727838134,0.3846953697047877,0.8087246597600265,HIGH
0.2941435201590435,-0.011746960042640782,0.6222955218382832,0.1518990500864369,0.28540933945732916,0.41847737947767505,0.21787093515990988,0.4211670623534768,HIGH
0.14179102393347176,-0.3502401710940427,0.9091794402147725,1.2831569232108615,0.35370508314584,0.606476141021228,0.5478067245178316,0.6345891580281272,HIGH
0.03773151163949919,0.020343998429326025,0.9198762781318642,0.319709721044241,0.6402247636185538,0.2782016982948501,0.4209382017128142,0.43602911573450914,HIGH
0.28849362529252215,-0.425491804722983,0.9410106822505959,1.1941249491354677,0.4397782845967002,0.7737468288510045,0.2097380164643336,0.6804140849766612,HIGH
0.6885296063786847,-0.7176165933829493,0.15744900029949863,0.44144965903013633,0.16195719581334064,0.48494231473865834,0.47087032405615536,0.7731223325711468,HIGH
0.9556143911359775,0.3241505707632139,0.9701624614953673,2.0,0.7266973143484663,0.37325035543068513,0.5915571533269721,0.6145973555668087,HIGH
0.8011957159682441,-0.2192541300536547,0.4105314823602795,1.967617065589931,0.6427404688194079,0.5366685709337924,0.7100633116121308,0.6840102183711959,HIGH
0.8331994388343636,-0.3715541343540343,0.4363198094256132,0.6655977552227788,0.10297140693548404,0.23300255807064318,1.4531890627381385,0.9110585374953922,HIGH
0.15846426714409761,-0.4794157993449241,0.5699376631892706,1.1123834573728302,0.9717888070121099,0.0532714756062392,0.4023924524112223,0.24962922238841878,HIGH
0.49223242061503847,0.15767510938676818,0.6015830478466425,0.9560686380688402,0.4785916807821784,0.49815752899243904,0.5060487940641092,0.35582883917115266,HIGH
0.5973557987504922,0.5574612388165462,0.9506297699684549,0.4277980680999929,0.6161889422366178,0.09569829359924954,0.4898346169879485,0.8292881824423454,HIGH
0.6246482278835743,-0.18929102162258063,0.2662962336407703,1.2509205976477942,0.42993043385572105,0.5055944067832252,1.874342762603134,0.6592365652466161,HIGH
0.3814190544583652,-0.11053661735828434,1.3922277255102402,0.8279567893237243,0.4356738265466029,0.10652119896776274,0.32888881870743536,0.6454818091137492,HIGH
0.4488143286622389,0.4300853727534103,0.745978340966196,0.9174444807899352,0.5118355334976081,0.21675917425145286,0.41767238909116816,0.80408558241997,HIGH
0.7850051030395488,-0.7803871958304911,1.0826588321574047,1.1788901569977799,0.5573680791528094,1.11070814822305,0.4423161554570695,0.7203146483148185,HIGH
0.5821066694283314,0.8060848300233201,0.28409125360138715,0.7218642168915015,0.6850583353172257,0.4981764281125397,0.16426723612918823,0.8763000100176963,HIGH
0.6601846015320731,1.0,0.273791984126503,0.38187201438840523,0.4523465616745038,0.17599911940706764,0.6813831975942874,0.783590316083161,HIGH
0.27762374235046333,-1.0,0.758559192263989,1.1124711636514404,0.39149282067339386,0.23662462002259593,0.5594547781396431,0.8579381963952181,HIGH
0.6360782907295409,-0.06095135614503794,1.6646197777952607,1.3291874206905665,0.22960241031377324,0.2578098722905668,0.31516270807740215,0.6282317834242247,HIGH
0.4443736023268531,-0.3219577533852167,1.2982528699371543,1.334009871348133,0.09872750652329282,0.5367903621583037,0.7055232382317267,0.4199572885318824,HIGH
0.7314675602165174,-0.1312041437799882,1.4872052283836434,1.3540097864633545,0.5997414363679695,0.22933713976589556,0.6305905069344554,0.7554603543121514,HIGH
0.2262502870661122,-0.19572172923868783,0.797791226013547,1.0135115487758368,0.5372426060968979,0.12721446592810898,0.2046789988399521,0.6182693419379321,HIGH
0.6908852816848745,0.32093882136133045,0.17099459131290537,0.16155423603499433,0.6969216582993232,0.2079569873515055,0.6866848388503627,0.7913902423834951,HIGH
0.310606587272605,-0.06727936092655613,0.44724187397576776,2.0,0.8489343395048561,0.6029788362502079,0.08921146210251478,0.6692268371219886,HIGH
0.6930903698749374,-0.40258102996398176,0.4651354089562556,1.3223477187591395,0.24197993802501694,0.38683446511848935,0.5099121477879193,0.6904543774290064,HIGH
0.4945708268634531,-0.09231776774395217,0.6123796834452293,0.5773567809967483,0.07123971982558126,0.7233926209025767,0.24779949602925366,0.9365738510665155,HIGH
0.42020296029291443,0.19620937952421208,0.9729080142182602,1.4613599760643108,0.2464714756763472,0.8905142401543283,1.250955397054348,0.7788783188458122,HIGH
0.32438812550802176,-0.5171629576614183,0.5012039253362968,0.28714004518830294,0.1847235949034775,0.6786358310948463,0.9832692507862342,0.7446181290707974,HIGH
0.3893509522426172,-0.7114181493673918,0.6219194910408934,1.1994975809778952,0.8121540249429954,0.4994143014937751,1.2600531274356965,0.8250050214617902,HIGH
0.28905133897993257,0.8169519763508344,1.1553309569774095,0.6265190898855125,0.3296021681796,0.5218804874593351,0.27112966944551664,0.8451914154872507,HIGH
0.3190008467084132,-0.28981920547754325,1.1496087344219597,0.3023638810250914,1.2243771612762429,0.6519997681173827,0.21219243051559566,0.7344185494069465,HIGH
0.5710495705290284,-0.07768825450619957,0.9055863881604325,0.2977450684760824,0.4281394228330755,0.19515944312619388,0.45350748307822086,0.9400453333076111,HIGH
0.07790009270049107,-0.1870740704467405,1.2292148402053098,1.0693574157919787,0.5255435192347221,0.7115512317134168,0.2955769558735357,0.9827106644333263,HIGH
0.6865336930341879,0.21019683571449965,1.0441251636076654,1.162790489765389,0.6054282088320309,0.18812019056127274,0.24715168826105807,0.7079311867385267,HIGH
0.6945657915571961,0.7245717676982384,1.2727672794299885,0.3599753500509041,0.03817335197090306,0.8651581213714251,1.0372174028760965,0.9681260798701584,HIGH
0.332236819968235,0.2235722135262994,0.5348954012236259,0.6335874664288345,0.0062824337393759715,0.28251534816617896,1.0271942969977939,0.5822165553779338,HIGH
0.45758624786846935,-0.6577133619667962,0.9302506923622041,0.994090992894414,0.16515118251867555,0.9156667539808341,0.8380784872909008,0.5630476843690441,HIGH
0.1778310028762556,-0.6013318393435826,0.9484610504572657,0.5107539326268833,0.4725984947770873,0.24253180221748277,0.09699402548141443,0.7721330047843894,HIGH
0.544877263661394,-0.18756520563730492,0.7544982663076738,2.0,0.31170735375623315,0.399241574546303,0.637810087299422,0.882478333969242,HIGH
0.19869048780436188,-0.13265794380397194,0.7881748458500816,1.0790740796055265,0.21345348895749955,0.8814561469116372,0.39301070541203487,0.9233300262212032,HIGH
0.011004017255095536,-0.7432195332095722,1.2179927511288873,0.7232574670247324,0.6519398335448053,0.1722717212585919,0.7862636356569908,0.9276788705051029,HIGH
0.931096220644615,0.32412318647326505,0.4986351236287971,1.6157205572254745,0.22602370943364122,0.4648333658672626,0.7614511360200847,0.5539367660192194,HIGH
0.15995968598493276,-0.47625463431022097,0.5930168772123299,1.1446653866360534,0.06454521287201118,0.9862744689507803,0.5840106345863564,0.9394919889540393,HIGH
0.3829151275425248,0.6071866560928173,1.0879554028773037,1.0007031499535939,0.2779051026848545,0.474889902250625,1.0437348753054694,0.8722655132490456,HIGH
0.4705571117693069,0.7446656908264027,0.8798921143119962,1.0936456194766673,0.15527358052842447,0.830670832960634,0.5699765885199701,0.5362312775481537,HIGH
0.5701455773511623,-0.12426648370551448,1.0893715986921442,1.3457288966377403,0.41752501917435625,0.29826419150824135,0.0802802972328844,0.7916892754593667,HIGH
0.40936940333376226,0.16436850897563762,0.3818318904914821,0.4719144398047896,0.15703870343554582,0.47796290487763227,0.37049212001344173,0.5849912180410647,HIGH
0.5014540739551201,-0.5374178332753646,0.3479537048945164,0.12029331239487315,0.7352066282575405,0.5282413305964921,0.27367690185538845,0.5381106389458004,HIGH
0.3260345840077393,0.24194405712122805,0.9662284449137171,1.7085922620053822,0.6191528493444167,0.2235915232537299,0.2100448726188869,0.7937579192330484,HIGH
0.09468068625109252,-0.22924081784243538,0.38686516769353924,0.8302208559963044,0.1615440304594938,0.5955053427390286,0.22297902426176774,0.7394592502260825,HIGH
0.3974400524044337,-0.47663883506710847,0.6684700128293128,0.5483524857148325,0.09047959627395973,0.6726981878831559,0.33267763135842726,0.5460751833235246,HIGH
0.6266687211924139,-0.14152069506625337,1.0521718468573975,0.38042475741803655,0.42545672421702013,0.052351498534561794,0.29455415334876234,0.5934215990608228,HIGH
0.1693141078756802,-0.21561416353025242,0.8405564082437784,0.3376804145945531,0.11823467367698762,0.6810659043409755,0.6669064663723042,0.5680643166502262,HIGH
0.4741404545121144,-0.1565669492615768,0.4855044623374341,0.897746792896391,0.39321260626220794,0.17267187863065417,0.25957134389021574,0.7137567942105336,HIGH
1.3098914941445972,0.37886555918287074,0.8165515501804853,0.7717476877621028,0.07708654428946232,1.001565611092889,0.6899810553411663,0.7203959879626922,HIGH
0.3776626669501522,-0.34982918890700776,1.2520362579330446,1.6301408442087426,0.4882430261387821,0.9480715265435135,0.8911948384519521,0.8541663541577812,HIGH
0.3927864638484584,0.7087096599050279,0.7694994655553095,1.1827263686195475,0.7493654116656621,0.07168130074430018,0.6786531636600244,0.8377019282564047,HIGH
0.08639287959797215,-0.5765250457866485,0.09752355785578662,1.3294465294011768,0.30932533303206877,0.04227157653590631,0.5187109640342281,0.5026828982675668,HIGH
0.15102976999240678,0.65848071473501,0.7727335762254726,1.5729315382908988,0.12293400141419937,0.08221747459486897,0.7292768251310683,0.7780671136231415,HIGH
0.20064785457612364,-0.4469344612008114,0.8245796058963607,0.9330466957296316,0.08914768544771332,0.34519266860375103,0.21563264152640027,0.9108104005115893,HIGH
0.6095140727513213,-0.02042555766537858,1.0293031361550067,2.0,0.47547039217396697,0.10024797142625892,0.09403527123463203,0.8001439131003741,HIGH
0.18021849467466794,-0.2258823676607683,1.0191688702778192,0.45130080614589796,0.04690890514708787,0.21316487348684307,0.7520573446004962,0.7502277981351742,HIGH
0.5367922483481204,-0.16436604204589894,0.9395192987149535,1.550798849359971,0.24626920444636477,0.45791239322520927,0.5658257528170861,0.9493505509099515,HIGH
0.21724914297751433,0.31657003926933047,0.828236698833932,0.11839131170823618,0.06762942030708466,0.2052881706135224,1.318573193142917,0.7073770182488697,HIGH
0.0901909438294137,0.6099272548361004,0.3613262130615158,0.12557911846742403,0.04528282743975734,0.13965144666482834,0.9019205948222886,0.8138324962865058,HIGH
0.6626310907931748,0.4800203760813696,0.40899027086755696,0.2799036838896707,0.005616073185303448,0.6280811785845632,0.37146907756853526,0.7835293310095021,HIGH
0.29680361211017364,-0.19003965958357605,0.695876542259807,0.7259358576844859,0.4819788177691702,0.26665419528509504,0.4084599877739888,0.6026860797642719,HIGH
0.5731895094579396,0.0573871934099124,0.18913284297920427,0.10377613003234722,0.12479499279342064,0.4939237471604612,0.5327044935511944,0.8688723615701746,HIGH
0.08679132824831241,-0.3484727069407121,1.005182043337505,0.7074690769269549,0.24732730072545972,0.30338300722566136,0.425663365365994,0.504620480012381,HIGH
0.0325194627506223,-0.4364511312813718,0.43679771222168357,0.5744096533477708,0.4782975728259866,0.5096674709259201,0.5239191982562611,0.71682904389774,HIGH
0.4414507465835441,-0.5014463804060408,0.35335548658715515,2.0,0.3942500537579343,0.03918906675314112,0.30607629716814927,0.6487709067859861,HIGH
0.14588825968116131,-0.2037807889333343,1.0017757680773318,0.2143422322482481,0.5042855959843019,0.9181078688222495,0.8112395222600319,0.6871482275685743,HIGH
0.4367430756750021,0.08483436502627564,0.37862025710554736,0.8686312529255081,0.24747319690556233,0.20627137593838976,0.651842435353123,0.8834414771282165,HIGH
0.4438350348732789,-0.822962367095632,0.8642309167087631,1.1636613092252521,0.4147231895605158,0.32093531975472334,0.4507837990292589,0.8939349640781801,HIGH
0.40248197534299424,-0.03946855508392161,1.223194943184844,2.0,0.8675848474009323,0.35421809071577115,0.1898736074298451,0.6644514532863942,HIGH
0.8286869002324574,0.6167305523108003,0.4053392387129078,1.308502150500322,0.7066972344524134,0.04482111092846835,0.4453533146154601,0.8129779657909977,HIGH
0.5299783911157879,0.45120264901113255,0.5397085795819878,1.7224720995554705,0.457418414556983,0.575562152255464,0.592373141222806,0.6974072914434143,HIGH
1.3090426203028105,-0.26577731214119965,0.38080318392117546,0.9606153967958576,0.11952899100119883,0.41441727690271973,0.4258915198411522,0.6519152051301216,HIGH
0.30340112973118505,-0.6066866218987701,1.1032953182721346,0.4122498898084998,0.46791029086550306,0.5817288309966603,0.35680303608004965,0.653037135694736,HIGH
0.12014261600336892,0.17312872871522716,0.7153203440885659,0.19190501505234647,0.29762421576898085,0.8482895351412603,0.06411067960690105,0.5413135404883961,HIGH
0.2302192395450432,-0.99331986508715,0.4921088343605539,1.3922701350084128,0.20727439291358746,0.012711891560104147,1.9174168757164858,0.3619245074237195,HIGH
0.3182742404098194,0.4462647286707244,1.0811106223143792,0.5518746482852599,0.18859643728147746,0.2738953059848185,0.24225405071087922,0.796357337898098,HIGH
1.3821590356485893,-0.10970673231096101,0.6592302002336706,0.08529606212157446,0.4590636636983207,0.49642165636004465,0.615557988681269,0.675141867391893,HIGH
0.42015202371291405,0.7491461346425082,0.361900156104811,0.5972390442004627,0.26688678022582707,0.06278931255053515,0.21014416607999528,0.9315097049334389,HIGH
0.8498587887759852,-0.7453255039421156,0.5575142380358618,0.7676753680085661,0.5260554573271842,0.0007791474211714362,0.5783566438312202,0.881993610534586,HIGH
0.28314042154869457,0.36562141458729,0.647157621506567,1.897652548895471,0.24408501598955554,0.795999931118855,0.6183426338074618,0.5353154636280085,HIGH
0.2553214240616862,-0.06221371146196336,0.22601975574166644,0.6393552837529738,0.623002323127795,1.0671333024195089,0.38156077475923494,0.7098099182117886,HIGH
0.0828668440634199,-0.15904122321827377,0.15405220216200333,0.7723684418333365,0.1146170022423019,0.11097953769677478,0.42413456481147155,0.5282435248704112,HIGH
1.353052457609142,-0.5953342553891007,1.074116547161326,0.7819656649600248,0.5425230540420326,0.4305170786397183,0.2873987023180444,0.8301790706072789,HIGH
1.0453777678706073,0.23021412081892087,0.3291644684950125,1.5259454949161908,0.5556084720627633,0.6398123981624423,1.9176137809296723,0.9270033311156104,HIGH
0.47778120976853344,0.26397770160628026,0.964337230835368,0.42219494474024455,0.7994443528627083,0.43191367340097914,0.847827266663304,0.7939179013566336,HIGH
0.3334982427597578,0.7297536768256736,0.8677085816952894,1.0542123429167738,0.20235753331332523,0.18861368613984264,0.5207431114067377,0.9320029860587766,HIGH
0.4323846263443721,0.40338111040144875,1.217409511312352,0.5113043441005,0.631631708665518,0.812225756426445,0.3124499205297904,0.8533691735509291,HIGH
0.11523951346769981,-0.2694360381614087,0.7371750603021824,1.8679934894609596,0.6653614396098297,0.32635821635048595,0.7914117307371776,0.7690113393277378,HIGH
0.5724103421281087,-0.4416222851193562,0.6247961617909966,2.0,0.2649762069758308,0.09561279725992723,0.7970897152355526,0.7596485227052646,HIGH
0.9880594105152102,-0.5947664020794022,0.5335168476471239,0.8717265417783084,0.22424743571979217,0.18640646558031376,0.21373234280648304,0.5515310511892872,HIGH
1.0216202760325563,0.5987542251685775,0.4635091533592025,1.000455439936496,0.5170358597425717,0.7271180463925973,0.12256617108331808,0.5771302051043398,HIGH
0.08683500454164504,-0.3468331993967037,0.5264158940072172,0.6514324147932781,0.25566893891084386,0.7126839921263906,0.30938953136384467,0.8754845763104293,HIGH
0.8445016356263786,0.601696544967949,0.8313022556818341,0.1250132867113653,0.9335218037780049,0.46355087213745555,0.2982684001609195,0.733571066557841,HIGH
0.11604338830957152,0.200530257162068,0.9593293854342423,0.7872434027138182,0.17526829165087313,0.26542577981261417,0.1347512077497842,0.7543794645140441,HIGH
0.03599017901102622,0.11855921026946338,0.20286409284201365,0.7322871615603695,0.5845262864146287,0.04345532567615672,0.24053752944016923,0.8489650783532051,HIGH
0.8663247873767589,-0.14888469127532528,0.8674682731046764,0.5853823364683565,0.11861478845857898,0.13225558490291808,0.19182399484284998,0.7210107062827389,HIGH
0.2644697604095918,0.2574826234609453,0.4979537916055756,0.6414653170559835,0.4611092669860821,0.5482597296844911,1.0540465695957992,0.5674361859732875,HIGH
0.7844039279862411,-0.02649772039145689,1.3003119694033034,1.0644674218100243,0.4160400387544426,0.8515819349476463,0.5930095525915564,0.5632837258639048,HIGH
0.7366652918256191,-0.17506958241690038,0.7342364611875803,1.002198328198593,0.5163270951251951,0.07199284302737555,0.6468192857321663,0.7542275716262719,HIGH
0.6727664512446538,0.2723220103922441,0.225734096005015,0.6552323050533394,0.3525804142138546,0.6264315397914445,0.827925182483446,0.5260916079735476,HIGH
0.42837923579988785,-0.08046828587287483,0.8905294717286326,1.9829367126474537,0.7084114718045678,0.08432265866545177,0.2063384787807581,0.5800449180210299,HIGH
0.1296788750552444,-0.3553006070703073,0.24691508198132617,0.10317913845280748,0.8081418149382501,0.5472458819439062,0.6553003102804705,0.6295008625166476,HIGH
0.3188291500739248,0.23192724569347353,0.3796456878413043,0.4405747528965222,0.10259475112832342,0.7026144974952698,0.3519700345332559,0.7814689221412857,HIGH
1.0330889628556137,-0.0468739753639974,0.6473860272603577,1.390779569948913,0.6396032379658778,0.5112221465721709,1.0525805811414601,0.7511601852735533,HIGH
0.7984302899287743,0.1853422049382779,0.40870666564870395,0.14947662405858997,0.050823676240640575,0.5289875855174958,0.9539905834563517,0.40142038561122745,HIGH
0.3324888778058802,-0.2106211405087583,0.9190871402259394,0.10077589661412448,0.11084898659613976,0.30567614771742496,1.1936540742786292,0.5916349690679765,HIGH
0.32919062653206993,-0.5278309479660015,0.6286173595833958,0.43580067386365495,0.17129244448846653,0.17766235538391853,0.22575836738308494,0.8003495210132573,HIGH
0.6311225937255784,0.7087310642559956,0.4060852819570636,0.739944697421439,0.23122675322757802,0.01919678527681294,0.42947419752174926,0.8938646622453609,HIGH
0.45216281621763693,0.6295767925207011,0.8043681224822932,0.527032497120992,0.4377163472079215,0.5762555957869948,0.29381041624047255,0.8591658828554783,HIGH
0.346434208130956,0.3511896837300236,0.3433798914975501,0.8966194219328095,0.2032080796752918,0.3196348401309478,0.27457714543914813,0.5109525649566802,HIGH
0.594093052400123,-0.18288048785719474,0.7826444797200135,0.11182792598010394,0.2692300545690895,0.6500167446751173,0.3054423352868581,0.8105551486015483,HIGH
0.5800200305541718,-0.14613354872765044,0.08418221719683215,0.3980985452318385,0.690380146900439,0.8930388005514462,0.7529424356163544,0.8724847945104833,HIGH
0.23578387907235518,0.5605775272765151,0.15469573062835076,1.240631726767946,0.49387413811288444,1.1222985903078364,0.2829623000198874,0.4720799432623149,HIGH
0.5210315330409256,-0.16860861577831354,0.791843624393491,1.0581561425295927,0.38427713377321904,0.17613041821093767,0.24139464276373407,0.841949883732385,HIGH
0.5548898199750647,-0.285673535265865,1.137996328655766,0.46735973864828656,0.399326138510246,0.8663651630350897,0.27699655209439084,0.31625681487742513,HIGH
0.4039099776108423,0.7663385637673102,0.8137155485299983,0.8502357412614686,0.11009989328767399,0.4148930190548963,0.14458553658848758,0.8329116532043694,HIGH
0.2143088248556581,-0.04002462627782637,0.35034118295220784,0.7279643875158072,0.33962986926562594,0.21997137202028086,0.2863140543216232,0.5415636170868835,HIGH
0.31083849709986267,0.7227386379758151,0.4724879940843154,0.7445773931369652,0.03141670183379238,0.8048172791658463,0.9756543327167859,0.6277694797487329,HIGH
0.17721684334997906,-0.6073246024898008,0.3926626269543821,0.9508027563885709,0.012898259967113808,0.17960813904098608,1.6156599842650023,0.6573072210938176,HIGH
0.5314351960462352,0.19763765076949077,0.49175601504583843,2.0,0.3998119571816262,0.4422317580390023,0.35703649737151794,0.7750574104703396,HIGH
0.0873896697295882,0.8498546916709783,0.5602545122904347,2.0,0.32322544733731934,0.09933151023738088,1.0124567241300637,0.7376851924366021,MODERATE
1.1048993943020162,-0.007504687243278008,1.4529806206957523,0.15312788887904827,0.5591032216139371,0.2548945572541698,1.3404630116745402,0.9009062918666982,HIGH
0.9569915010160549,-0.1308818867524744,1.0900275801331905,0.6264261902756978,0.42218075760116164,0.4262043820131016,0.941132227707404,0.7156655579795778,HIGH
0.5644983473171213,-0.5104558053913363,0.7782104827096432,0.2664236551081397,0.27105718656561323,0.12981975685290503,0.08841280077527727,0.5649473693272442,HIGH
0.7664705229085935,0.4345840828628038,0.6901776456063088,1.01087223751909,0.2169796857594388,0.2903426020801663,0.35184629292998254,0.7090803153886807,HIGH
0.7314405551975436,-0.3434537947090887,0.8984573225808998,0.6546984887806068,0.03316997252615915,0.313515813716365,1.1506350274547472,0.7228079009337022,HIGH
0.457402664221868,-0.059819594943795185,0.35431843433074794,1.5677889095618172,0.37284401518580607,0.2409092807128254,0.7781906142439418,0.7206965631980571,HIGH
0.3541474601490367,-0.5384909575128969,0.6341264506030444,0.7692211680068253,0.3409016320235909,0.061791254007951844,0.8923033030726558,0.6997434275217334,HIGH
0.3230071071114413,0.6338957320409216,1.0858672985499298,2.0,0.2311074575967488,0.06055664124102393,0.4813028023469948,0.7424437084314479,HIGH
1.1321401391675232,0.4650518305047867,0.5692273954812276,2.0,0.70386787617579,0.22173181651389962,0.602225517225445,0.46885274335233346,HIGH
0.20753508193815087,-0.03326559466951499,0.2458469219814957,1.9906625856790858,0.34268455146347016,0.26239718888814034,0.38677924814077375,0.9505028445320981,MODERATE
0.21119462248947324,-0.5047425529465098,0.6185334827186465,0.07044132380532148,0.2933942365938202,0.3063254207031138,1.002845971781617,0.9441180925476228,HIGH
0.8134226428300756,0.6250809606819054,0.887279363671142,0.9427861363629855,0.18501556052696214,0.37115312272567763,0.3908059403233775,0.9344661952990064,HIGH
0.7613830140640436,-0.17369132535980178,0.5583314090844227,0.5813445643926751,0.5798997522876416,0.06274613047177437,0.5383542823419509,0.7592820587064705,HIGH
0.33796965552823527,-0.4841860331433578,1.001555487761446,0.6555241545766824,0.06399226218225432,0.9206423365025687,0.3076591163527679,0.4541287357576867,HIGH
0.6084529830336554,-0.7600895652384685,0.3273677102042024,1.3911484980549904,0.1093533905236644,0.3625462757336805,0.2446996656194523,0.8802721355311987,HIGH
0.6661351988027684,-0.2913053553953855,0.7211629929262948,0.6144469786824284,0.7179259598720504,0.9747597357812863,1.0593412651729717,0.6880647830448343,HIGH
0.12339532329945434,-0.6309480114625746,1.0868611397728254,0.8065835306250423,0.35799328646721684,0.2535935291301514,0.9884603365407101,0.7418002179045913,HIGH
0.9987536207697167,-0.2815847513395863,0.5085138270257781,0.8413180492236301,0.31407870376458696,0.144127211925688,0.27821311489781786,0.891011001305109,HIGH
0.6659710326488714,0.29265166815304033,0.9034451272806281,0.10317588215778381,0.1896934840323049,0.789808335470556,0.6142975596464344,0.5841008147893167,HIGH
0.5720776623895486,-0.17766806886959796,0.9238393252528854,0.5417942273057459,0.5100794282437552,0.8572851926171207,0.984494011499213,0.8626172842825717,HIGH
0.6696160937567411,0.12939122048775858,0.29404438997429905,1.6444195960370223,0.7064580274674732,0.1887819171789404,1.804134680118181,0.8239588064284881,HIGH
0.5234398091074329,-0.3238005570035374,0.5043749942564018,0.08394851236394153,0.5947319514252563,0.34162304894161616,0.6508976278040205,0.9067874197339599,HIGH
0.38621601727250837,0.007371007872977165,0.7579855824574444,1.1508283574386122,0.43724670870014437,0.4144176284731426,0.9536388270599184,0.7622478963060689,HIGH
0.4604599617602713,0.7867783452761288,0.7121469659384815,0.36186800204074976,0.6511927164921341,0.21346748648341246,0.9439289927780816,0.7556926697004911,HIGH
0.1122232746784452,-0.16636415277129651,1.5988532266841058,0.5705044123603392,0.12427087952448193,0.4449576258497148,0.8594990333980973,0.8394861288810628,HIGH
1.4339831297755676,0.14146036380025667,0.7741689961469943,1.3148295983773903,0.11856488510057582,0.48237305846320366,0.10731760797313163,0.8716187768609236,HIGH
0.3811962940516281,-0.6775214355367442,0.6829036808676529,0.2873878578121596,0.5781417390803697,0.03923236765028996,0.5966092646328879,0.6081367443170256,HIGH
1.4179257631599032,0.6184445714150856,0.6468005145181188,0.6118821398922366,0.27861851220604444,0.5116779834743985,0.3951665691457967,0.935878026194774,HIGH
0.4663225849608006,-0.22042678415684339,0.46643146267574803,0.1537141286193242,0.280493045515851,0.49116629239991577,0.23653642919494006,0.5805718117037264,HIGH
0.2533269908336784,0.4212241329607304,0.9705229987793504,1.0403722590320226,0.20424743341107088,0.1263011654776639,0.21177145630132083,0.7226793607399234,HIGH
0.9795150927191347,-0.07173572421874021,1.0617920405541268,0.4014931672249217,0.3762009692302794,0.01477252252835077,0.3089039729753718,0.5809561264594776,HIGH
0.5555379598360827,0.23686333330873868,0.5177483603502963,0.20114213113304186,0.1155917256549428,0.5934760915042933,1.1341475103184564,0.7802533006662311,HIGH
1.776094836399368,0.26182521942862025,0.38412200757085685,0.7697678118901945,0.7045503890997801,0.4542192413276574,0.20475654791179085,0.7803645140381911,HIGH
0.2478529593387001,-0.21002494259534113,0.9853524573975379,0.14591132145837274,0.24933474849746196,0.4194160468502025,0.8658060634927488,0.9312743604171029,HIGH
1.0072243650307857,0.4386007030199778,0.6739829546471363,0.5571229307378436,0.16397150652887948,0.44953160698988626,1.3009976886567198,0.6502853462820688,HIGH
1.0432462314249562,-0.3387736428771018,1.0921919144109753,0.3698603807626712,0.4183154392984939,0.3733583822244593,0.3078276395815089,0.7892010988017786,HIGH
0.7053513575084904,0.306732372411568,1.5552564306374077,0.9017836432958217,0.5311804999812071,0.2787979708016891,1.2341022733233433,0.5154736911981664,HIGH
1.0490754738375185,-0.183886223549943,1.0972221735863874,0.9167293398619679,0.2543376549077922,0.171675204542491,1.012120189647226,0.8515385956354717,HIGH
0.38806488031702324,0.12681433842546525,0.9311038237021438,0.42988965554482966,0.23644824313513327,0.32029138759816606,0.38572862988284234,0.6345238927410105,HIGH
0.20661007833482695,-0.21403706098878958,0.9012743999316122,2.0,0.8952270597670436,0.4059144880404447,0.554729703689685,0.8332952122443504,HIGH
0.2729040545231615,0.0009899093767701435,1.187924457934987,1.5881010615574673,0.02881526204521667,0.03140506641992102,0.2672826278257566,0.2844307585891269,HIGH
0.4425725817663457,-0.47137135471054215,1.4171359726117558,0.3228379351623274,0.4427691195142804,0.08663007276797172,0.46230430444425374,0.8717732480302276,HIGH
0.7308226783359317,0.08397393356929353,0.572912522706171,2.0,0.056725943691437575,0.699480140833207,2.0,0.3853152183649786,HIGH
0.21967186236149872,-0.001441109316973884,0.9150387513636867,1.2713187772144938,0.8844464072005972,0.3817311717574401,0.5311587687546961,0.6060284127141645,HIGH
0.3232373141026254,-0.24686449271043845,0.22761567786459574,0.9764957000780359,0.3289832038473173,0.13376792364787307,0.3335657919780682,0.865262683858954,HIGH
0.23535869595268588,-0.043111745883924385,0.7916464325389877,1.0248434167316807,0.16157571017336403,0.9166261801611749,0.1106301171762255,0.7860382834668221,HIGH
0.8225403511021796,0.03628187999052215,1.4811204084105425,0.24654552899040713,0.12198586548914901,0.04031357929744879,0.6509758644661777,0.5229172151425518,HIGH
1.4105709317766135,-0.27886996237134715,1.5328174000070518,1.768342409016638,0.48742826921148935,1.1939409487315318,0.23215346288328315,0.9221754213209344,HIGH
0.17620638639856134,-0.07407860180646104,0.696228090342862,0.10419162758691293,0.21069639385109606,0.3712897353578111,0.17255307089443273,0.5985119529867664,HIGH
0.6290072080956998,-0.4423318151758668,0.9222020159452331,1.020550571501712,0.037255738813704135,0.5151365258895072,0.6407109612105761,0.5825083854124199,HIGH
0.8939169369928207,0.965207876363623,0.7805273718866387,1.602825673798585,1.0189562253214717,0.43678957749270836,0.26043457503926626,0.9296890451032788,HIGH
0.3618532883560748,0.4248298372874377,0.4975516412834639,0.34787239954132726,0.7446729541025309,0.022727338151579894,0.8866269425414134,0.6411990902919043,HIGH
0.11855266076009258,0.09469952436525146,0.5001338168371406,1.3357546305617891,0.0252731658355563,0.7970798984334135,0.10015022473175808,0.56019283061693,HIGH
0.9733676695186474,0.47228742954021186,0.24422557807366413,0.8269738856336055,0.5318592825514693,0.8508600101249972,0.7412944909245631,0.9396783145854926,HIGH
0.11109605096262473,-0.8512860402071867,0.2836242120410258,1.3957120187972756,0.22615702246069183,0.12535356421081614,1.4465038543926616,0.499644736551958,HIGH
1.169298392852899,-1.0,0.9711305618051158,1.5525499062596155,0.2825036866511193,0.49766574900454796,0.6860677240962586,0.5272018653581363,HIGH
0.23107011735272598,-0.1877022459349606,0.6692393996133148,2.0,0.2964903879800018,0.456302641898374,0.9226209384922222,0.601369754821148,HIGH
0.0946688555845587,-0.5989969403128858,0.3207800029012985,1.8232486084590545,0.3040323636826681,0.4149332643759864,0.2895284125328858,0.8649472781163581,HIGH
0.29015815420280494,-0.11937432026829828,1.2905605784884084,0.12286083641979204,0.14641410908516073,0.599983985700415,0.9484514763516239,0.8160615015028935,HIGH
0.41621807916282033,0.0663757890498575,1.204010999905283,0.33023773139242013,0.00782471206751136,0.2969407408256083,0.6788365097046677,0.8965421704498122,HIGH
0.48492170578371846,0.3665740893030567,0.4640416784262925,1.1000491505017618,0.13086481971532435,0.14875532313996737,0.5662788302937026,0.9824201869339141,HIGH
0.6667306424535373,-0.4980708733955897,0.8878539469795411,1.5671418820941745,0.39211530029704617,0.38589010479550473,1.1433129929715966,0.7973181787776441,HIGH
0.517778238575875,0.1478448881872301,0.5118018581455045,0.289107248326101,0.37434559091719166,0.6801124023132246,0.7768740516105526,0.7220068436184582,HIGH
1.335373542309009,-0.013956328876062341,1.1924395778224677,1.2529503368693162,0.22335361037713586,0.15306709385865744,0.24375242786146084,0.5878569724719735,HIGH
0.4013361591774764,0.12595391017189556,0.626230406350564,1.9129436939268945,0.237671834702847,0.5297183545581262,0.37909935749574913,0.8781927560803512,HIGH
0.5380971669561987,-0.2383042193165119,1.2378401186919248,1.5257327920435668,0.22267544897014546,0.20892475470073138,1.3202940887613022,0.9411438606205149,HIGH
0.5056604815804637,0.5609167587420905,1.05617079329447,1.2390590078532424,0.5052482264393718,0.3798206245823499,0.22184902372387527,0.9738118143216922,HIGH
0.08279724807277755,-0.06347363234048502,0.9049362008489924,0.7286398000468409,0.42881885004451165,0.6008794576565478,0.2218504246272978,0.8363974276057671,HIGH
0.14672335142182247,0.7251565338715829,1.0939850782196707,0.7008905344606013,0.5479393715503614,0.1053359868839255,0.8813779466167383,0.7675711274805176,HIGH
0.4439250472783199,-0.35196323454653394,0.2241265561153084,2.0,0.452032903436697,0.0390941225276904,0.3679878494767059,0.8019977303289791,HIGH
0.5863903095547104,0.29198748278133246,0.5462191417546451,0.5024845600818847,0.20678983459959774,0.3486354669224,1.469082414803793,0.6334820006917014,HIGH
0.050302907773693784,-0.04506076183542201,1.0122723127563744,0.3302655998388265,0.051034229835809145,0.3862756168698116,0.7900161859113564,0.6885453061140034,HIGH
1.3759797124809556,-0.15765181500004075,1.170482040918155,0.19970434818659916,0.10738356461231682,0.3168430833902234,0.3936850220699237,0.9124230716790718,HIGH
0.6206816187487576,0.24557244299636957,1.2471954031578134,1.1854207392997613,0.03490760269661807,0.20831475217800136,0.6810475742300736,0.36123606953565274,HIGH
0.42519699720607873,-0.1456528612596276,0.16352738761027913,1.0700933867105165,0.594498076751126,0.3108004851994737,0.2914795551777388,0.5705874850287471,HIGH
0.6004326207969608,-1.0,0.6864937763231622,0.7815509869871738,0.8367785467235422,0.11186467341406327,1.623557487937219,0.8311043324700864,HIGH
0.2765592946020151,-1.0,0.3589735710876636,1.069524461903879,0.5616117329690345,0.4589220754086947,0.5821075092567324,0.5841017152045594,HIGH
0.4888352416005202,0.5144173073193006,0.19314333611178783,1.394679143282661,0.14829229374466898,0.03551696324323314,0.4224794929853685,0.6295025946159389,MODERATE
0.5476072253569542,0.4967085523094722,0.8800276870487679,0.6483505845694076,0.5800108097550645,0.168056134145186,0.3310159575770021,0.7801247368073149,HIGH
0.9811184548430337,0.7726831974274976,0.33008908129786335,1.125372276679557,0.4292388943045815,0.3285623928403907,0.23824916251704092,0.7260825790188097,HIGH
0.374057517958185,-0.027361864278514517,0.836700583242593,0.6016092163713104,0.6546342568996282,0.15478084848265436,0.2670600138605417,0.7085303729926592,HIGH
0.11426143959103294,-0.5629066168391144,0.5522249576987582,1.1530057189248808,0.9377314008767803,0.7272929884585106,0.3086851720524782,0.710691256999296,HIGH
0.20180862183904336,-0.1962252139134206,0.8912912073997715,1.9213955200350754,0.25539413111657455,0.4062579180920165,0.14223551181943753,0.698585976554025,HIGH
0.35083898682964926,-0.015201703548248624,1.0199974927837039,1.4945114771569288,0.09307087943712114,0.27607438360907616,0.3922204782800574,0.7617381399640422,HIGH
0.12758461053422374,-0.4429560541997459,0.6727978704569031,2.0,0.3219236207397884,0.8876131909256182,0.4500818438799654,0.7542506556447043,HIGH
0.18247669007975556,0.672401383649024,0.39622474803524826,0.5046369686608261,0.31380195566628494,0.2597436912777561,0.6912384978650442,0.7201362660453466,HIGH
0.20349514157525705,0.9205912094503694,1.1813222345506325,0.41104479671075134,0.2230742294134751,0.22155000722478604,0.27626953101330337,0.8309549930991523,HIGH
0.3323029544530646,0.1808778943066746,0.24021816204008165,1.0524786085914177,0.2713273963939838,0.456485981784737,0.25882340444078467,0.7544758273013044,HIGH
0.6149291041657757,-0.02456277361324228,0.35981065720389943,0.5182597620383376,0.5218230596066747,0.17409586184245104,0.48384738221106244,0.6992668121455493,HIGH
0.31983189997382366,-0.5638861309592615,0.534906435559826,1.18949340663903,0.04730788221081521,0.1275026732474348,0.4250329027127112,0.7168151051988475,HIGH
0.6448067773833838,0.6295022363855415,0.2690960381239505,0.9012027377571911,0.310508427125689,0.011581294811548262,0.6525766726160148,0.9835193188121518,HIGH
0.4254988211175692,0.012048860556599521,0.15042025878104145,0.33521705377393096,0.5424661549760305,0.44826964926689555,0.10522133935360876,0.9194752488562342,HIGH
0.1881992546961552,-0.14144904733245714,1.05842983331492,1.0874208359390234,0.7973713802129763,0.4301012608992694,0.6843061946301208,0.8212496278603809,HIGH
0.554304634737321,0.18209311724330582,1.1462518783988862,0.3570575501698736,0.33967998718074566,0.41798671205918436,0.47832420560280686,0.837584670441902,HIGH
0.49348240440735974,-0.26599884217545794,0.7412935537300166,2.0,0.25271983705102313,0.3126035775540153,0.06024454432738098,0.6876306954071447,HIGH
0.6569000224940702,0.04168757271116377,0.6200187719427117,0.6594839524340939,0.21773579565326096,0.02978586135269685,0.3989932952736855,0.7693229525089822,HIGH
0.7539701880898525,-0.6258360773551772,0.5807836989318416,0.40721684331571867,0.008427177568406448,0.5719825840753365,0.8480568372172358,0.1724838086444184,HIGH
1.0020154301443267,0.4365766194860223,0.9768670897765064,0.9220040678454765,0.07349826380714895,0.17531594302922568,0.5237206609794405,0.4734545152218175,HIGH
0.6296677728248288,-0.06385263727698275,0.14864841258688,0.9987331777392277,0.6197166342787077,0.14862030621809585,0.4325444306356881,0.35764308634230163,HIGH
0.48151697887264866,0.46669636146628496,0.4446951547778515,0.4905354466761115,0.5194282039261566,0.0955557407001593,0.28524750691546974,0.7828257554188741,HIGH
0.6590324071665851,-0.10447719469348016,0.5049016258919581,0.47094552532525213,0.13217880533556423,0.921713990667615,0.10390012247093859,0.9516708069198726,HIGH
0.2947492039547574,-0.07720387768927092,0.6692679215663261,0.1439888714980708,0.3670608507060043,0.18308901140972544,0.5012416309027086,0.7763527122802362,HIGH
0.27706460233743874,-0.5291733198826222,0.9332562018460382,1.4393389295970116,0.2853008800040015,0.7598413042244603,0.9870557556978545,0.967039275788687,HIGH
1.0947216502415738,0.2990979286676201,0.35159765684142774,1.9774566231942556,0.006485008012003112,0.034424580618066476,1.320071935558418,0.9612020796873467,HIGH
0.2703580876130933,-0.3878527806896985,1.2539244335347126,1.5968978127055082,0.3122086372153041,0.7451510857172432,0.21393716682134742,0.4964317175184662,HIGH
0.2081865562792426,-0.224297396743676,0.5130077063145481,0.39616532300795015,0.5713854310118535,1.078410545666549,0.5361115581721507,0.8319047639410628,HIGH
0.629428187970407,-0.01956018184533454,0.5458868810591148,1.0667184331735236,0.4673003827664817,0.3897951583116291,0.558037334791389,0.8843377565723302,HIGH
0.29680554446854507,0.030914157149529744,1.0483715108874516,0.9330604384651875,0.8465008318329368,0.2698949681873942,0.3532757280151767,0.6112655505505489,HIGH
0.7486740294343441,-0.7365607148914588,0.5699468887313833,0.19043183762167798,0.2678891648554621,0.8113239254065799,0.9987794866148456,0.6730772399307621,HIGH
0.9527563435833724,-0.11693846350496694,0.8455048772868788,0.48722593621479005,0.43011206115319844,0.13717287290584063,0.5747569820400587,0.824165789371299,HIGH
0.23443777575893482,0.31399669183035955,0.5824864768518366,1.012076616058127,0.3390041140741988,0.1331679673014534,0.16256049413067652,0.3367260982839395,HIGH
0.6837226270391679,-0.17890197450003906,0.1807737970008023,0.08413742644660413,0.2789647919515451,0.0536331280937796,0.4389249959970431,0.824420055224501,HIGH
0.26499045434790985,-0.11438733676959507,0.8520500591683331,0.2860115199193906,0.12252037157772444,0.3484702268020553,0.8869453752159131,0.6782519106174726,HIGH
0.35678667738084874,0.04821054135394516,0.22143514416895302,1.3221919125705788,0.30029612530111843,0.2914181640948032,0.1817846487814547,0.7044673272130481,HIGH
0.5360573918136083,-0.0729033816697396,1.2323801082836003,0.38413557626941197,0.509059879571541,0.4733847453904279,0.47924468192841213,0.6130126339415654,HIGH
0.2775703553732427,-0.4528165110027939,1.2521551868774714,0.19315399830405708,0.790005506878735,0.5224955980590396,0.5075175858345629,0.7976760636210062,HIGH
0.5014347650064656,-0.035265371940099904,0.5360119767824313,1.5396733079765175,0.36142879299302505,0.21011869492512428,0.5754802723700855,0.8257170352195605,HIGH
0.3801829157232796,0.39751073140247634,1.2389168385744285,0.38425476963093996,0.9170842020827031,0.7185063648297914,0.8006334576339117,0.8154461262298343,HIGH
0.7603571360771588,-0.46149389785217804,0.35199489032940345,1.3292652068651736,0.32927271846452905,0.4662313190215207,0.31493496188876774,0.5426780339828589,HIGH
0.7617113538264422,-0.17728239358404355,0.47955916444889823,2.0,0.45085889393620926,0.29505623104608725,1.4742434703417895,0.45536241576840075,HIGH
0.27870308996270476,-0.6002851560527325,0.7060208235358831,0.2774615971348737,0.23490522738679795,0.25441742990865673,0.627864688536703,0.8009429884832996,HIGH
0.5448922253680261,0.3753804192059449,0.29973786757477083,0.6786838917523403,0.16447344757668458,0.5201366845184935,1.7760935410696754,0.6726273085477777,HIGH
0.8419289782581882,-0.058790446871909124,0.11666338024127035,0.9399898831314042,0.8553345471309733,0.10736267416761705,0.35696233846533637,0.7840841330567829,HIGH
0.17975423243104896,-0.37708384611446255,0.8402734217846026,1.5202346888511136,0.3243402359103222,0.9149570761562547,0.7183014454728543,0.8738216755914515,HIGH
0.3783524124591485,0.018751552060134496,0.7660987776313115,0.48548272352875194,0.12747625455048403,0.5397167689493069,0.016867133123848323,0.2218676500570704,HIGH
0.52784291092757,-0.5255120902560901,1.0544624938603877,0.03347795577136536,0.9450179509721507,1.15808440006182,1.5582508033396905,0.7004454202192033,HIGH
0.17278846434060408,-0.4540681232133707,1.0382878246154676,0.2772672390751668,0.3155872455382739,0.7783644644858031,0.6498518042887932,0.5772747963045712,HIGH
0.3063755967021659,-0.6332560825377478,0.8934725474309524,0.5713108008509162,0.27519348674905914,0.11036176303549267,0.3558822426022726,0.7031380583346857,HIGH
1.244626286068276,-0.468047279774108,1.3657314370431812,1.3275139710087762,0.049637081238486966,0.4977093723287791,0.13285550907318955,0.6745024345219476,HIGH
0.26968963311818667,0.5500817852799186,0.30379020926159067,0.6842311738447334,0.5840437837605491,0.07323860171187836,0.6599399554132381,0.8053012498265633,HIGH
0.294750700897268,-0.32790969913869034,1.0062183057951828,1.2657476012385096,0.6766058510099856,0.34919399602900325,0.3235505813197085,0.8723432441382534,HIGH
0.6245258111022631,0.1758145515136211,0.9542729422074235,0.5543350957727875,0.6222933868651355,0.2340489130816692,0.9654288635487538,0.5144729351209995,HIGH
0.15400605526820996,-0.3712465963814871,0.6380314870277887,0.8741224094709008,0.4746765964988038,0.13794228226002633,1.4404970145198426,0.7903676069074537,HIGH
0.38473576817295585,0.299004173220552,0.9187880063037787,1.399104306701884,0.28154074003317436,0.2938085571758371,0.5843466438144946,0.6458955830254464,HIGH
0.2099682603599409,-0.45095444039115257,0.4905537638505445,1.666963298463947,0.3521066986364774,0.24624245976747086,0.8722504063662277,0.2253782899553147,HIGH
0.500738013974553,-0.003524270340062287,1.1445363868143827,2.0,0.2629318831566883,0.1687308159147385,0.4020298396716912,0.9358622454592356,HIGH
0.013378158179015671,0.0021975501449584996,1.5164366803425313,0.9658245596870093,0.37958910822244724,1.1817015021065802,0.04758690639557334,0.5140349159448827,HIGH
0.4513468238567668,0.9576782412991685,0.7230276843534905,0.11014704267445637,0.4987660017668571,0.4008952357685614,0.6942471388547453,0.750772431382111,HIGH
0.5384504611925506,0.24477862095166933,0.9106571602065018,1.0938223425712035,0.4344709942517123,0.5710078560069496,0.8228397871262423,0.48042251485191495,HIGH
0.31278060027026916,-0.26901968601829485,0.3072630543282631,0.100936888308876,0.5132750435826369,0.03764730590967391,0.4077872394693635,0.7318235155088247,HIGH
0.3286539448263378,0.2677205647332158,0.851248649951133,1.190841617087498,0.10561438649723803,0.13633375094847797,0.11592256730019512,0.5351560736192101,HIGH
0.28252253492182156,0.8780332776037872,0.33062403658652845,0.8504346783293677,0.04810918796231071,0.5493486299995645,0.3213044304962281,0.9793479140890795,HIGH
0.3808539174838279,-0.7044471580034039,0.46913568879146134,1.6049972393082264,0.6558902371745795,0.3946482498000549,0.6682198662590243,0.8051842153367201,HIGH
1.1043897770234286,-0.3738424578788652,0.8441167232888941,0.5512194668406372,0.824671656765624,0.36391280649945346,0.39593193476963484,0.5631035353163103,HIGH
0.7766891803927055,-0.11949697482758337,0.719079735819988,0.882010538635461,0.4678478874689478,0.10677713290360358,0.4389037054718969,0.7257231193894543,HIGH
0.3805698477497019,-0.1951770553996194,0.478383313930108,1.1075269553561273,0.3254952336241838,0.1285857914096704,1.303174672776394,0.8472995312898456,HIGH
0.30646323961769417,-0.15975781329854735,1.6367331390002058,0.047305613722802356,0.4533274880769429,0.23348667720180658,0.6443391242601287,0.8291841200949607,HIGH
0.7273466279811548,-0.5677775515491621,0.6652832315554668,1.0702905257910458,0.5853601740732804,0.7895646281284852,1.7036728923721496,0.6045812882253029,HIGH
0.47742043728771844,0.5696615424910051,0.7473986103797918,0.4083044216079465,0.6046722533931922,0.3058495647551265,0.1521638157990857,0.6134748346357887,HIGH
0.16888175119500376,-0.61749561136018,0.5440965758380423,0.9898335116366819,0.21601640958468657,0.2968674381058753,0.12108221644091753,0.7487581796992949,HIGH
0.34739375581938947,-0.10408938004144962,0.5415062225264412,0.07787189166796284,0.2669185257794768,0.6743959334648014,0.778404246570816,0.44094948515442844,HIGH
1.0274339615533599,0.41924884853949307,0.7033415907717685,1.2314751231789371,0.36026578351012667,0.10913647791107478,1.0461986398764795,0.8364423182429676,HIGH
0.607206423083715,-0.0326776400012581,0.6929963518775862,1.1582074853659765,0.812489926389887,0.168104573817055,0.7548722739925051,0.8731672179687447,HIGH
0.3091641346559357,-0.431345550099163,0.8101577853357667,1.5565303931984649,0.6876435646365033,0.142790078065302,1.9754417261405819,0.9070207763772797,HIGH
0.10632843582711912,-0.5864437756770622,1.1290793981334395,0.14394868172819575,0.40813147270888317,0.5315318672267834,1.3420071783795622,0.6056178309843354,HIGH
0.4989119664507156,-0.11659966233166849,0.5375888273571315,2.0,0.30602569802886354,0.6365102895912697,1.110351506828747,0.9454973258613371,HIGH
0.427241882154819,-0.3379524176571959,0.6338498494785018,0.22969235697224433,0.13365278924132337,0.21731664955947533,0.27918987457072963,0.3765202550050399,HIGH
0.3715806234844043,0.06619705851525075,0.4180228878068478,0.8772958411186209,0.6664717483649567,0.34143493917325374,0.2556538805351029,0.7147548611085327,HIGH
0.732958414402417,-0.6086094820441554,0.5624758886405832,0.5806450608999393,0.05440685016981485,1.0193932589994015,1.1413590544325676,0.6159654050013575,HIGH
0.6125222757307525,0.32147500949280117,1.2460999001695248,0.6986773596892267,0.960796420269128,0.445857198433055,0.4353795715726524,0.9376341944720614,HIGH
0.1100774964373973,0.028530799729075147,0.3060119166528831,2.0,0.48808144581213614,0.569659939502409,0.938835469046027,0.7640441532313061,HIGH
0.42903387625458844,0.05973128562804034,0.16540650099212847,0.266244567397827,0.6416890293540163,0.2599240603325761,0.43536546941208126,0.7064657000236151,HIGH
0.13914264539280227,0.585252246860807,1.1529598118397293,2.0,0.7250218213322549,0.0735625113981211,0.09905527416991307,0.6527845958628654,HIGH
0.2863923672559748,-0.2038741093161837,0.05284474657829432,1.3604187773695517,0.8740812435559473,0.3651721058566927,1.2045240975687161,0.527645383145729,HIGH
0.12934285340717813,-0.32484301178795405,0.8148526385624785,0.7624255430796267,0.27507784698001086,0.32769905648228775,0.7992525021784193,0.7066535807146751,HIGH
0.1339072708572712,-0.25006072390568673,1.4538235977665606,0.7563104749143927,0.3348867878409245,0.4428273092838418,0.3277766034435559,0.7513160657731117,HIGH
0.5437540827407016,-0.10086115919976833,0.6871172498278946,1.1616628418793336,0.6879341621579671,0.7809958509651462,0.05647822224322328,0.289900213420952,HIGH
0.5057679781564977,-0.058205255812358025,0.6115714380404329,0.5459988074251496,0.5130495215059907,0.6855857515120228,1.6519552437661218,0.8204483439975286,HIGH
0.4054582508183824,-0.36889304937274475,0.8872977187727985,0.6386085744602068,0.47970934254132463,0.18857645400022213,0.9307450547587609,0.39006100624047146,HIGH
0.2665442997998966,-0.8696958062738848,0.10489408397418835,0.873514149972203,0.1009276950166963,0.012760546368304428,0.8348607165930405,0.8676397512207874,HIGH
0.12021822738509533,-0.255590180369196,0.3126519806643955,1.9887879005571758,0.43138090586101296,0.11020827875537915,0.9686932959001228,0.5368093013102762,HIGH
0.28747825256612664,0.13112677984049373,0.6911490662791863,0.6907513520954717,0.043982606136298535,0.0726399006585253,0.1743295213244246,0.5580442212578132,HIGH
0.5074040443544817,0.037228488626466744,0.8164467671444933,0.12410270253794493,0.05468975679469123,0.20966328194801498,1.343135639225257,0.45821520755635914,HIGH
0.4990376115129487,0.4838128773268473,0.2691351537683126,0.9018002361250269,0.6145210518981996,0.1641837769642338,0.26855047017753775,0.640763960930519,HIGH
1.0132716384600626,0.8013043484647911,0.7037984582346707,0.7245161966298804,0.3924793556662854,0.8120034639064978,0.31114140714961763,0.5162573019210817,HIGH
0.9180602765906927,0.29892018401255666,1.5346813642000523,0.4425538246717155,0.469376770449246,0.5545860580659165,0.3005650337407391,0.84814395164014,HIGH
0.41764876219201924,0.5606586698114548,0.6113621500491911,1.0108029871057198,0.48543933924245863,0.3663504525065963,0.4747873800247481,0.9594685456061637,HIGH
0.28504747562847066,0.3020452027505104,1.4727970615641204,0.45638991365326964,0.8500986308040779,0.7401705224644962,0.8902834468101074,0.7769805689932392,HIGH
0.21461750089216397,0.698157687489501,1.1638154721955285,0.6769915649809045,0.3084915919685436,0.46105694014682697,0.1739835672478061,0.5104061581883839,HIGH
0.10243434252455122,0.7573585264023324,0.5420413529227704,0.8765659645722477,0.23255335255537568,0.04195663049125774,0.12555832353064533,0.8265209109098323,MODERATE
0.15385644322798783,0.37948937172714925,1.2810679119701263,0.943870701757473,0.6702069006447888,0.4015682275500421,1.0184779180394257,0.6058453249680178,HIGH
0.5079459483037965,0.27667966149832585,0.7892432167071165,1.0725033929750631,0.08508723233091327,0.6169558558066072,0.38330240608360355,0.8657433680707811,HIGH
0.6423937969598833,-0.10619751221369432,0.576691289337842,1.1854711000640765,0.4677308849007698,0.2315677186502815,0.28862545623944624,0.7456545249795604,HIGH
0.3325949259322938,-0.037361658004842126,0.5980642472601452,0.862096396571109,0.24808923408800282,0.5194479742913339,1.463967590218301,0.8246032636143236,HIGH
1.7375218365524916,-0.1618916791671101,0.18936958628173792,0.1617157381166173,0.19262495529545307,0.7782652165938236,0.9456879195722904,0.9129853687725158,HIGH
0.15525459674403827,0.24092567657592343,0.44194876864662563,0.9699689029444549,0.41128845219400034,0.3929648176473515,0.2695917577242817,0.6860889070211611,HIGH
0.0923930801554492,-0.32254617569092636,0.15777872789284375,1.5270440332194863,0.28368359816730193,0.8042853500578286,0.04263484786607055,0.42275639705329915,HIGH
1.7179066418178592,-0.10026460810756217,1.5971206440171652,0.1198322995766962,0.11646466570622525,0.9002623023182201,0.5928666118763999,0.6825667192559182,HIGH
0.11451202178110793,-1.0,1.1118922528104545,0.16373239703938627,0.11467411426679466,0.5605152090542799,0.2767775913700227,0.8318167934540716,HIGH
0.32903265011826566,0.7036977558044539,0.7701117394360644,0.392433632796733,0.3347122260970257,0.03434625247207306,0.9261420633297612,0.6526661261678045,HIGH
0.23023599690966884,-0.11259932468625374,1.5297282322644874,1.4608107486216273,1.0383504045089718,0.19240600045339776,0.9737475768890907,0.8079571160021672,HIGH
0.5353577637676177,0.1713437836813623,0.7086861396921286,0.3716749615339245,0.23346920084590406,0.6301997150112822,0.4646990310990627,0.7217939265823855,HIGH
0.3098295656639991,0.592270411778789,0.850085221475996,1.4753931508569285,0.40496493217840374,0.20958531514294582,0.32795534172310004,0.8171960711550418,HIGH
0.6437999841212196,0.10612324372529551,0.12695109479113714,0.9258252630622719,0.4227756554567777,0.05132378022615722,0.47971915237572094,0.4890640534083399,HIGH
0.7432089410990698,0.5866243548792411,0.8901340690971452,0.4743408706539953,0.18954917751216796,0.07051309404720847,0.4187431039830827,0.9143654958501762,HIGH
0.10140763538175053,-0.5415298811035741,0.45091400030581436,2.0,0.6707871860380074,0.525282515788165,0.7199681630801674,0.8822159897246344,HIGH
0.20860202091824773,0.9868981676310349,1.320510206740514,0.2337452439089938,0.3458438452709906,0.6387569436319297,0.4978692526649636,0.9630600872442344,HIGH
0.6826048095681503,0.43658628336528155,0.712512181381959,0.789041524098734,0.3657606119341776,0.05268449265931106,0.7326653866476754,0.8196086255252225,HIGH
0.8463700997734073,0.0678650468443892,0.36704986979204673,0.330809046501942,0.6065010949129439,0.19998774929068738,0.4425310942317195,0.8706593889465598,HIGH
0.4681930228651033,0.5785333197026871,0.6355488933779668,1.004080962350068,0.3492860802012954,0.23082305315535312,0.2724005172297729,0.6550545736681026,HIGH
0.5639048045111436,-0.5108266521155362,1.3935317770210758,0.34557265506687523,0.9200824801511218,0.4030334769670472,0.5764055098678443,0.6498309066414032,HIGH
1.0563821166756733,-0.1412182490831874,0.9471837472476198,0.5343466198145548,0.4474641113269755,0.07680728006425708,0.3124184597038558,0.7611360367065878,HIGH
0.3129192789107451,0.5865851664889993,1.645209193518307,0.4096288930128191,0.5721547115909694,0.7439628190507435,1.2366145685222631,0.6994836379963386,HIGH
0.4644460766708185,-0.8041652759758852,0.02305797242145522,0.6239950409100086,0.9885110983998149,0.21711175594005389,0.6858788958691758,0.6235630829202856,HIGH
0.9187438468260751,0.21539226548269805,0.4721303032476186,1.5169198725164676,0.9534426732389026,0.4081063950551233,0.2945385334067052,0.6077251311980594,HIGH
0.957499317331978,0.20351398713496463,0.36060153647079046,0.1992710122444176,0.030316192480482246,0.6250436652512936,0.7161382160093127,0.39416482274949743,HIGH
0.3830632322671439,0.8070748430653082,0.8672759979492322,0.3775292748017776,0.41566610684037975,0.4178876821404582,0.7212498089731546,0.7576854924998301,HIGH
0.2143851459506549,-0.6848412762833392,1.6480757581584935,0.5541456473729993,0.41338094528199854,0.3832261144576899,0.6234212340132038,0.85254790172952,HIGH
0.3798394831657082,0.6560450439532859,1.0509673989140673,0.6453697259297564,0.6849373568536399,0.5801235739969998,0.3226512118545679,0.6784477312817736,HIGH
0.4080981096313835,-0.25497771212253917,0.6595193442993789,1.8985682455650714,0.7127071337193646,0.05709156120949611,0.9410561568164802,0.6668376209958623,HIGH
0.20773456790415396,-0.20774397316297902,0.8705719835181478,0.39420711925037305,0.572659959696037,0.032224378784287355,0.9464659384534073,0.7301264513113286,HIGH
0.23506117225534745,-0.5332418425231131,1.099103177933816,1.4701804822598334,0.5072660570487476,0.4499367869184068,0.2601364501624362,0.9285391059721649,HIGH
0.958392250323957,-0.47689785573610854,1.1100617182595964,2.0,0.5158390472650126,0.6087941972665594,0.18387058348267776,0.5088954670079778,HIGH
0.5825173875625125,0.1494793859306474,0.7471578886540498,0.6790899967556568,0.064143351594474,0.7222097482700437,0.35473223023084793,0.9569061181469364,HIGH
0.33029576100646674,-0.4871794042081693,0.4546821231683772,0.3095406715116794,0.21060495678275784,0.4790542030959555,0.7793328807148202,0.4568111870551617,HIGH
0.16416880572748543,0.29091942013422445,0.951928099392306,1.733889309041043,0.35460034462228956,0.4860885116475299,0.3469618725930011,0.8171875706868401,HIGH
0.23743658519150346,-0.2984457397272965,0.8756462729749634,1.382132094806704,0.6582542766556541,1.0451462857386973,0.7232347825936288,0.6961400735478714,HIGH
0.08479141554668336,-0.529474198456432,0.6190411694086931,0.2809808599521279,0.10746252374048591,0.4006030746140086,0.9399931135611386,0.6827883809529218,HIGH
0.4771784852320194,-0.24167984147115568,0.2915496300904458,2.0,0.6286275617664969,0.5029288266397381,0.14469644777488444,0.48063356464601104,HIGH
0.22660154894079848,0.12141702053764843,0.4459842435381739,0.42808813903484877,0.14129352959521038,0.8267820806357026,0.9107303294021415,0.8638038218745173,HIGH
0.5049241334099744,-0.13648837001102815,0.9701785178996147,0.6707865369050902,0.09280387637282193,0.6824785003291941,0.46786048515724876,0.8622066214396983,HIGH
0.6777853226933905,-0.005631750300224683,1.2634253274733298,1.2228347348569686,0.6131672280794728,0.19109841481019493,1.746735704965154,0.5650958441322491,HIGH
0.5102621187162486,0.27240713397115524,1.2242677323756248,2.0,0.7298216205985134,0.6101782450416907,0.4543397501711723,0.8964489810721112,HIGH
0.2991348957103131,0.43461700967911837,1.343543028215011,0.9613346603341113,0.3389915160163906,0.42501503203660684,0.3050033715342088,0.6878696411925301,HIGH
0.19865169908872118,-0.150240029607561,1.084210821284659,0.6152473241193132,0.4060824015689135,0.051581911496712436,0.6680161151196287,0.8403691738234768,HIGH
0.14303845560513595,-0.4585732465419866,0.8123994719205503,0.544072960366955,0.1712283078030694,0.40038384304475116,0.696099124127665,0.696662468958287,HIGH
0.8971128292469465,0.011959681147456807,0.763111350977316,0.6147566761329797,0.846254419825683,0.4126241069384307,1.9832799850549403,0.48002061802219553,HIGH
0.49440502872923153,0.17767282616371013,0.8211349202967172,2.0,0.33209968550632113,0.22445852531521324,0.3983859360482435,0.2343119884435111,HIGH
0.31276631860246945,-0.6335046285082192,1.2836918923571408,1.0625260040579725,0.7501360198265921,0.30519078854128656,0.4498795492366367,0.8293693618169141,HIGH
0.6169741820750873,-0.39405548474318575,0.9263003442089466,0.8647515982464841,0.08456280260530522,0.30836832969604855,0.3460786834190455,0.412890289473979,HIGH
0.8024570377556938,-0.3220584963044352,1.4667547001669992,1.392304416275642,0.6202534830177817,0.13112579658505513,0.5951110096345328,0.7390691340057053,HIGH
0.23059903028078205,-0.10728531926255815,1.2032082285394334,0.6504067361898446,0.5871098414401444,0.243877665558034,0.448729115595628,0.7086641588317794,HIGH
0.48369332317799574,-0.33963423952325006,1.1644009481738091,2.0,0.2295639461172622,0.11235761117031669,0.45369954674989843,0.7334445777696639,HIGH
0.49080244112654375,0.27695710454069783,0.1587194670050077,1.128837487754886,0.083654229804345,0.4687794209669103,1.4101850583259943,0.729187739718763,HIGH
1.0266718889377868,-0.6941559446125353,1.240857618030996,0.6027294257059622,0.30158543533881854,0.2012076070918057,0.33663468352628234,0.6731495852780651,HIGH
0.30933264851526737,-0.6834818528216583,0.7527043075609592,0.5050193137946305,0.5497593877243955,0.35214042016120883,0.6724235784701758,0.7728292584189199,HIGH
0.19247920035889893,-0.16023330083481419,1.1710921998905455,0.1398435947258813,0.29013071402009927,0.057495719607270866,1.3463885241994882,0.5601457758959159,HIGH
0.5228237633327388,-0.0937741777387398,0.3362784056693921,1.5143008686940629,0.1333399603317824,0.3302525149405957,0.4002598320661709,0.9482172509751623,HIGH
0.652829294355674,-0.6309504266004036,0.22437986685228153,0.19681933125650583,0.3733535917312481,0.4900145995448826,0.45833738057167817,0.8694394197634742,HIGH
0.45534103816391913,-0.2748345139119772,0.7832211099036687,1.9492320820774225,0.6412984821890515,0.1769343065953011,0.48243863744054694,0.4779879517219756,HIGH
1.0732039820349315,-0.1884384033160175,0.21053541937954023,0.36867957335713614,0.04815053639713266,0.5480371073839815,0.19976356353032443,0.5129101527084244,HIGH
0.3085625820232169,-0.18518513774930115,0.9644133403831542,0.4116580511108502,0.2054121550129443,0.15095626197690934,0.42608452044707784,0.763480482361685,HIGH
0.46364181231115537,0.0437902229815024,0.8016169852068813,2.0,0.3918995062122057,0.6514523188927447,0.1885153451456745,0.7594876803542656,HIGH
0.1097118622445801,-0.297863131457896,0.7038308376357953,1.4342477927312094,0.1508888639623158,1.3707630475766792,1.6947293082670045,0.5945830775854879,HIGH
0.1832377944354639,0.6006912460034748,0.468133591220618,0.8479141826712452,0.3694624344928356,0.31914798943130224,0.3684343957202567,0.856864825402588,HIGH
0.23184168571127478,0.18504594868810034,0.7845364429665566,2.0,1.1100245822417503,0.7389048624220566,0.9462837422283581,0.9219642631917735,HIGH
0.3499089877887205,-0.3589876786693552,0.614398851551942,0.7296689987880626,1.2014394569922648,0.2659953320978778,0.5814753819382693,0.8600138615188326,HIGH
0.12794153237262598,0.019694827214380647,0.38113386789518616,0.5272330403954013,0.5332938681067562,0.4188283158453787,0.2618893665783389,0.7108368822708357,HIGH
0.6109393264182409,0.032086433814354096,0.5315871631935418,0.9093558035140791,0.3544617459561412,0.3590331755130045,0.4181788161343617,0.6504313902941323,HIGH
0.21488037473206476,0.49018301928906793,0.3722612251530346,1.5879805715547748,0.7824079017591762,0.27721193708155195,0.3219889204295668,0.7002582377415939,HIGH
1.5412822290058392,-0.27216062014486747,0.8388519182883999,0.24678596169070052,0.37504860461145395,0.6798062268316913,0.28621834730405776,0.9373257916995146,HIGH
0.22137116098532447,0.3022822530426408,1.4373542638960959,0.40323954844814386,0.40614173058246056,0.6220617693626619,0.3343062361860763,0.8304823890264103,HIGH
0.42924515424743337,-0.002421120171359408,1.1290104843455653,0.31675588957148376,0.01951444018310797,0.7758111649148461,0.6549367303767113,0.4875353490274035,HIGH
0.39036353845485,0.6064579369084817,1.47500386119673,0.2689635952511508,0.7198331501600967,0.3491786922201124,0.6968712355362184,0.8059122062103923,HIGH
0.1697305622210281,0.5221744101085513,1.1546054786034903,0.6703680685091166,0.18124542373161523,0.16992973880398807,0.6802894591552979,0.7987509317510074,HIGH
0.3509475919238151,0.06273130792889214,1.4915879837336332,0.2633546590971348,0.7702603534310017,0.5664499268481855,0.6535127776056965,0.5437861822866725,HIGH
0.3476228616922725,-0.1301587008267454,0.5790031486364489,0.11944233078602613,0.1591450560914886,0.53814420052916,0.692123376458833,0.9280543381210737,HIGH
0.7437035193800142,0.1927744820653714,0.7565848725940116,0.40029572988524054,0.2539468032192566,0.20000902794918823,0.33163375749008434,0.8342161094523596,HIGH
0.5368379771019911,-0.09578901139340974,0.668434606462206,0.377167843652442,0.1551130864040931,0.35248267596761845,0.7861044853252809,0.7772218020902838,HIGH
0.6047300846016275,0.6857289845109007,0.7945402539488924,1.0819764557651916,0.3224585396792681,0.37075849427959473,0.2699683910556523,0.6379211345299697,HIGH
0.7327036215774823,0.012957432834345032,0.686195951866817,1.491666997700406,0.26316594078063876,0.27629135603132704,0.35112435045039436,0.7282217643233211,HIGH
0.6115468566943503,-0.1903699056553916,0.8113866820565829,0.4566223014096324,0.4049089048438929,0.6626776160882847,0.10162178052706007,0.5698460317816372,HIGH
0.48079244257502907,-0.21303833615104875,0.9332985886254331,0.407323691735071,0.5005281722095309,0.7810130987987739,0.2451228626745028,0.8770162340261437,HIGH
0.23006914429890163,-0.5294749457834571,0.633846739204652,2.0,0.4824697089363757,0.8261737982540215,0.6883119328457544,0.8116638089891032,HIGH
0.45888897148697405,0.2137548337991956,0.6575602621032594,1.4536788273447843,0.281125851708407,0.23735278944898588,0.7391097642419683,0.8747942275749314,HIGH
0.19513840443705438,-0.3644047051085911,1.0691923601240956,0.9952252523200297,0.11309998595600086,0.15451908547090498,1.081309715220202,0.7331763495460016,HIGH
0.3715766879929706,0.4412222659188537,1.117427883726234,0.5875255665988046,0.7874068621550876,0.027220925926779334,0.2544515036444489,0.843017168139058,HIGH
0.33574610298830365,-0.5630327226806607,0.9157408979005696,1.4308114674107133,0.3720794022280635,0.042484207020879475,0.27568890424606335,0.8159211562939428,HIGH
0.352362196962582,0.03344140856876514,0.7895794844456048,0.2917099261382672,0.6969446086517702,0.15411225919310742,0.20802867117265694,0.7698372094726132,HIGH
0.1291779840277484,0.4630939785689304,1.2769528620618888,1.4769036097019441,0.6001979698354218,0.28350451507922747,0.7016477636811799,0.792938633112207,HIGH
0.013799038786697151,-0.9239437671419272,0.15074436729014398,1.1207937918068454,0.002973220387206082,0.7033748049908952,0.2309911974834969,0.7079253101309918,HIGH
0.28951061620050594,0.8276715283927181,1.2961732012308627,1.2786626368207106,0.8411502030226226,0.14702874817629805,1.0609551030603541,0.5426805909965883,HIGH
0.8507147645473763,-0.19861978282320594,1.3090060841223101,0.8554130140714725,0.7289195188681599,0.4424853370242285,0.3367470985934083,0.5974717864229063,HIGH
0.4246112067414589,0.03926006050809851,0.42147029041479583,0.21457190837113335,0.595963901553388,0.8719281269702979,0.4929326316763745,0.8681133114025437,HIGH
0.8096390250962389,0.2200086747168644,0.5371288495694145,0.29972363558565285,0.33440634658269425,0.3313907505602534,0.5779235737542759,0.5134433768125087,HIGH
0.1962612105417693,0.2849742035685325,0.8017052181549248,1.1653514820749076,0.4846191582898743,0.1870003368758495,1.0638092866470505,0.5837730334519984,HIGH
0.2782525937049436,0.0950312540690665,1.3361616639863045,1.0793716819563208,0.6514377234960191,0.20462032063297714,1.410835280945323,0.6263431714182175,HIGH
1.6012059267543688,0.3989015251566744,1.3416849907575892,0.4993576640987521,0.13830928440705886,0.1478694320170507,0.6340963169253464,0.9464945230270955,HIGH
0.20663796176903,0.1980096994271613,0.8920677578689106,0.49070217988749487,1.053526941425508,0.6653556412886729,0.8049239969162642,0.7380339905580985,HIGH
0.5965471071795632,0.7195700788135675,0.3368441394057721,1.761965107214316,0.6728280672093159,0.18787183159696516,0.24571232705548737,0.6181079673435521,MODERATE
0.5958962715408189,0.19937756799893086,1.000011553911037,0.7725066831114656,0.18744810304488618,0.7540254113147333,1.322305164649148,0.48396754880188436,HIGH
0.5509751901963363,0.8051469183508966,0.30562694083304803,0.38151479365990787,0.43221627812131863,0.3008264683488309,0.830318277122382,0.9457304529411378,HIGH
0.6018145515138972,0.35845311289981546,1.1013228876614665,1.9590382066315861,0.6234382644593102,0.49542917003664066,2.0,0.6830042544500394,HIGH
0.20410136906082538,-0.7784150528226703,0.617079920191343,1.8363218277369955,0.6704853623924597,0.12572927675050702,0.5166500604173907,0.47325679691093137,HIGH
0.3006309232122964,1.0,0.8554882032287631,0.7714096501853495,0.3665859861473228,0.6591004638390457,0.27414105564142316,0.713378246442755,HIGH
0.021181025667129007,-0.2612245255604319,0.817364547442525,0.8978725138647169,0.3845689242598976,0.7529931048700336,0.3985971960268262,0.8453462460873217,HIGH
1.0494773481561854,0.6081284863847287,1.106072598868233,1.4572249524692384,0.399171237519714,0.12497853661346364,1.0462518380576855,0.562369532275995,HIGH
0.5993081045881735,-0.008746753889835871,0.34246361832924344,1.2256851926915453,0.3211557627738073,0.6497577996238848,1.3326932106603373,0.8382624104119553,HIGH
0.23206585807863225,0.4256579081930834,0.4903342705839248,0.20679738391090213,0.18578551147797454,0.32719684113609465,1.6979560942775305,0.6543066078318366,HIGH
0.19812506778130862,-0.30916114256363353,0.520448850006946,2.0,0.020789642231375194,0.5784916101955259,0.2902728040474175,0.5162541070614717,HIGH
0.8606250056815422,0.24281270809762692,1.3872891940314152,0.16660213368904256,0.8193169846410617,0.034475275789518006,0.16204659126552542,0.7407775458162756,HIGH
0.21862808586193383,-0.12634002906565028,0.6110078685673269,1.0717591845850947,0.14825389324006008,0.2922431935627646,0.47119876386704185,0.9448270446324312,HIGH
0.23146009937950535,0.6431813068677532,0.8655773612428033,0.25552421163082834,0.41020487955836926,0.25106177043949723,0.24423855227523802,0.7136197993081366,HIGH
0.16327862337988341,0.16424063031514394,0.7976163041826747,1.223998954206233,0.3330627936977849,0.16850978726244895,0.9498286336671294,0.569530862784472,HIGH
0.6788926880389877,0.37309590934665776,0.8212012374390131,0.4203009687435083,0.33703571823531436,0.15953947082204942,0.45039484511820815,0.6976427275045218,HIGH
0.8016703614254294,-0.9289122860186895,0.4883706672915274,0.4460343516944886,0.2448999753227434,0.06348904827601828,0.41312220912720726,0.7199737141751741,HIGH
0.33733066111290577,-0.05594052551122261,0.24478258035790534,1.3992461725096004,0.4122368944799275,0.9949998823408476,0.4147712362756097,0.7487603748325995,HIGH
0.8051791018687497,0.15243168672448423,0.5646188844209316,0.25538296566718144,0.8054796698365762,0.36406505265185335,0.38299583729527636,0.7282433144979782,HIGH
0.5184546903488406,0.07391826070467701,0.7202185836763366,0.49858412349064474,0.45048623092659723,0.7242015408697774,0.16085461521974112,0.8053108903456374,HIGH
0.15444112563478068,0.3836860297614972,0.5660937543488332,0.26492008205647194,0.5261428901088353,0.5305720296948772,0.25978695733750456,0.8202119751988436,HIGH
0.9996624373627899,-0.17367978295773087,0.2692595618025458,0.8485276265213562,0.08304138231459482,0.49602717309277883,0.821629032003557,0.6707910966259407,HIGH
0.16172090850995527,0.0004905841145448446,0.9836257413192353,0.2601644625916824,0.9004172046594916,0.5787956037104194,0.21905209682029275,0.631261075739287,HIGH
0.35641468968817885,0.47611524105429653,1.121775934775181,1.0059126984736955,0.4681984764586572,0.5280634928160279,0.8004803437986493,0.7481885451265716,HIGH
0.3380904378010781,-0.9770493814470499,0.6453860945077591,1.8199144497570838,0.5875062669494823,0.662507205611442,0.5631298050088626,0.948363322027224,HIGH
0.293278049236878,0.22752721068810333,0.5835297575425891,0.08722258334217162,0.31972455727137095,0.6615018873940826,1.0500437154072575,0.7375430440745928,HIGH
0.057764410440064806,-0.16023162691729237,1.1198362227530942,0.42212206233555993,1.241897375249008,0.3134682293206326,0.5209814986111114,0.6650592385612892,HIGH
1.3907940421736908,-0.40317361231252097,1.4037311042965934,0.2895865469036579,0.4939610737644744,0.34484394243513516,0.27496005449112,0.8059399277881973,HIGH
0.06744829658483197,0.12134857419591162,0.5378603839249765,0.2107658673026405,0.18941092945372384,0.37465263931525083,0.2658739657671803,0.5040231028089084,HIGH
1.0411032858013853,0.4955295446596353,0.7965601539497212,0.9861576208901264,0.11632956599790299,0.17850185738757385,0.11851484279899338,0.506097444340076,HIGH
0.1923200086712446,0.41644040922335596,1.4869021878372863,0.9019037183033952,0.032880890582909786,0.11833893551671787,0.2923829700290476,0.7574239343924962,HIGH
0.2504371361729917,-0.07674747298078402,1.2296492823243441,1.994681553235818,0.5584690484414889,0.02762664519402702,0.43812514257686247,0.7519525742179033,HIGH
0.974386360040441,0.34781120477959837,0.3629387836119598,1.295138612279103,0.2455357072437151,0.23561192545715767,1.1323731113178925,0.5961860381365378,HIGH
0.5585788844486855,0.34458851734725454,0.6828477516181788,0.8039831648005669,0.6146702397027073,0.3129320868382763,0.8249534450729056,0.8049569891481102,HIGH
0.11350434464038887,-0.05669593360713007,0.29948146005552817,0.9532258972004555,0.7362680552571533,0.38102667017702446,0.401684508471268,0.736387240945026,HIGH
0.11117391746888668,-0.31109383183504735,1.3205746274023005,0.49770763616565017,0.27101802857659824,0.40135484228062973,0.23025643316445177,0.7249658093484364,HIGH
0.5018318947909413,-0.28679829307137855,1.2509329523169062,0.9769770353300364,0.0782201986608358,0.3320910054782075,0.7160531518211347,0.8165755007162054,HIGH
0.1591742673027288,0.3318984065246175,0.39664316910586567,0.16862386906708624,0.9278488416945052,0.2633593153771506,0.3109741531586791,0.7240399893333705,HIGH
0.5772230739616057,-0.037701661759330096,1.0883514427593173,0.6891572701590769,0.29661112045570304,0.41261912412525653,0.23351385148871395,0.7335946858049976,HIGH
0.6191100321189789,-0.4593965322868471,1.0770246692073968,1.0952681867568494,0.6809165873529817,0.2227750303646805,0.7206175408445827,0.41884874451331655,HIGH
0.21048379205095458,-0.7276423909138324,1.1441754093231318,0.6603007159153744,0.2134818213826744,0.1065272711211951,0.26001568812950654,0.7541683689528533,HIGH
0.26167209276549275,0.32936920988047935,0.9917241237897166,0.43682166234177,0.10030497920253333,0.4583590587033334,0.9136161665535985,0.8290465164090506,HIGH
0.5136269201439619,-0.24964693735097399,0.3129778592455912,0.8320664032732812,0.4820043690007285,0.18555807367740546,0.12453445788358151,0.7019552070886156,HIGH
0.20261064903807466,0.1187628573755123,0.9737517702263546,0.380371572271734,0.36406224039082824,0.336327572322684,0.2578877875161443,0.6735487165183751,HIGH
0.42504930929841644,0.5006769009690318,0.7368155724950646,0.6284604711395643,0.46578372025846476,0.9154216724675551,0.24631461111010478,0.7605827912723062,HIGH
1.6639382641471496,-0.5697482802784637,0.6300212458226053,1.3856105112832422,0.171629435445417,0.2789389211981427,0.8606841063967092,0.8389461389743738,HIGH
0.5312894146265958,-0.038957699815394875,0.45036640289651386,1.4480262323751378,0.18021091281916177,0.39390409600738785,0.5027373582660725,0.9114084730829703,HIGH
0.29657281879758657,-0.09169154141192527,1.1241359379032554,0.9165554797559615,0.9349012398402362,0.1069471373415516,0.8457258770860226,0.8592219553122581,HIGH
1.48325700694585,0.13949200776374346,0.9289195833707128,0.3155327596951174,0.8717837062965688,0.7979869891540768,0.2069470315069758,0.7912593300518048,HIGH
0.7125376939391158,0.5004471993365825,1.262088794855817,0.579691739682019,0.3192633026306476,0.3609669716072914,0.8265995129106333,0.5097394727345277,HIGH
0.16271108433913656,-0.5783697621582113,0.5060764197427671,0.8438559963397559,0.061040256998829805,0.4017239820629086,0.7745001326628665,0.7340707005315349,HIGH
0.19150793942626643,0.21931513845642212,0.21458495583203863,0.4183070185092933,0.17342665610305283,0.12490016821706926,0.26172748899527437,0.535954835094327,HIGH
0.07672474955490656,0.4132399854973546,0.7965430711627866,2.0,0.2529618295168675,0.09136677796353876,0.2796555264037115,0.8836557246976909,MODERATE
0.5069456878545999,-0.09827836686184874,0.8042457631803159,0.42673816489728095,0.6637089207711985,0.08188175921827155,0.2836570058082289,0.5076627554135782,HIGH
0.04602972610807383,-0.07772773701511189,1.394608198306101,0.8007560926742737,0.29866630602886457,0.17299993299631786,1.4907735889252642,0.5925679965567078,HIGH
1.4820739535408063,0.15574873497366737,1.0167747809128407,1.512502900494522,0.3821945151189544,0.636129340012473,0.476487576322457,0.5439143724546658,HIGH
0.3254526593242972,0.12482317271371103,0.3087549465890434,2.0,0.2345486876300487,0.9400000830832801,0.18482841183748502,0.8508514559094245,HIGH
0.7429040089079708,0.22458809509419148,0.9228338136794944,0.3090590694081304,0.14757914985291465,0.8844724721059909,0.2720956558368824,0.35215223143019553,HIGH
0.30272154303085863,0.21573782108851103,0.8537156532165838,0.17439277705473377,0.7194499494647606,0.34880513275494474,2.0,0.7408499055859395,HIGH
0.5005586806714521,-0.4324283683585735,1.2684634809976383,0.9082828186730119,1.214929978057258,0.10005168674899413,0.5611509292658795,0.9003470031003017,HIGH
0.3601682930919702,0.3959119290360762,1.0618858534982367,2.0,0.8282629996994066,0.2340065873302196,0.4350906006466629,0.7261161407184372,HIGH
0.416017139037549,0.4700489281199,0.9657312287166812,0.20540702320032125,0.3680091319836307,0.09710221647371646,0.1223449631939561,0.6130176704383025,HIGH
0.9039747555936213,0.05815481534992524,0.6762833822317723,0.5975825817170476,0.5173526647412588,0.38026794598001096,0.24239977823630565,0.9317995707856747,HIGH
1.2040544382767906,-0.6475452287508601,0.679298541813429,0.9679494030046166,0.07235978075957368,0.3521727428429569,1.070867125252759,0.5694032790954678,HIGH
1.1430179026325153,-0.06819319652003804,0.9455479361291275,0.828534341774922,0.2536378233018371,0.14289483286905563,0.5779442204841828,0.7517055590732293,HIGH
2.0,0.0616504683150387,1.0779514310037561,1.082215489592576,0.17888966950842555,0.14672019884211895,0.2496566938976879,0.7091353600487033,HIGH
0.22217448423295758,-0.5007320998704632,0.4437348388002367,1.9140858255690911,0.45263427756578195,0.36299509905681027,1.960378035881695,0.6893237891421904,HIGH
0.5361336423651755,-0.17125798670234563,0.9675013218337241,1.533866301738151,0.2648839683527652,0.282444262783832,0.5672598093665352,0.7663871771838238,HIGH
0.2265938455013648,-0.6119351427745876,0.8503886140764917,0.5867484731182856,0.37449372949743076,0.5049092053122548,2.0,0.754730089053696,HIGH
0.8790974543174043,0.23506273449430645,1.1317698073930482,0.20205669705159418,0.3256499781046738,0.7062049305118068,0.20821984273658403,0.6521038919988631,HIGH
0.17001662867186998,0.04970123225886153,1.3970376154869997,1.615127712258931,0.049848092503468555,0.22375743844272752,0.15873750636528278,0.5856418078810529,HIGH
0.9145831317734214,-0.7112289292219827,0.22606018540936607,0.5960147393167988,0.2980864734011452,0.04443397608921215,0.47195127330783904,0.7718295326984783,HIGH
0.4667142066355992,0.12761524186443185,0.4265398561422601,0.8201384690030102,0.11751949070681665,0.7623884075089424,0.12445419209386695,0.7765364012311209,HIGH
0.3760971922537913,-0.043733757903922324,0.6827787163380941,1.4252527476443548,0.30719060542671217,0.9289467201588122,0.3660921283799347,0.7595595270272829,HIGH
0.4097245394894541,0.19689399875685,0.5914317880870844,1.5804462300356905,0.5901299036014783,0.647989068529473,0.7438734206317709,0.6988144355600876,HIGH
0.14347489596474372,-0.18444362217727966,1.4857915621379765,1.3680031057658038,0.25524753087501,0.12588070737016,0.6830673852804172,0.9258165001557178,HIGH
0.15513074676341596,-0.35662134831207015,1.0797615441753095,2.0,0.43346303736302644,0.11182484354984967,0.558540615600948,0.8768831253715048,HIGH
0.4728480438808583,-0.3437547431122789,0.7438872903127962,0.7529404841762162,0.21633924329143717,0.3750166379875992,0.25384467548550493,0.6117475176550502,HIGH
0.47050042747009446,-0.24603149095032995,0.7727803633765375,0.450289194236474,0.06195681750760701,0.21782270890979127,0.9275522854454572,0.5768403106160291,HIGH
0.23541446474954503,-0.012093459435960243,0.6290107240120385,0.3432261320092897,0.2897061814493217,0.6724926528678026,0.4321093008655662,0.7438985689819042,HIGH
0.3226542554698376,0.042142555478412655,0.4386775516583255,0.4724761883820634,0.14153103782238488,0.48032385469175903,0.05433624060216049,0.7699707781602415,HIGH
0.5688505001017581,-0.1001023486794032,0.6796217062433562,0.48874146478763,0.14577417193584435,0.2607109803770192,0.22089188797456644,0.7452195970695482,HIGH
0.20165581891865514,-0.19779421057853802,0.8295207304923703,0.9187513023722962,0.10947973642526194,0.7268789871297218,0.22396130169239375,0.8607746744778159,HIGH
0.06705934397576759,-0.16758937256230233,0.6591622944774993,1.163592089492191,0.4707435675516825,0.11317834315438456,1.0363463266950954,0.6401640005772852,HIGH
1.0746505713385408,1.0,0.6906593050480603,0.2996959086950124,0.7972225170379219,0.7559888786278693,0.2209760822485071,0.9188609097364235,HIGH
0.4973983488439884,-0.3437045636292477,1.3895880443920572,1.4281988610948972,0.9170960580259758,0.18829424454206986,0.6623768279108461,0.9681762054928311,HIGH
0.272101729405062,-0.2543482435894009,0.19030392060798948,1.5258473175736231,0.16753552918259929,0.6785815515665675,0.08864038838405044,0.6032075076023451,HIGH
0.22600589289522177,1.0,0.05544697933952185,1.183889330778267,0.1427280736666647,0.13759756583891836,0.7300395584333491,0.8573107204882655,LOW
0.1999332465244441,0.15682558703343205,1.0470163570714877,0.5315749123029553,0.5387289270007782,0.3070738810780606,0.11956617198254656,0.7637717443194756,HIGH
0.8767458670776416,-0.5995918796795522,1.2484907726931345,1.8669017180323622,0.4577706615827065,0.3886063822712671,1.0114311980108563,0.8359785167410909,HIGH
0.12125841114712638,0.33392862567045056,0.4053653007882832,0.7423995681857588,0.38491230292027284,1.48305891268161,0.43319203268527107,0.7161927368561042,HIGH
0.5351419059755234,-0.402216333464482,0.663197679800203,0.4029741286501839,0.5287424468525534,0.33561202225252423,0.8419053047066597,0.630192612224395,HIGH
0.534813023769237,0.36180583327814075,0.6434772608834907,0.29692070842182244,0.6776046516046943,1.0031457090141167,0.4138416094183143,0.852202429988814,HIGH
0.6874533142415289,-0.10860415733568621,0.5386475006809962,0.8630609488880874,0.28079504873738703,0.5639475978345297,0.28941858833387163,0.7821135152871534,HIGH
0.29386786997019027,-0.20471425678555108,0.35464679548930267,0.5395317038263558,0.3398180093827608,0.061300417420203444,0.1121894943155913,0.777964026185455,HIGH
1.0143275634290996,0.6558492869075847,0.5739687277508625,0.22541980886348634,0.2113349856271745,1.085890951342778,0.07665132608777406,0.8504170729452702,HIGH
0.7016310261672147,0.21788856811688284,0.5598971965051985,0.16408087857338194,0.16345384660700676,0.1771811750629462,0.2834388352931428,0.6538199469505643,HIGH
0.28585520962707234,0.38865556372866705,1.2549562559342888,0.9629991793698792,0.8241496888229339,0.07494045008795791,0.48575526873108565,0.6011209126593999,HIGH
0.21702563887278942,0.16266626539837747,0.7498238674191479,0.19284440313955642,0.43829899463767436,0.6115762089064201,0.169024263372653,0.6770880629275448,HIGH
0.36094377028841507,-0.20666669999310136,0.7237520685262145,0.056794063026246976,0.24777708029670054,0.30112649502227273,1.6464607612585962,0.8402095282914493,HIGH
0.278120945386408,0.2367688565084474,0.808254676810543,1.5411206238270667,0.40528931821421355,0.19128213811139375,1.17754224503106,0.9180497053277878,HIGH
0.18726082768402827,0.48787046492747344,0.342702523206203,0.33307640426549473,0.4555303018000883,0.2736165852206454,0.42945210497286795,0.7722684364420961,HIGH
0.4236189450557091,0.036589978277372426,0.668382570230669,1.0772721476987446,0.23390959309721968,0.2171484515474806,1.2823505739569099,0.6316539007165285,HIGH
0.32434587381317204,0.7366898938255325,0.5119582097743356,0.8498415436528544,0.1773042441258108,0.4374721479558204,0.4390860796142786,0.7299459510224131,HIGH
1.1774211062013358,0.3372046253448016,0.9578370055063238,0.44128819919183454,0.05381623076804011,0.10999444318032198,0.17208663821764852,0.6422238621097103,HIGH
0.2777529179535049,0.069032670904077,0.8405268586837171,2.0,0.22604842898011715,0.12275048208932175,0.38578162361328827,0.9081348995700538,HIGH
0.21533390428290108,0.0856243430274835,0.29406473064287986,1.2031602302893922,0.14745847073177376,0.334437095443452,0.7773017167228584,0.6666131884694625,HIGH
0.40318322589429617,0.03763959416640239,1.1058878056503412,0.7071384691745601,0.503586353036915,0.618871399834181,0.2549531900054918,0.8126894668293181,HIGH
0.48594995252886325,-0.5455202899498964,0.40330550266042137,0.361795606477271,0.32788709454103554,0.1624425805736748,1.4198044222777488,0.7862712975381381,HIGH
0.513489499261775,-0.05783032223961414,0.638138409090998,1.1359084499859229,0.9298549644052676,0.3714048735126306,0.32130466257777784,0.9251881506114292,HIGH
0.509856914860913,0.0728983238432902,1.1203627592835588,1.2644506312682375,0.6747793586177329,0.30166394265957874,0.8507694227258942,0.9643801862562461,HIGH
0.4136140948237641,-0.19475575093194206,1.395374566257775,0.7927658876240355,0.21340227718510257,0.7647138481502791,0.4095644831157259,0.6035966780065453,HIGH
0.39117999069096054,0.12182434785597183,0.9416269068895506,0.721363995467894,0.5919318179132584,0.2246012748894184,0.23422121933320242,0.8372987968617452,HIGH
0.6215970055252474,-0.011050854050853338,1.3044370138576944,1.2007746550110023,0.6426896167414681,0.8353017479345561,0.1533050799306328,0.8002095971924059,HIGH
0.1723586186292773,0.30495059426148274,1.2046613831133075,0.6942022254934982,0.3703475514419453,0.02182549024639374,0.9163092299297058,0.8231777211794222,HIGH
0.21667001176111317,0.258507200047607,0.9906855890008367,0.39659157380118193,0.4814162082371741,0.4423635614616504,0.6137984280817413,0.9082217287029769,HIGH
0.09250979769220097,0.050204380785633315,0.8652375537651265,0.2079257101105195,0.20410046027921158,0.5967392470502213,0.2694791910118361,0.9105338170408042,HIGH
0.17492736522293476,-0.5942294143468393,1.0774586186663153,0.6984221525325638,0.17547509248221205,0.506502112959653,0.9278656471134534,0.6329031815452955,HIGH
0.819032990265179,0.7321035502460916,1.6602663484613474,0.20138145536585592,0.10990554526330794,0.18618377468246672,0.27984658865531814,0.5076961981005496,HIGH
0.6032268667707241,-0.07959421939988015,0.6999099405968291,1.2755687492751544,0.12969617825766705,0.09670325676363112,0.5912655413511113,0.9016337534508982,HIGH
1.281751125587888,-0.05397231055195534,0.39317481850740527,0.6984758327250035,0.11209521674270591,0.28370907684711816,0.6633437480295804,0.7307192589820444,HIGH
1.0851178205827945,-0.16385875645374282,0.400658841894237,1.4150973017497672,0.1422619383835176,0.6706110539400989,1.8128434194809202,0.8743890745788644,HIGH
0.6068700117532728,-0.2251328955475253,0.8535209018987088,0.8986810339021216,0.16130850267800126,0.27810981372477406,1.7441256562838525,0.63498430425102,HIGH
0.4488307386917563,0.62850438016022,1.0508398851646845,1.0807029357783733,0.14002080001939218,0.6018854433110403,0.28362641818451056,0.9088117929992524,HIGH
0.40906521449676864,0.5621386145621534,0.2135066668943046,0.42878187779740595,0.022754168930201223,0.2825461864183143,0.23144007290241975,0.7137786894993213,HIGH
0.04249970711183159,0.16664522950262176,0.9763507976902325,0.6626838827324111,0.22075359303918873,0.3563173921221744,0.5517100963924936,0.7229220444103772,HIGH
0.3753924626674273,-0.06515006486090467,0.6247738782325608,0.8895568811680841,0.1297837034359338,0.09010915634235006,1.0083189886428074,0.8299647190838544,HIGH
0.25029499488177104,0.2400295537057763,1.2584681077812152,0.8152120048301904,0.16760418751208353,0.7945032777581507,0.0713821462764704,0.5144799723060788,HIGH
0.18206811332624626,0.010994732343136544,1.0840562305691188,0.789040920689272,0.6900524284158536,0.8941555924209214,1.47617446998821,0.651059171841778,HIGH
0.539869575495351,-0.09989362569570152,0.5983069880689912,0.29353442120599754,0.2585946081021046,1.1801484324563933,0.33998572492736995,0.5455895264838981,HIGH
0.34127979185637874,0.12200448703265866,0.4416755163928683,0.12261375803757736,0.4708820357519871,0.7463723847228001,0.9799860919699368,0.3825018174054606,HIGH
0.4281932753214851,-0.2052862537170868,0.6454765635635722,0.274456684715294,0.10273375607031719,0.2742287092061324,0.34380306622102325,0.723736634354818,HIGH
0.15867722439854454,0.08595099088144163,0.7104453784717184,0.03757320300887098,0.3835105225605656,0.5165418036589057,1.3799295932186901,0.8707180563109784,HIGH
0.7226022376890245,0.06577278876108691,1.1020217673237813,0.14389160639549967,0.7904884095304071,0.31154127846445573,0.3389468310700745,0.9304940540758535,HIGH
0.276661872364092,0.2332331289283283,0.6933910617079309,0.9374969978709761,0.07084279938172454,0.8407299669492727,0.8006672383342671,0.7554978177528018,HIGH
0.5194463778129382,-0.2800375221397557,0.30156025858506796,0.597120235912207,0.6247497450974056,0.13027135523314845,0.4936604669011122,0.5582287260161782,HIGH
0.29603878919577703,0.2782572682081471,0.9338863664657595,0.3758937494789506,0.2782754446617735,0.9754416076639975,0.16381737432041013,0.9269544497297579,HIGH
0.03303250815151786,-0.4006508270392122,0.9334741297573965,0.5878403745877534,0.6015493645232881,0.8534396650163769,0.32589094990523826,0.729274176976682,HIGH
0.5556025889550519,-0.26047799368092023,1.2105142612244904,0.09408634867138294,0.5463786509401029,0.3324590585740254,0.05806899396208697,0.20714756239648793,HIGH
0.3589705623642793,-0.2421485248412125,0.726094526409499,0.6851512400864197,0.677277694232916,0.508539346182779,0.28845499406116476,0.5455198769792327,HIGH
0.0857861125221661,-0.47026174439694485,1.0982724143489828,0.22352868709028437,0.6086363854203091,0.4028920040092637,0.6453574924759614,0.8992918382069816,HIGH
0.14112221612208073,0.40657815902197836,0.8135827442402511,1.6889275506514538,0.2483970048646572,0.47577275346842324,1.333499583819446,0.7767399061932543,HIGH
0.7372767425667645,-0.42700203999971487,0.4558608704571076,1.1165740949688028,0.35631951501048276,0.5052804942545849,0.47326992196141393,0.6187927752777952,HIGH
0.09041268694529841,-0.31354486171080215,0.2703158087879759,1.048685597201508,0.07367268910272128,0.32700815732420474,2.0,0.6073067160681297,HIGH
0.27074968922455506,0.5072712384043897,0.5503234758601993,0.8044471733811334,0.35762801886170686,0.1454183459340499,1.080949543633404,0.41785676261322807,HIGH
1.355773928739355,-0.25964473477853317,0.23017525006176068,1.1856823620684167,0.7437448860737144,0.32213969451931246,0.24236087244609772,0.7772995451370353,HIGH
0.5658895553289176,-0.0990199277580006,0.754975352136157,0.6879281553793057,0.7781958911764344,0.5256892678411991,0.5010298859676591,0.6961635265009634,HIGH
0.6681172094330772,-0.44505218038494504,0.7463077416779091,0.366876241492278,0.3431162880865249,0.29526567527636843,0.743155458040336,0.9409346213404302,HIGH
0.3184753717831213,0.3298395072015275,0.5504356514137739,1.0617988294302843,1.0265032265680822,0.36414637439184744,0.34874132553054554,0.8348254389534593,HIGH
0.07780068215571197,0.3356292225602473,1.4127145346366528,1.4695139665196149,0.5552514607279964,0.280280797177183,0.640001632418414,0.5454805429608839,HIGH
0.4592142727389099,0.2903572797318476,0.3066822407247455,0.3095035985001545,0.12712844756832026,0.08565789552531568,0.3016204271003276,0.6746773989954246,HIGH
0.15075197261773313,0.20576252784145635,0.674189649867852,0.1659992226656223,0.15124063592096776,0.2724441062784104,0.48947110089437684,0.6723627956845553,HIGH
0.13719920783966205,0.0109074266281802,0.9088495715896598,2.0,0.7807293501383117,0.27221077597368065,1.2217004766049662,0.9014082207713313,HIGH
0.4207944600423487,-0.24023820011395344,0.280541441469096,1.8360076479024514,0.05327379644535657,0.5274803017993922,0.3241817029370443,0.6930095613822373,HIGH
0.1608890349847302,-0.3622871087997288,1.354218557842916,0.7458238585926797,0.5873749047019682,0.08331993624487422,0.1185812870394176,0.6294696412446051,HIGH
0.3851650832399567,0.5217603212399015,1.505190474706259,0.06962496185848588,0.46468117352722393,0.2990344473366571,1.7891530833172904,0.8137765015027988,HIGH
0.2229580421142495,0.30121779412516775,0.9918351658624877,0.8931572406032658,0.15338869106333786,0.6657527824999728,0.9342062778119518,0.9163503258717065,HIGH
0.37503068118514277,-0.3111877754241782,0.25370976916510585,2.0,1.2723581906648453,0.760389027852482,0.7164617684713728,0.7052688764761594,HIGH
0.25648243604650367,-0.003270657346283526,1.0922765985872247,1.178874146023551,0.2654397534818944,0.6345967148040257,1.4449013000887112,0.8062317929125444,HIGH
0.38305641656035905,-0.14604833905370557,0.6607138078973236,1.1098626552650415,0.25824036598783334,0.3632761983376036,0.976693173492523,0.5774574725265746,HIGH
1.0258304093529045,-0.4938484963964151,0.8238840770960364,0.7038162108078844,0.3122659798262257,0.14731504616298532,0.34549190689905335,0.6750255117476867,HIGH
0.6787037588180227,0.054613578180947,1.6324187681306337,1.038793402029396,0.47842279320622244,0.5213054759504235,1.773883235660122,0.8716384650400546,HIGH
0.35106788783075216,-0.1945069189804622,0.6930596148058971,1.174787938453034,0.9201473571045353,0.06906552381851432,0.6430119878494022,0.6403634940696407,HIGH
0.918176507837011,-0.42006539984418795,1.2106749515231428,0.8385867975746558,0.10455164722961408,0.8704398094094798,0.867842439802247,0.31347510583728294,HIGH
0.5248461344408604,-0.64123567273954,0.31295659082508936,0.6269275823133337,0.39143432926398813,0.11763043337724716,0.08112925971232587,0.6804050063441055,HIGH
0.8758951337103456,-0.6767974700863819,0.9916200606105489,0.8491593733452091,0.44440970243619465,0.6424684361653793,0.1931231265012216,0.6166948908028212,HIGH
0.10141194481738289,-0.17599897363174857,0.18127337381769812,0.8198096839883628,0.1278172503221121,0.07000882128749775,0.15391729490991987,0.8848291683741556,HIGH
0.16261401920052743,-0.05573988757846457,0.6275166443837878,0.08749474529550237,0.40924352451051693,0.42901749320320814,0.14333726736156358,0.7417703047763864,HIGH
0.4552385552615529,-0.3876263402681728,1.062972544446015,2.0,0.26279407149881706,0.6219237390869398,0.7633082089929513,0.6256153172267253,HIGH
0.34432339868024237,0.2533105596160356,1.142360778069172,1.1104811241807766,0.10614369988797248,0.16003252477760904,0.23407452577618934,0.5403118836674027,HIGH
0.38375507936492825,-0.047529547548844184,0.41355265566739013,1.6437221036968925,0.7458003690830578,0.45194372299655305,0.6195006678252871,0.4821483516743709,HIGH
0.5872421626435005,0.22229183045143305,0.7972814982555596,0.9161981738276674,0.681899764418568,0.12891706849178916,0.9563942500185401,0.872958847865413,HIGH
0.4586263798019709,-0.09682253187883727,1.0560683629859446,0.48259574239235004,0.36921189721092285,0.4753798079215268,0.28266137325237684,0.833190495004512,HIGH
0.7244118372865799,-0.35058940678698447,1.089935466447742,1.4101367683979624,0.20892187387917535,0.04901754929487545,0.2292404261769901,0.878381623405409,HIGH
0.7107784366232902,0.027929379878217846,0.9300375588939293,0.15580894996674158,0.3398698160076974,0.4377323564736678,0.08704041918792794,0.9579552821334146,HIGH
0.16975818470226028,-0.5503232950476954,1.1772980677909675,1.1431085841582906,0.04579794881682247,0.5814205862664473,1.1635512102053098,0.8205231468531611,HIGH
0.034714677884163984,0.2065641786673921,1.242746316617219,1.3989984597962692,0.764743562361705,0.2318011468574357,0.2938090803397531,0.8651825733083826,HIGH
0.15984555657648475,-0.41360266673551616,0.6690413749928357,0.6942693627182893,0.11147739510083153,0.3399821010556559,1.5019945288835137,0.7686074423756768,HIGH
0.15037777938263172,0.3656576611440485,0.6020225229201037,1.0651853631693673,0.27358108397558073,0.2522732605479344,0.7066543932536875,0.828733560595513,HIGH
0.4060183168537031,-0.16215141342160416,0.559033123305536,0.08942170608336118,0.452297105209298,0.23789409471923464,1.294395118817169,0.8849542330902591,HIGH
0.40209024949260064,0.4262640768501651,0.5614102587743609,1.0992810955290575,0.9607096184949422,0.12038008029488853,0.13025374785379495,0.5227988766888831,HIGH
0.3282778130222903,-0.49150173920709245,0.7308388787311189,0.5603891201076389,0.575537059853064,0.6035050192250973,0.8399298623070399,0.6408262142611305,HIGH
0.5394940790062522,-0.30466327430610457,0.5441399868755827,1.0690853653169747,0.5227817180273675,0.4787501975350967,0.8590992407337866,0.40153919660540927,HIGH
1.7564616307791328,0.13999267767639967,1.1375987937618486,0.7182805080628212,0.7444230178995739,0.8454477392073135,1.1155600456846892,0.9524278699980558,HIGH
0.3226317712515167,0.4716087792392371,1.3435251997167441,0.7113759576883205,0.3304664349638273,0.1607397880141749,0.2421034928738708,0.688953557876198,HIGH
0.46938611400264624,0.6799757414922672,0.8859322461531173,1.0931188377520316,0.44886759280921834,0.5330577648215691,0.3070133024296291,0.7549791470110178,HIGH
0.3836892722682359,-0.002626211254033433,1.0112734561385452,0.582931878174259,0.35956419267446244,0.320332350497095,1.1381497969073835,0.7926229610067714,HIGH
0.23767189502735703,0.7518531649304374,0.13735604118153796,0.6911423257169915,0.9948598982496999,0.46027068384961106,0.10277484308352239,0.9413169249672875,HIGH
0.5911210173875487,-0.14165911092668082,0.971066429898502,2.0,0.5788070501016017,1.140297633477225,0.21391710797445093,0.6777122069943171,HIGH
0.3101401814755569,0.44148240139244843,0.43289169633528435,1.7187077414751952,0.16745348189817666,0.68910780888851,0.8237307066376144,0.879824745323286,HIGH
0.19650443841848358,-0.4157160187229082,0.6318197880625688,0.626647717961642,0.9508458365069897,0.07928066316095489,0.34432079157950285,0.8467996132210364,HIGH
0.20967213144458677,0.15648421288256678,1.0347560843420922,0.7290181504025375,0.1695503158853096,0.007294659749781888,0.39709729794038645,0.4764024967700124,HIGH
0.7424921476456802,-1.0,1.0339063346100006,0.4549114675675989,0.11108767599527872,0.38446479516495324,0.030827842753282098,0.8042683511763175,HIGH
0.5807693953684078,-0.491068224894312,0.8314158057099575,0.5619821932480488,0.7590323239685034,0.2521841804777346,1.4213614744336136,0.7085899003388266,HIGH
0.26033236465307263,0.17600425519392124,1.0775238846628625,0.5835649377048218,0.5633540086369252,0.08360293579763654,0.3682134135983718,0.8393173772709293,HIGH
0.5331528096292706,-0.5712243179242199,0.3682764436067429,0.8081713160320595,0.4776422168017484,0.7468432286907939,0.7844592108762708,0.5966148550832218,HIGH
0.3871517262952144,0.15931883653145756,1.1937300425510464,0.10423871224354005,0.4250816873569326,0.3992259954756228,1.1620514616329123,0.8245188176786657,HIGH
0.4753657695318151,0.3607124107411926,1.1754596264617638,0.5497392320595552,0.618120744507232,0.19630471517120796,0.3885279824108739,0.7609835528243476,HIGH
0.23244704494978738,-0.2305544809416768,0.6117456998290695,0.4783268775564534,0.5569234959565663,0.17993381772260036,0.7919301041730501,0.7259011891564523,HIGH
0.15482968184030352,-0.4269602413831632,0.6246239906992115,1.874302626255875,0.23950838542114095,0.13812544704390234,1.4474274966028762,0.48005173241600746,HIGH
0.3087552384800769,-0.2191583786589903,0.9420684668374815,0.7227436289846554,0.8107412828660824,0.36987913515921694,0.9117586788911547,0.9264574006633166,HIGH
0.18029075047933002,-0.4256411740573579,0.7452483027513619,0.8910426242365314,0.7717449950087467,0.33866426323066656,0.6804195555556288,0.749183009534876,HIGH
0.16847613393316263,-0.06250969436668542,0.38086301536511646,0.5374132065330175,0.24318937990355122,0.6461037487403393,0.9066815308723906,0.5575446256732848,HIGH
0.1075741808443994,0.022878062452994338,1.0166438863972633,0.7272046488450046,0.674304798943052,0.4249540688602359,1.0026743083477567,0.75150251545031,HIGH
0.03507325942021042,-0.14852425170065967,0.40473512734314687,0.5619783576402644,0.3809934714023498,0.6951959527568454,0.4691154796571969,0.86220087179422,HIGH
0.2641695140260426,0.6832308808784651,0.705491636084283,0.8171140677790913,0.626935803003694,0.3643578835915834,1.4710858678331455,0.458755945613479,HIGH
0.8394569436612505,-0.3221496042685296,0.24219434859472322,1.063469663450891,0.06108731330429434,0.38048477439736295,0.5833980610484546,0.6903234381068664,HIGH
0.7012185366679754,0.5644019352872311,0.9930536478979946,0.23350681667558137,0.7857982247252286,0.26197645755277105,1.0496675695424458,0.8843819372750681,HIGH
1.129716591025248,-0.45732047925108776,0.7250933779550964,1.1713642475178594,0.1588756927558158,0.14290420448050997,0.19876233946071703,0.49712274686439917,HIGH
0.16190775024369078,0.010566579375450559,0.9160120446607612,0.3384077408958896,0.230392523510637,0.058475724831587715,0.48911386603764917,0.8487985022719213,HIGH
0.6184766760249453,0.4769042715901891,1.2891095801086248,2.0,0.4351739162568577,0.3975170591350818,0.25337138207086557,0.849060991014066,HIGH
0.3497918574958456,0.4551700039463935,1.2988678345687328,0.8044035141328254,0.312811083440236,0.4865671876529016,0.7256667193822767,0.6773813875668331,HIGH
0.20998050907364396,-0.1965083170340987,1.017286294180787,0.8821083146972644,0.5052204534016953,0.6953893573051735,0.1823055166869943,0.534676553120759,HIGH
0.7746757210508021,0.2131292824299649,0.14742024115171587,0.9076905911153437,0.17108808133133357,0.3576013681251492,0.9128740069354869,0.9194952639480217,HIGH
0.35255592215710285,0.15689521513897495,1.095504160135403,0.7669644229771736,0.44015469384961403,0.5170564780029113,0.7734687546078681,0.5003064947501735,HIGH
0.06692815345205781,-0.24677445500895073,1.2980125846654005,0.41897967522558915,0.40424762972563333,0.5571102687098823,0.4361587910269327,0.7906387583128293,HIGH
0.6960058310626481,0.2386989736021912,0.4386185620310438,0.8837705786782492,0.6620486912271031,0.25447530131988993,0.9741782956455783,0.6306361972486512,HIGH
0.5069703712722681,0.7622467122619965,0.48008705915167504,0.8474814709617274,0.045249541456694804,0.6497662005102504,0.19980803047602877,0.7380711735975778,HIGH
0.4236673278385952,0.17811427932630486,0.6582445218278548,0.37843399680334106,0.35659878650892574,0.17950992348202074,0.9085359121853469,0.7226063510707279,HIGH
0.1333755767367963,0.21786967920968175,0.5594796096351324,0.23615258451674773,0.3925628993704667,0.12981057528090562,0.22244027129869856,0.9072364887939487,HIGH
0.4613651712979937,0.2623050908442971,1.189496187712133,1.4039081602839547,0.21136670802743673,0.42788115614956995,0.29305001479506626,0.941451607190977,HIGH
1.0276536100758231,-0.633610175089159,0.3581945962013182,0.5489922341176675,0.11227761001702495,0.5018944456857451,1.1642111643739241,0.8435234003938816,HIGH
0.4967968687084236,0.1732943627466413,0.5385990813390036,0.6560066309528851,0.40263812393083775,0.23028750753019298,1.1799976237539542,0.8361466000637368,HIGH
0.09213265317105782,-0.4470390214321815,0.15546862727169797,0.8503155594022606,0.17175774778669717,0.06617503837164208,0.7218381656992687,0.8396459600387044,HIGH
0.5245800855682834,-0.2677525150930759,0.5978025805102253,0.40964938080277946,0.283283670515186,0.05224171687596611,2.0,0.9205987151874454,HIGH
0.5005945665697736,0.8880155480991712,0.38425385398273054,0.9396306836989609,0.41368175005111585,0.5224600475319398,1.5680170252773957,0.7838088585123254,HIGH
0.654378281741586,-0.1263698760567002,0.46955224386890426,0.679977500819615,0.05208389351209151,0.1659952733915715,0.4325109186947188,0.9151993702595977,HIGH
0.49045172424375244,-0.3308731238035755,0.6970212146724871,0.7291517398197708,1.1619198927596945,0.2627084912065495,0.21759038459551253,0.7747724909064644,HIGH
0.1690032422729127,0.46408468313858464,1.5594707390788796,1.5944884066623457,0.5012684734017335,1.0560438255269704,0.9115504447984953,0.6193535630438058,HIGH
0.40660417565325063,-0.4180243411937983,0.8836910350480699,0.8276029047505292,0.25530607270146705,0.05045648948156145,0.6032319681098554,0.7194775736828489,HIGH
0.3130597247887805,-0.2079160405596644,0.7958390603374358,0.6318114148608064,0.3792687407346045,0.16552443383680257,0.7969797750235151,0.42758505781295875,HIGH
0.4438530415965184,0.50460191055419,0.8521069959455578,0.3128979059917005,0.1535039108990047,0.4418530171823176,0.8506488189726505,0.59263556235437,HIGH
0.7942522797820699,-0.002037622570657066,1.2584630344673755,0.904501497347172,0.05278201042256463,0.3759815750573831,0.2668186384884138,0.9260406840718095,HIGH
0.22236152251042748,-0.6758707589531423,1.0376020369885113,1.3646957671214108,0.19050631363077095,0.30039451869106637,0.202106711750116,0.5159049379293388,HIGH
1.2445018311122278,0.2084756380155,1.3015954243332906,0.6401923964141665,0.17202901307561813,0.04988399787543187,0.8089696450006073,0.7472986864104627,HIGH
0.5221243896013426,-0.18651567045953368,0.5449113916199869,1.3572487616965794,0.19200676283681734,0.34330277162558803,0.790211458058241,0.9837023094525986,HIGH
0.6987687025749948,0.6267376243427029,0.5784686094276613,0.9135912908668071,0.7011215066919639,0.744047632156364,0.14425920686805427,0.8328798950765832,HIGH
0.6346164957247906,-0.2745985180063361,0.3880716624869057,0.7807594042219803,0.5712933690191592,0.41679543344420955,0.2923863243180339,0.5768936957085856,HIGH
0.5070134960075751,0.42151490896488897,0.7425824640416382,0.9942032028378152,0.1693619748515039,0.07457596397078495,0.20308030483290082,0.40637236380433855,HIGH
0.5762574211167321,0.7257931735935998,0.6079085646230924,0.24511458386637008,0.023233028241359987,0.22897832038316837,0.5449882940500226,0.9837858991989342,HIGH
0.0035246552111798217,-0.3773961540008597,0.9721094089534703,0.5557699807666618,0.5993066980563515,0.8604798310746636,0.4873255822690758,0.7066702924925038,HIGH
0.6337758661347965,-0.10114946871844098,0.46747669397292474,0.5724849924906006,0.3575697823257867,0.9970998645133462,0.07809255505782364,0.636992522980737,HIGH
0.18123878754213116,0.14322261514066922,0.8158212676021066,0.6614528132909403,0.720930056583983,0.48194694584328607,0.5486587034923881,0.5933696170533763,HIGH
0.36904938382470603,-0.38008521607275325,0.766449420437314,2.0,0.6713668405406634,0.3575068107286136,0.6457304796515024,0.8824633122998761,HIGH
0.5044395514079276,0.09352387761728882,0.9413989500553372,0.7997946086118843,0.2703048368007321,0.609406529899299,0.6715003964959211,0.7737744148893717,HIGH
0.8187468619267199,-0.11446652075251677,0.5723634294053614,0.21055362262914598,0.20568950540471823,0.22345721972138402,0.20408045749824882,0.7195205395043272,HIGH
0.1812879526786177,-0.12292838006921339,1.2978045635421989,0.45534040556480504,0.23797017919632282,0.5093163004093771,0.5002563345230364,0.8380858650754398,HIGH
0.269633204246754,0.0005541249374068705,0.7077634454776263,0.7296032572217094,0.48773797716107004,0.20565915137306698,1.2789178689525509,0.5141292190492593,HIGH
0.3002681529328457,0.009931180542996968,0.6472374717681606,0.8252807434043312,0.29222543397803274,0.1421876598274417,0.29598950996784507,0.9033328777470365,HIGH
0.44787399730833605,0.04882992301193691,0.5431191017642716,0.03486441002877386,0.18290751129830363,0.058262652386929216,1.230075118438957,0.3920051227666011,HIGH
0.3153255291829905,-0.2715070650918494,0.31445332656709396,1.0563596080752962,0.195929508686992,0.7430353398562587,0.3509822778286335,0.911931964586217,HIGH
0.5781077426948823,-0.2531721242268964,0.2678996780919628,1.0883447188750566,0.12133455845586233,0.2671174232975183,1.0655305853314414,0.749652721532972,HIGH
0.07000137834602521,-0.06980678730642878,1.191540336043601,0.30051228746668257,0.8355278689727845,0.4714105513245043,0.7837414752022861,0.9660099708352419,HIGH
0.3468033896994125,-0.03879820931903398,0.33772978200683057,1.338616952629458,0.8939951020668782,0.49787088802984714,0.5289698599105492,0.5334382031697806,HIGH
1.0955990882676092,-0.204316722777579,0.21363977431342912,0.6366760232544116,0.21000334778232932,0.35557476606750216,0.6930824053921729,0.548532840733389,HIGH
0.3159903227117373,0.11605464967612768,0.8080114349723057,0.3539469024600793,0.6596150948048207,0.8017923980305273,0.9871483373462385,0.9614010412124339,HIGH
0.5235493122806307,-0.7821999344435826,0.964075198477981,0.281518340672681,0.13916045211106162,0.0346624828836139,0.1726222273119222,0.6270913348203075,HIGH
0.7340429669738584,-0.3267958287417597,0.4493880181838659,1.0406104157840277,0.251463831673271,0.48380197011208925,1.3595687737819058,0.5913005965405528,HIGH
0.5113183402545839,-0.1375696870051989,0.70914269198916,0.48044210386942504,0.5160645433612658,0.5262380910731929,0.7093727991096463,0.5681642417810541,HIGH
1.3181625248713642,-0.3795683785528541,0.7016895255884871,0.8890031189099177,0.5727653120012554,0.45182706567186537,0.2056708909820834,0.7127409849618388,HIGH
0.4138323884020944,0.6642631662197342,1.2220923160764445,0.2739122954676449,0.47694084348736576,0.6749658403202498,0.9881579559016896,0.8681197144382429,HIGH
0.5987506638920503,-0.012078024375520281,0.9491121091294595,0.577857876897279,0.12660254060531237,0.20806288438471598,0.5626118500717233,0.7453915783748932,HIGH
0.461681999801022,0.05424326485487939,1.2807904451392074,0.9932847687845546,0.7854842351770337,0.10592434780323823,0.8298755972646602,0.818223093044005,HIGH
0.951491579196692,-0.2229568973454935,0.47942879541021416,1.5615894706993203,0.10250210188690759,0.5603910539147576,0.4810836913445713,0.5065889915681735,HIGH
0.2804971788087784,-0.0266271465566436,1.1441846208084512,1.6759485791320434,0.4021161315549489,0.4671168978942832,0.9045850092315166,0.7200524428425533,HIGH
1.3883481066956598,-0.5304064550071482,0.710800494959294,1.540422392904835,1.1299011847338336,0.4698580883938838,0.3061757944680175,0.8564739694855832,HIGH
0.22709459196017126,-0.09132315515993085,0.8384220533962797,2.0,0.22509010778283056,0.14550926826927968,0.39031365459322587,0.35099895099385237,HIGH
1.1655783596748652,-0.4135435400102175,0.1600187879705043,0.8989382274054124,0.5638072953652402,0.4134076427571156,0.7783731617880557,0.7698463555758959,HIGH
0.162809657092711,-0.13650950559758823,0.8461282841943508,0.2665046574059123,0.46146570089338435,0.5237466299311888,1.3726082978003453,0.49369753354991064,HIGH
0.6124298930723041,-1.0,0.34193670198727194,0.46418930820192744,0.4815940973982133,0.5478600671458759,0.5265353915240676,0.9870521302659209,HIGH
0.3871522504930787,-0.49376134754628076,0.2658489121538223,1.6454517932684105,0.39247213769000794,0.1799718915544028,0.9341105802567052,0.7185193947625146,HIGH
0.7236074273643778,0.59484908989602,0.27993531603991484,0.41554795086705704,0.5094526979251038,0.37137419931976395,0.8775805639256893,0.9518817561136117,HIGH
0.5328700239139829,0.32876705462516775,0.2973675624445444,0.02208090041034959,0.3413412349765532,0.6188202305706911,1.3100849925081115,0.8921436627641651,HIGH
0.6967866247400134,0.5339965210843971,0.8063582402511275,0.5948532895118435,0.44071057191268515,0.272857895443829,0.23388496295060582,0.8550090305539562,HIGH
0.15765786547667116,0.5628429332617879,1.1298932819134224,1.319661322224914,0.5473907924449903,0.5712619780757148,0.6802891801985166,0.7784900433862642,HIGH
0.08463473383891498,0.2626547181490804,1.4098597568790245,0.4567710268461355,0.796317423620539,0.07943944857487524,0.6338899699516058,0.7348828461563879,HIGH
0.13480096228655494,-0.21020484785923668,0.4759114231553507,1.700807370034653,0.5277961748317964,0.24455926064471428,0.6804792762923445,0.3628117780467705,HIGH
0.13158409412883249,-0.45564539743156157,0.4554264277665407,2.0,0.2286184535283105,0.6680340082714067,0.34322634787841383,0.8078341911617433,HIGH
0.15590315594390225,0.46163273428887264,0.286311460799705,0.8834110512059365,0.3304029979228055,0.34234866948910236,0.5379189662425161,0.8502526000119619,HIGH
0.2402057460504803,0.0071185492427040115,1.0161886989612354,2.0,0.44571756832179377,0.2533128750478972,1.060323850016622,0.7640206043430199,HIGH
0.23842532872089664,1.0,0.6911950832156234,2.0,0.22310068086768695,0.48042477147159024,0.24551135123758955,0.8706469427428468,MODERATE
0.39414723663604895,-0.17334114992451674,1.241090845535409,1.3486126092042776,0.10957728492684693,0.31336137545875886,0.774683932941873,0.7824971465072257,HIGH
0.1929817171788159,0.8086162590078015,0.8293269498438882,0.9711650784828536,0.28812853960947193,0.2838343767017494,0.4502485438085374,0.832231459884651,HIGH
0.20668970920846721,-0.0858525520922172,0.3376445139198673,0.9094936833786658,0.27586583774482953,0.5901378510922369,0.6511155761219495,0.8145987484055134,HIGH
0.3311750500082874,0.5411404108486542,1.5283656179695553,0.6966596957624709,0.141222444638074,0.1643705199136717,0.43470399301003604,0.8679129063321176,HIGH
0.7927547985886912,0.6926105296376309,1.314484559433777,1.1151917068144876,0.2170932892003956,0.8803079953541821,1.05964667900751,0.5736778913311853,HIGH
0.27661430160855965,-0.4496389698358992,1.2428120463777892,0.09939390858291515,0.01777486157425067,0.04211031261686391,0.2093279472379671,0.6765413226788956,HIGH
0.37458658368921927,-0.22369919288216478,1.3805535480943532,2.0,0.20937090296859437,0.15477208391479785,0.6560464244963162,0.7316099866280006,HIGH
0.4222424473834204,-0.45385127479338294,0.3069697737749937,2.0,0.41648938684348685,0.3739626458780912,1.1218471866701,0.7372583284724255,HIGH
0.1728456088043158,-0.5365766850684539,1.1595036756858548,0.0905622990529342,0.25592648990475875,0.24226091441527275,0.6872512369310427,0.713020702652495,HIGH
0.29885998706323,0.26016807722047897,1.2647372351701744,1.2921159369189021,0.25221793833118655,0.6628165405573322,0.28351096327281355,0.614892377408535,HIGH
0.22106378508671587,-0.10258391550458905,0.7072874903003707,1.9826794667749297,1.0663162883776747,1.1169561951378413,0.27481464186696286,0.5714135704708062,HIGH
0.7419584670286461,0.0019938557398572095,1.0389379329300221,0.8209668889681005,0.48819709137536704,0.044403658212152114,0.6473693231321137,0.8331926802533206,HIGH
0.7004527135711198,0.21362043668877762,0.4574514061147426,0.6699462803075484,0.3852813439366667,0.12503019784473643,0.11008673253184059,0.6225186901951294,HIGH
0.20234990247041043,-0.8001024701602641,1.089057533970493,0.5584073519529379,0.4167378583472857,0.4487621961899135,0.7974860978689756,0.8392870910531889,HIGH
0.3691239295807516,0.520441721661963,1.493201438176139,0.47561358569389234,0.3202687729649947,0.037620389792643226,0.14937551411441785,0.6556103941451364,HIGH
0.5990840046248822,-0.16661954860276534,0.5967948978039097,0.9398746267907016,0.5286521039516611,0.05991344568021044,0.21286756421188233,0.8910868604825256,HIGH
0.4915668118582177,0.20360854861990013,0.3643843335127058,1.6914202935415628,0.6086624917062435,0.45941284096679047,1.5362435957854188,0.8579385571257742,HIGH
0.5304376299031973,0.24069939247598973,0.3851865859847648,0.1130701232522953,0.23798920488697495,0.2531328708454676,1.3528386165612447,0.916885220507746,HIGH
0.17379853733967263,0.555734555520813,0.8966482736227445,0.32455353079694654,0.24902252688575516,0.570599868824421,0.39485540338821895,0.9648756895172118,HIGH
1.137499146915644,-0.06404010286887409,0.5514582578975652,0.4476414635789005,0.8963574861348654,0.5499464872456662,1.1758762077078868,0.7681220805620886,HIGH
0.23630593475417605,-0.911927732798031,0.8273094702780331,0.1817708922319433,0.09258493071808598,0.5992058257079951,0.2853382543553838,0.7396314641788116,HIGH
0.23070218875404003,0.003993597650495558,0.39818972329089547,1.194006381128359,0.813853984335088,0.11310148000167143,0.8027621083539099,0.7029958670991067,HIGH
0.11960233640765094,0.06429688042787247,1.2287583311487793,1.0829290501296631,0.30096320354282247,0.13582837214214452,1.236322292751579,0.234324819711995,HIGH
0.34257118291196614,-0.45438956083884924,0.7211021074505342,1.4062766696382745,0.7424343717355489,0.07162724061690343,0.3245856436702963,0.6610465590375596,HIGH
0.850449335675473,0.04194607486183423,0.884836951296015,0.07091445260102038,0.17019090473547419,0.4303419732086973,0.14768073502730433,0.7607684526003137,HIGH
0.4879657485081217,-0.17162774258504254,0.154405498137707,1.2899761382338608,0.27366506854776573,0.2615517339449909,0.5968444545822195,0.6619875124316493,HIGH
0.3636603407642354,-0.5839566586986544,0.6096182941403271,1.6846543822390159,0.2673186888656587,0.13197898215443252,0.3121549902776898,0.7365740062031269,HIGH
0.6654694454007908,0.2620236559038992,1.0170759942643957,1.2110337186242253,0.2726921790812337,0.13397128587509372,0.33135944165190323,0.8918028250764625,HIGH
0.8361673305719476,-0.2567645633770743,0.5604755845841627,0.7715417881634146,0.5396577498361561,0.37755122859683776,0.2116837763610646,0.9267424638415521,HIGH
0.6993747780685252,-0.190679270189569,0.6289351997052307,0.6902700460420204,0.5793043532250277,0.8211809436335364,0.02675277183350171,0.7153270134539114,HIGH
0.06022468702873751,-0.2142831158605755,0.29324728462528865,1.0091741999819557,0.1152697515898903,0.2808934311191968,0.35620736645811724,0.9034739450942316,HIGH
0.6694483997460096,0.49890101093494155,0.9607027718868408,0.9242087289607092,0.4292254224806311,0.5132367740120594,0.3866920028539336,0.5724890140314486,HIGH
0.5455872063471616,-0.03718478794482477,0.6039917438514286,0.4595203023691619,0.04131664003209611,0.2543615649958042,0.28442842479838304,0.6905714058830722,HIGH
0.19849076374538274,0.01322192462924503,0.25466299362516653,0.07933402309403413,0.5124067967143885,0.7758392468398059,0.20491289998954249,0.9054058341933675,HIGH
0.5472124645086356,-0.20506718484228673,0.7201779370203731,0.5165036129768239,0.19074795086195723,0.9708737999783171,0.9990857754963118,0.7519864923542068,HIGH
0.8516101831659905,0.1744040653470602,1.0393999259872628,2.0,1.1183970880248346,0.43679272173820005,0.6904828424068739,0.6998426966608107,HIGH
0.24507381930312375,0.5467135803492821,0.6881035054621202,0.09577338626898409,0.2315176721149538,0.26007281965739193,0.15890364090122558,0.7049225931559671,HIGH
0.7339868956182197,0.25210154334433266,0.6544081292724909,0.9129276644958663,0.7863166724910027,0.40448313390879626,0.6213776336752358,0.7338150806876163,HIGH
0.4958120864934755,0.26848412376063957,0.8669811771731568,2.0,0.667510068543484,0.7117865889510078,0.25658360273265596,0.5505885873150747,HIGH
0.009865564143576653,0.2346166864714251,0.5478776722647549,1.4305035529561967,0.18453003322444622,0.17580789882714445,0.9411954983318385,0.3423448832950258,HIGH
0.3844516770491674,-0.5997019101906885,0.8244011705077007,1.5868836565196365,0.3299977633677271,0.2504955638058901,0.2884340018860759,0.7386880985949461,HIGH
0.48155058915792615,-0.3879699093136381,1.1884920668455923,1.4648877506254085,0.49600702139821745,0.489982258386031,1.0666111859696223,0.5792747475513323,HIGH
0.3084177200449018,-0.10609470531163304,0.9722124046199748,0.18410017392398087,0.14267731290318925,0.4558868202174694,1.016551228045886,0.8062721521602161,HIGH
0.5093299291411871,-0.3248628978471547,0.5751999712199941,1.8901074485347558,0.1876678204645959,0.6822400963356879,0.7465777843621325,0.8701311756517341,HIGH
0.35356778672141437,-0.46710555039751916,0.7386192747320539,2.0,0.7973836061839881,0.6794199231359114,0.2825534198667845,0.9400586691567869,HIGH
1.57425245443156,-0.806313811165641,0.6221882331428646,0.24744304919539667,0.9419152569316597,0.6607531559993677,0.4342297752215288,0.8955905446455845,HIGH
0.29134018127919786,-0.5855422695163393,0.8048822211219941,0.5545675395340784,0.7722524200587833,1.2058748763829197,0.4767329742864072,0.6578075920078658,HIGH
0.20350472491034574,-0.12774073408389214,0.2732063943903795,0.8303710357703074,0.2507633792249566,0.35499725191277925,0.5754717936224565,0.6366255514841823,HIGH
0.7085931795047903,-0.04915907406393148,0.43232256356247917,0.5601867927393765,0.16864767909125253,0.038446677153773604,1.1266109304127943,0.53993884140542,HIGH
0.32185940629184046,-0.3530825859748417,0.6049216786723416,0.4251967715517369,0.20595912327387686,0.03801956427857949,0.39763511028776727,0.6977980520867596,HIGH
0.36840354015128296,0.013148589326954913,1.3106404561639506,0.4340109055091923,0.33301797766573094,1.0630554986684768,0.9279876957583493,0.6230411582138805,HIGH
0.3445323519026303,-0.202210129181518,0.5438291678598428,1.2869074011670143,0.3993095147424191,0.33539823188033524,0.18775282252582004,0.902238000342183,HIGH
0.6817027142218974,0.43804090669701623,1.306320233452107,1.5540332396774301,0.2997303962992309,0.29312800029616587,0.30833411728098736,0.880935311331237,HIGH
0.1547895392372057,-0.08788282089043169,0.8607850033218449,0.4356308959429853,0.19736174715823895,0.8937724912686641,0.2613166540638283,0.8661108456325107,HIGH
0.7329728740272307,0.2724589701887204,0.3330893519029537,1.546914641550899,0.32639875178787636,0.3562249571085653,0.9381827634848772,0.4092830671319019,HIGH
0.5778631868539267,0.06534978016377085,0.7680754564755197,0.5581397393397839,0.16742046306971448,0.2001955208962858,1.2688046525475702,0.5970429533547448,HIGH
1.2470852747055687,-0.608869836482503,0.9416185111334913,0.2640309624763307,0.8445660843315488,0.6910235382978618,0.34569583962442646,0.8247783486672469,HIGH
0.45441288636537236,-0.05807643380961368,0.8560949118288022,0.9910208014057316,0.42716202746962034,0.7785751770377137,0.274559198245294,0.8242955550660437,HIGH
0.165505985238075,-0.5389621217180471,0.5858427708258801,0.8016729893786947,0.5594338530053088,0.5913870249697903,0.44511930684463935,0.5581393388431566,HIGH
0.45812214926300504,-0.06541075205110691,0.5604633749288368,1.018632267682218,0.08840764458194825,0.4499161893823935,0.24684985134481835,0.6047843442671258,HIGH
0.500742179978948,-0.33295494323688946,0.7079843067168304,1.0064550966172017,0.1073707590822237,0.4230218713134946,0.355309647404224,0.7022881232189395,HIGH
0.9019233284214252,0.1404244740636195,0.14760446852784487,0.9306472343574085,0.6373643459868337,0.31658411868939307,0.44576395550533926,0.460932238372999,HIGH
0.16512502694205988,-0.5837888217358045,0.36536388512293455,0.7322763033808679,0.7491985367160396,0.45010518983416054,0.44913015956695196,0.6802588510768135,HIGH
0.09222406805718698,-0.013825233382636377,1.2339748546462657,1.5230510564286512,0.7047146621509228,0.6383205463643313,0.12261842800564879,0.5602000119192299,HIGH
0.46522463491160143,0.22041454467654145,0.646923154179688,1.2187858558064741,0.3318529722419079,0.39123606559476093,0.3414587617849502,0.856260798368809,HIGH
1.2829083505948644,0.361190139109778,0.9368228272750915,0.5741693355867881,0.935582631457142,0.2768453850398076,1.479134492112635,0.7741255942225796,HIGH
0.6387556811067328,-0.3409504583113736,0.7893142605383547,0.5627598342949824,0.34659770792896066,0.4833894838638413,0.14523747831642322,0.6421665789898465,HIGH
0.6649519306867745,-0.012544591672986452,0.16802971957280147,0.167415395450279,0.26099293009527863,0.31492311805950346,0.5699948996846053,0.6813697280469909,HIGH
0.11646654783640296,0.05734172862286088,0.56659054093061,0.19640197197729165,0.16378734609758955,0.502975839214914,0.5304581519201941,0.8904197280526506,HIGH
0.40986019216108355,0.6297930374079626,1.1224360465318222,0.692444543936971,0.6183012870595863,0.6260683729697284,1.7670220787302184,0.5193600480470681,HIGH
0.9134899066704755,-0.6421586255150575,0.1743654178675786,1.3911429242715967,0.4209803252821247,0.2592724588854378,0.5521916317599935,0.4207566843610226,HIGH
0.5050880986587215,-0.40266306892984055,1.6470066247466373,0.37519244301334753,0.7694673352965881,0.39855208494100225,1.3989420175677714,0.6880608414324808,HIGH
0.08556362660220886,1.0,0.9675954385025959,1.258057351231296,0.3195995529063258,0.8854742020680033,0.5408863744565967,0.4287767659006304,HIGH
0.4037018548251193,-0.1347008592615094,0.8672009985564374,0.9063067004884406,0.1818385870304173,0.10217779827736526,0.33194566118876573,0.503000892420021,HIGH
0.6076628058989801,-0.8142174001593753,0.9358757031618484,0.3964610945269799,0.7751262958828979,0.282864391691796,0.5634586797934861,0.7949086861424249,HIGH
0.370923772972682,-0.2646710602062297,0.7373378271203107,0.8245364357592208,0.026379961002271274,0.6113596141548856,0.1815123020179119,0.504087147585146,HIGH
0.18446902241189184,-1.0,1.2755115910793597,0.8004426234025639,0.10547578255960499,0.669315612194893,0.5988231386395488,0.7040779752965175,HIGH
0.7236296077975674,0.08118669923158431,1.0214801217068232,0.41178332851527155,0.1290032195722108,0.3477115606934071,0.3577353818699771,0.37049952854090296,HIGH
0.2819735124151945,0.3201095993168518,0.15920597228544078,1.1998299390357707,0.15239232259446153,0.21850150046168612,0.3336443696686988,0.5104454254672866,MODERATE
0.5404608700355124,-0.40289819799087634,0.657321253932703,1.4853865795387613,0.2180067539027539,0.2631260522627769,0.9911484208549404,0.7935466799846275,HIGH
0.39557518795607255,-0.21770404734563284,0.6944107063928703,0.6160909416429997,0.2148869694962052,0.12097805416464452,0.41158088055869163,0.7860601018999436,HIGH
0.2732666640575626,0.36793474525494324,0.5990461013602271,0.2885099608520345,0.7470400088048739,0.7856607199318068,0.08581793565905506,0.7793773105848333,HIGH
1.378419810168409,-0.7550904952353495,1.1797772027599698,1.5351185047713924,0.23617275397241824,0.04285937140601607,0.7112800536226663,0.8402635135469868,HIGH
0.248460091058725,-0.5750599091238091,0.402713438588994,0.18387367978449506,0.7668111392064302,0.08168549826768964,0.819078676017796,0.8298603351801633,HIGH
0.4211784573124369,-0.11580837632056869,0.41412383039360023,0.9652819664350281,0.233417157531066,0.7275746143898084,1.9258784558753574,0.6885469190971747,HIGH
0.3946225833732429,-0.33598063173606374,1.2447764973810993,0.37480999721030844,0.525719126986114,0.31775788384156467,0.5965281423216602,0.707693897487864,HIGH
0.45664751789092967,-0.14342409693890687,0.4800100520145775,0.26604408930134327,0.35916423205245357,0.4143751440024625,0.3860885688790821,0.6216797410645599,HIGH
1.3115984542458374,-0.5507751341507392,0.7401947083917012,0.506529869923928,0.3436372390896863,0.24674065802043857,0.7191186683876089,0.8840962981643111,HIGH
0.6082168853313749,0.07001166408703323,0.29003408340984904,0.7996501406971906,0.2528374703343134,0.9335667908677607,0.19299096814738526,0.7243675465010775,HIGH
0.27109377956565445,-0.08267789577559526,0.9427464193994785,0.3215907089204017,0.3147691592960724,0.5432450906983234,0.3327484979751481,0.5783563059978782,HIGH
1.0500432866903882,0.21066000757787376,0.918442830552208,0.22540637480790418,0.057178382511995196,0.13397620155602535,0.7716486421590038,0.8605745373653414,HIGH
0.6838569480044886,0.06416779020172282,0.43491950670873086,0.12968440504359433,0.11956513671010958,0.5261337864137137,0.4343162456234737,0.9751972903643856,HIGH
0.27551182138778985,0.06680983044832986,0.5455293752685788,2.0,0.7462958988108205,0.20030163660578032,0.10768028575668227,0.8743215909037576,HIGH
0.9442155774432677,-0.6274490889026477,0.5221024998770759,1.022301399495312,0.6273634966436461,0.18946255257411962,0.4091108728731672,0.6379199488284658,HIGH
0.11515378611779334,0.1868884516908463,0.5323460861898143,0.3989870485090298,0.5033470656373659,0.26012705744681125,0.5573433900083073,0.34119039576476706,HIGH
0.14880715376094988,-0.15896388875786566,0.9700376796258788,1.059230601051024,0.5900828956664722,0.6902930211761069,0.42125732874196037,0.65048130774251,HIGH
0.07932034497376639,-0.08997128921283948,0.33258272725772203,0.7936923478446104,0.4826040714660915,0.45672755063718073,0.12275560700431712,0.5353383322221243,HIGH
0.044182344151130634,0.42027103808414007,0.7832192091923971,1.2893731562546988,0.34268327238915613,0.11493904737855723,0.04258035032438792,0.6898380414017152,HIGH
0.8991277021166834,-0.322162933737096,0.09411783819821108,0.6555317404378392,0.3627545107330609,0.5044221881044165,0.8712100377636108,0.5733008318503026,HIGH
0.46094162708257314,0.5474974179527802,0.998190020724708,1.4518676341426207,0.0547343514271531,0.47383193222497333,0.8075082451900957,0.8755997439461737,HIGH
0.08787039714535368,0.5866796257366991,0.7632280813604566,0.45004985533085246,0.34782025497086155,0.0213217512396574,0.30441192528194244,0.6233116614810114,HIGH
0.3867607364514843,0.2961694636930362,0.22165653038129662,0.9007460504413883,0.23326854561612176,0.1458429573139749,0.29437366313334234,0.782139510279837,HIGH
0.7497887753771987,-0.4318607405223172,0.6605883466424571,1.3896027567266611,0.5424981070454539,0.28734696763955336,0.39084464533788815,0.880504306440508,HIGH
0.2122330273943111,-0.9382431631633114,0.5563544782201375,0.9338731413462117,0.2513099227489728,0.16325122668886335,0.9022884028082141,0.7873445270328474,HIGH
0.3084680711121551,0.43311066398917514,0.7714889308282563,2.0,0.4757989169087279,0.2634570366650798,0.5620859707930788,0.6793972222880985,HIGH
1.421379570929269,0.02678172575905347,0.0797979651483345,1.2722006717444916,0.18064498012829966,0.37479259210642274,1.200514626790407,0.9247855115683057,HIGH
0.3316049161954198,-0.3329829377450142,1.154736755354958,1.0463931936883657,0.016652582325724766,0.4924508800475732,0.5518830658870137,0.9103472586604563,HIGH
0.09602870908607924,0.4728961843773531,0.5222478781439327,0.583160953694237,0.15217807721541776,0.2955238869289364,0.2565756879138513,0.7805475329053944,HIGH
0.25745446070151207,-0.38185472996868,0.21271661161095118,0.9150947072248227,0.20448200979932762,0.16940253862842738,0.3141592019414383,0.8561890230120751,HIGH
0.08128813849604045,-0.1981452084569959,0.5551366165180661,1.7440194656670136,0.2182573676459515,0.5822186951392112,0.729941763589782,0.8407004700049943,HIGH
0.6439932724187121,0.2004539530131375,0.5551789902767702,0.5248149896078177,0.09312899085909733,0.39103452428802066,1.395566771128392,0.7367338378237733,HIGH
0.18638876912641586,-0.4877131892782485,0.44102049190968295,0.3632579455020332,0.39952349039806134,0.32248966418683656,0.5816066085256184,0.7503758012737239,HIGH
0.1810280273362942,-0.0659819820349683,0.39240579432712364,0.5272575678190822,0.5516097756646905,0.4716933441911977,1.0092513890636874,0.8419531367196619,HIGH
1.506981951808153,0.4374376172436118,0.17699653857250544,0.5044186582077037,0.44005293064853995,0.06795164260012723,0.6737563252868164,0.7646760585465228,HIGH
0.13334526523776866,0.06866651232087458,0.8191246671571083,1.1510695821979475,0.19945401949996966,0.8597837573930334,0.6266800345670352,0.7529847507218237,HIGH
0.11034140184027448,0.5039190614659458,0.20025081132870043,2.0,0.24383161010062607,0.08817172292122698,1.5000374834765644,0.6840004261972874,LOW
0.15636463551982555,0.4561129903625191,0.6136711787228659,0.19312132433335205,0.11827691715366906,1.0210667308069667,0.2149367053946182,0.99751893779537,HIGH
0.7662057778920789,-0.016749899542919857,1.1143996976591624,0.8106803392892338,0.518840383321213,0.11610304304765967,0.39581775140125225,0.7190341357819136,HIGH
0.5849110601071589,-1.0,0.51072942616107,0.3229145744075815,0.371863175319592,0.5862542363005747,0.3433266010896773,0.8874624190593199,HIGH
0.25462945635860956,-0.48442436399042876,0.861572217841701,0.9951494384974979,0.38129896802946617,0.647828005122377,0.49864495573933737,0.8043550081248857,HIGH
0.23519714024187188,0.30060032720148555,0.508383608380714,1.0811354319824074,1.2555896762486514,0.47746129802598397,0.14149453516717303,0.8449104102761168,HIGH
0.5529257568056529,-0.6711055965198206,0.9299309577585392,0.5063472826996178,0.19611774119201006,0.43683604530364917,0.48184633167441016,0.5048741069603525,HIGH
0.47420977809048914,-0.157210887206519,0.8738696605995974,1.1736716797591884,0.21124611936567517,0.23638144432996377,0.295645580438594,0.4634100582004497,HIGH
0.3490793851380268,0.12216185774939357,0.9765918417991052,0.43877278370052036,0.20973440251093087,0.34992874051598255,0.3122187338760453,0.9614573998590318,HIGH
0.5995511597563694,0.5972196922198343,1.1598181298812777,0.43814369898626304,0.22188975540389616,0.5943324765874121,1.0718025946258103,0.6920514624926597,HIGH
0.14647395847497635,-0.2615082725108539,0.3519207720287218,0.3826285489545369,0.18273218219927406,0.1973901581150409,0.2685641879605492,0.5608042950772073,HIGH
0.18929750289558936,-0.29026483781491436,0.697336103575688,0.5319672548745573,0.14442380867181046,0.8426910589032798,1.7774899347474558,0.6884872137401515,HIGH
0.622262277449609,-0.0420272219281102,0.9799094986066041,0.751717990941026,0.4698399251350622,0.5594306510513868,0.5652616192066836,0.8212730041993533,HIGH
0.5032838285899945,0.127383447320243,0.209022108479061,0.6895420294541624,0.650605669371144,0.47217150346999,0.0591078656573087,0.41710816773681403,HIGH
0.40803784854688613,-0.0847836675063595,0.5844110680413815,0.8667040484678731,0.05931028626613068,0.09701213846260229,1.0104905387927707,0.5659028934177956,HIGH
1.4718294764262667,0.4206927065320404,0.5093960472294218,1.1316221536946875,0.5152573926171107,0.1056990858491325,0.04085822712185464,0.3035543375427098,HIGH
0.6958793296567475,-0.3556404098719582,1.4485666630632146,0.8751997089018196,0.8995632914521177,0.07830059452967736,0.17691390567116175,0.8093320987303649,HIGH
0.2611779527041929,0.03046759201919828,1.6078712639680806,2.0,0.2616418825599081,0.553965937428869,0.657755846323809,0.8627729617198814,HIGH
0.20463933148937677,0.166989338303748,0.34356526850351166,0.7933455876567463,0.3856752291407196,0.4053364583236136,0.41991089283217103,0.6217135241501663,HIGH
0.5210879130136129,-0.18809778016045978,1.005211856713939,1.3193861309482933,0.10333439335747699,0.1896483857146413,0.8038468983241032,0.2935613189368551,HIGH
0.8972130837958108,0.332678173355186,0.5370563073658302,0.1670101837323952,0.09420099016066452,0.28022040482760047,0.31463008882298493,0.42519347426882936,HIGH
0.06784909970824729,0.04256258732178679,1.3273736906836302,0.8668364175214994,0.3997344165186075,0.4596178263057638,0.31232063090257717,0.7510388133503647,HIGH
0.4936079076998627,0.31131519952395503,0.8620368410229848,0.6834171258119627,0.4709068318733402,0.43118387600990654,0.3573782878077117,0.4957015414821013,HIGH
0.3042833479997498,0.06152372538050942,0.8118106631352012,0.636113857136223,0.14619534065559134,0.13035522514573114,0.685284535665235,0.6655437327891629,HIGH
0.46083072074403314,0.13808992002463577,0.6357409789613802,1.7202098967743542,0.10915296397254591,0.8138852672015101,0.8193166509394982,0.9090146163054927,HIGH
0.10222838681857283,-0.28560453787672924,0.4909216636619537,2.0,0.4971265200783238,0.8516404514606457,0.18637608705310754,0.6797871359403834,HIGH
0.896771152287178,-0.2849241161803138,0.7416560746307332,1.140090666556165,0.5785875792332733,0.23503179537513852,1.1055889753153754,0.8299284640868565,HIGH
1.0654378024840043,0.4942465215700862,1.1269395385935375,0.12776035134302205,0.3778091068837085,0.12144839415254191,1.7161393846081567,0.46026502427534877,HIGH
0.6514022780862014,0.24691438669853957,0.6793408302180082,0.4847926270494389,0.4663156193929896,0.6659600087046497,0.48668498064104193,0.768193959448976,HIGH
1.2120297730722878,-0.44964536981340875,1.0214548658431626,0.19898586828150994,0.20026601042260983,0.2943478545675367,0.6021310360049393,0.4566464987358697,HIGH
0.29196645818832456,0.05596263835502921,1.2471963997173765,0.8499038897315286,0.19412430669798095,0.5107372423036559,0.2961043286969633,0.8327348309314999,HIGH
0.48495315807540657,-1.0,1.3518941103297013,1.0377181021900375,0.09334281630640001,0.5683189497245194,0.9805130957063823,0.8566353435033873,HIGH
0.6583076046494691,-0.26105486875375494,0.7750963118116189,0.15200714011385652,0.3764899118671798,0.2288753069169118,0.04331054732017001,0.9551956142581449,HIGH
0.5261672360258562,0.3836316241803604,0.360268754810802,1.92864571140049,0.24007339847574838,0.306858934709547,1.3318971203600218,0.9521997262841168,HIGH
0.32353894721072574,-0.072561147258687,1.463087389154397,0.2621798104777583,0.10260527336387396,0.2722585880146435,1.2338662736145676,0.5490530781198061,HIGH
0.35209562488293905,0.02952332125973311,0.8162585682567368,1.0030124513694016,0.26547985676807523,0.719602727269499,0.17255154882425924,0.29255486977129574,HIGH
1.0009110788601967,-1.0,0.5638211495300465,1.9005084935866166,0.3738882916215143,0.22540515362752622,0.2627662028931527,0.7030679794394766,HIGH
0.39221393101991464,-0.18474651961718372,0.43375980874015196,0.8622686841207351,0.3237617788258314,0.3774528530318587,0.43302474569485416,0.7617631254635463,HIGH
0.8621891720120995,0.12207433400742924,0.14738392593229846,0.4154326042122403,0.48494045139619524,0.7791277480594055,0.9063774653681067,0.4809523362515555,HIGH
0.37648298925959606,0.17542174766730267,0.9466454436104427,0.39449763183672654,0.46568923471816437,0.6232578013091467,0.12719468657454064,0.9012013059712143,HIGH
0.8586430864432335,0.38418939876043295,0.5140899349257553,0.8796649508276647,0.40296476204419585,0.41524892167349187,0.3257621840337736,0.7474523540719695,HIGH
0.425329288069774,-0.10830825574483986,0.5998996314038223,1.3212604609266316,0.2215746209422391,0.6806200594224862,0.7429589754013118,0.626094590646728,HIGH
0.6198719603882131,-0.08957544130214265,0.6385126182054018,0.9775475579695132,0.07222235278776049,0.22365339485418786,0.15828760007960188,0.5912670821422737,HIGH
0.22766150351357706,-0.5794893203521422,1.3251307222748625,0.3868427349666488,0.17358700388818749,0.23718652545207156,0.4574462688434883,0.5261689775797497,HIGH
0.484168105303803,-0.10589904645274317,1.04143849452854,0.670604395242845,0.12327604687808665,0.39875750293063095,0.5261000971465709,0.5070101585349197,HIGH
0.23059861756807376,-0.5498615262070754,0.943524109422302,0.34131718131562827,0.22536496003388495,0.7914118322382313,0.20938045207598274,0.3425437388166759,HIGH
0.2860720131412788,-0.7961054503182751,1.1353629939978769,0.3378739196073076,0.24604848512032373,0.9213599628764871,0.5066135278979642,0.5677811355281105,HIGH
0.30555368074638956,-0.4757753354464429,0.7257394935366771,0.3217997956482146,0.37117838674520715,0.5114524123767124,0.5403229933842216,0.8619156133243698,HIGH
0.34731542755999256,0.613647661277668,0.44391838571456765,0.5585529930312978,0.15291119276139253,0.3248962115686477,0.29285110545219906,0.6522845657342784,HIGH
0.7913722551722204,-0.13363570463557614,0.42897003394253713,0.7267025464449424,0.3383257068205443,0.46509543473824705,0.11175279501323548,0.6702950275263269,HIGH
0.27702582131926407,0.07234849246981362,1.126161559899577,0.7932281492699865,0.40278386324060406,0.3136534361449906,0.1011587541980411,0.738897111506761,HIGH
0.44769050624140017,-0.23566842550318354,0.8301557672268027,0.9398932498703709,0.28077262861756497,0.20366481715317025,0.7064537816103988,0.7061650426111686,HIGH
0.8605329199011207,-0.7720314281697969,0.5520618593903338,0.40655616575954406,0.3475336929826776,0.2848505349429767,0.7050017310981364,0.6356183956337559,HIGH
0.6106618617424138,0.373167512470477,1.3544307346170381,0.7385318825137319,0.6133380205708598,0.3570319751067386,0.3728878127554583,0.3722338459398832,HIGH
0.06952724956533923,-0.9323232187393472,1.0997241063365113,0.8095832802422973,0.6164146719385641,0.3664654103922675,0.42771062593103787,0.9108658490358407,HIGH
0.09931075329530768,-0.25301292425249655,0.9201037052950172,1.6178155532183713,0.38786611416226374,0.5326067395953235,0.3307131831714058,0.20555357593251308,HIGH
0.5333984737103661,-0.042938249957025665,0.8956886733997852,0.1575797558588698,0.4193038185656932,0.23295577517534635,1.1354936002447165,0.6818456274665324,HIGH
0.2654965003921401,0.07680565024053916,0.6178685039578835,0.20812512978368816,0.17955006655228245,0.950097620560248,0.33609605137520543,0.7824753787344941,HIGH
0.085159599208358,-0.3251172339021254,0.8970578669969036,1.0993201715356544,0.35252235326144116,0.20150811249558198,1.5357551831023537,0.6953789621309772,HIGH
0.24949175100846618,-0.7919438228830893,0.657206936448771,1.1822383408701902,0.25295061417713927,0.0875792489527538,0.24666976704114218,0.7898043073623635,HIGH
0.5480912776716065,-0.35645918278088407,0.58147362697125,1.102603920373254,0.3399998785046885,0.37482954946311403,0.9867944192591852,0.5995341286584042,HIGH
0.3027935846728557,-0.3344783548002582,0.17968261003206826,1.0943808516616356,1.180065277510791,0.4869525741083707,0.15873319962865176,0.8910398280513142,HIGH
0.4156103595559331,-0.3446992679651337,1.3039764186333653,0.17472427391936868,0.6063889201136105,0.10286591742594646,0.6291090781689432,0.5693528546960566,HIGH
0.32528143070375726,0.3874246078871934,1.064585212846017,2.0,0.8969741649819295,0.2662667073858435,0.13981754606485972,0.6783225312464597,HIGH
0.22064660968639366,-0.5297131668184397,0.8060918392808605,1.4948694043744322,0.7266655678103208,0.3758839501727831,0.295614857721138,0.5997201490621128,HIGH
0.4771961224676147,0.10641129526402672,0.9889508932045548,0.17760672860584772,0.4426258525856335,0.15815790623948334,0.9719149252457853,0.8930848196350187,HIGH
0.07548089517331008,0.04648475563152461,1.396382726852551,0.6031637128237971,0.643151513688505,0.21623621911053134,0.1457797396486076,0.7793030289429467,HIGH
0.1968368511982649,0.38339113253810136,0.675681320097602,0.5766147111572124,0.18384697470869849,0.1783205887481253,1.283040615512114,0.9843524545384263,HIGH
0.6940302859350932,-0.07591538612951111,0.30376990339956644,0.6867310453662735,0.42128614106196355,0.11485972740827229,0.8608102482098154,0.568430336967517,HIGH
0.10268194555076979,0.3122750062229746,1.0599007314752955,0.5194187044974452,0.33661444981184246,0.12559391882703722,0.8557833838041916,0.5133889973290877,HIGH
0.39980553530354207,-0.09233245799952117,0.7457009778171402,0.28141423890090955,0.062090353154839774,0.1684923227843973,0.8540760774310844,0.9254827318524008,HIGH
0.2836566951883057,0.16244486116561613,0.6833017752203949,0.8204578293986896,0.660442611724144,0.4274621213687373,1.3464547699067106,0.8303020721278214,HIGH
0.2617739632767795,-0.6512352566438411,0.18398637372200943,1.6894743960675447,0.9204950165904187,0.3036448952857536,0.6307452827682086,0.533711101914329,HIGH
0.74089555112822,-1.0,1.0263653194571716,0.5067472700912908,0.24401158436780968,0.5786303408835438,0.29472755898976444,0.7758611046273686,HIGH
